FileIsOpenedInWordMessage	The document is open in Word. Close it before you add it to Citavi.	该文档已在 Word 中打开。请先将其关闭，再添加到 Citavi。
RestartCitaviToActivateChanges	You must restart Citavi for the changes to take effect.	必须重启 Citavi 才能使更改生效。
SyncFolderWarning_NewProject	The selected project appears to be saved in a folder synchronized by  {1}. For <a href="http://www.citavi.com/{0}">technical reasons</a>, we do not recommend using {1} to synchronize Citavi projects.\r\n\r\nDo you want to select this folder anyway?	所选项目似乎保存在由 {1} 同步的文件夹中。出于<a href="http://www.citavi.com/{0}">技术原因</a>，我们不建议使用 {1} 同步 Citavi 项目。\r\n\r\n是否仍要选择此文件夹？
HtmlToPdfConversionHeaderTextForEpub	<!DOCTYPE html PUBLIC "-//W3C//DTD XHTML 1.0 Transitional//EN" "http://www.w3.org/TR/xhtml1/DTD/xhtml1-transitional.dtd">\r\n<html xmlns="http://www.w3.org/1999/xhtml">\r\n<head>\r\n\t\t<title></title>\r\n</head>\r\n\t<body>\r\n\t\t\t<table style="font-family: {0}; font-size: 9pt; font-style: italic">\r\n\t\t\t\t\t<tr>\r\n\t\t\t\t\t\t\t<td>\r\n\t\t\t\t\t\t\t\t\tConverted from the Epub '{1}' to PDF using <a href="http://www.citavi.com">Citavi {2}.{3}</a> on {4}.\r\n\t\t\t\t\t\t\t</td>\r\n\t\t\t\t\t</tr>\r\n\t\t\t</table>\r\n\t</body>\r\n</html>	<!DOCTYPE html PUBLIC "-//W3C//DTD XHTML 1.0 Transitional//EN" "http://www.w3.org/TR/xhtml1/DTD/xhtml1-transitional.dtd">\r\n<html xmlns="http://www.w3.org/1999/xhtml">\r\n<head>\r\n\t\t<title></title>\r\n</head>\r\n\t<body>\r\n\t\t\t<table style="font-family: {0}; font-size: 9pt; font-style: italic">\r\n\t\t\t\t\t<tr>\r\n\t\t\t\t\t\t<td>\r\n\t\t\t\t\t\t\t\t\t已使用 <a href="http://www.citavi.com">Citavi {2}.{3}</a> 于 {4} 将 Epub“{1}”转换为 PDF。\r\n\t\t\t\t\t\t\t</td>\r\n\t\t\t\t\t</tr>\r\n\t\t\t</table>\r\n\t</body>\r\n</html>
RepairIntegrity_CategoryCategory_ParentOrphaned	{0} category relationships were removed because the parent category does not exist. Check the category system (Lists > Categories).	{0} 个分类关系已被移除，因为父分类不存在。请检查分类系统（列表 > 分类）。
Citavi4TeamUpgradeCitavi4Pro	Citavi 4 Team (Upgrade Citavi 4 Pro)	Citavi 4 Team（升级 Citavi 4 Pro）
Citavi4TeamUpgradeCitavi3Pro	Citavi 4 Team (Upgrade Citavi 3 Pro)	Citavi 4 Team（升级 Citavi 3 Pro）
ProjectCloudUpload_CreateProjectEnd	"{0}" was created.	“{0}”已创建。
CitationKeyDialog_Name	Citation Key Settings	引用键设置
EquivalentCharactersPair_ToString	{0} also finds {1}	{0} 也可查找 {1}
MoveFileToProject_Error	{0} file(s) were successfully moved.\r\n{1} file(s) could not be found.\r\nErrors occurred with {2} file(s).\r\n\r\nDo you want to open the log?	{0} 个文件已成功移动。\r\n{1} 个文件未找到。\r\n{2} 个文件发生错误。\r\n\r\n是否要打开日志？
FullTextSearchNotIndexedWarning_SqlServer	The full text search will search your files individually. If you have a large number of files in your project, this may take several minutes. \r\n\r\nSince you are working with a DBServer project, we recommend installing full text indexing on the server. This lets you search across full text much more quickly.\r\n\r\n<a href="http://www.citavi.com/fulltextsearch">Please see the online manual for additional information.</a>	全文搜索将逐个搜索您的文件。如果项目中文件数量较多，这可能需要几分钟。\r\n\r\n由于您使用的是 DBServer 项目，我们建议在服务器上安装全文索引。这样可以更快速地跨全文进行搜索。\r\n\r\n<a href="http://www.citavi.com/fulltextsearch">更多信息请参阅在线手册。</a>
NotAValidDoi	This is not a valid DOI name.	这不是有效的 DOI 名称。
CopyProjectNotConnectedToCloudError	It's not possible to copy the project because there is no connection to Citavi Cloud. Please log in and check your Internet connection.	由于无法连接到 Citavi Cloud，无法复制该项目。请登录并检查您的互联网连接。
Transformer_AddFailed	An unknown error occurred while adding the filter.	添加筛选器时发生未知错误。
PreviewControl_StatusBar_ZoomOut	Zoom out	缩小
ReferenceSelectionDialogTitle_AddToFilter	Which references do you want to add to the selection?	您要将哪些参考文献添加到所选内容？
MoveReferenceToProject_DuplicatesNotDeleted_FilterName	References not moved	未移动的参考文献
ImportWizardTextFile	Plain text	纯文本
QuotesAndBraces	Quotation marks and parentheses	引号和括号
CustomImportDefinition	[Custom]	[自定义]
RemoveCategoryFromSelectedKnowledgeItems	Do you want to remove the category "{0}" from the selected knowledge item(s)?	是否要从所选知识条目中移除分类“{0}”？
PdfExportBackgroundTask_ShortName	Export PDF annotations	导出 PDF 注释
SaveFileAs_Description	Select the files to save:	选择要保存的文件：
ElectronicAddressInfo_CDRom_LocationLabel	Electronic: optical media	电子：光学介质
AccountLogin_AdminSettingsCitaviAccountDisabled	You cannot log in to your Citavi Account on this computer to work on cloud projects. This option was disabled by your system administrator. <a href="https://www.citavi.com/account-disabled">See user manual</a>.	您无法在此计算机上登录 Citavi 账户来处理云项目。此选项已被系统管理员禁用。<a href="https://www.citavi.com/account-disabled">请参阅用户手册</a>。
MassReferenceIdentifier_Invalid	Not a valid identifier	不是有效的标识符
DeleteMirroredLocationForOnlineAddress	Do you want to remove the corresponding location?	是否要移除相应的位置？
BibliographyGroupingSet_ImportError	The selected file is not a valid bibliography grouping	所选文件不是有效的书目分组
ShowResults	Show results	显示结果
CitationKeyDialog_GenerateKey	You have modified the template for citation keys. How do you want to proceed?	您已修改引用键模板。您希望如何继续？
ElectronicAddressInfo_NotAnUri_LocationLabel	Electronic: unknown	电子：未知
FilterKeywordNotFound_ProjectShell	The keyword "{0}" ist not assigned to any references in the selection.	关键词“{0}”未分配给所选内容中的任何参考文献。
ImportWizard_tabularDefinitionDelimiterSemiColonRadioButton	Semicolon	分号
PdfImport_NoValidPdfsFound	Citavi could not find any PDFs to import.	Citavi 未找到可导入的 PDF。
ProxyConfigurationUserNameMissing	A password is required only when a username is used. Enter a username or delete the password.	仅在使用用户名时才需要密码。请输入用户名或删除密码。
ShareWithNvivo_Success	This project is ready to be accessed in NVivo	该项目已可在 NVivo 中访问
CopyFileToProject_FileSuccess	[Success]             The file "{0}" of the reference "{1}" was successfully copied into the project.	[成功]             参考文献“{1}”的文件“{0}”已成功复制到项目中。
HelpContextCannotCreate	Could not create Quick Help file because the "{0}" template is missing.	无法创建快速帮助文件，因为缺少“{0}”模板。
SaveCopyOfDirtyProject	Do you want to save the project {0} before you make a copy?\r\n\r\nHint: If you proceed, the most recent state will be copied.	是否要在创建副本之前保存项目 {0}？\r\n\r\n提示：如果继续，将复制最新状态。
CreateCompilation_KnowledgeItemsWithNoCategory	(Not in any category)	（未归入任何分类）
CreateCompilation_CopySuccessful	The compilation was copied to the Clipboard.	汇编已复制到剪贴板。
DeleteEntityLink_Smart	Are you sure you want to delete the {0:selected link|{0} selected links}?	
RenameFile_FileSuccess	[Success]             The file "{0}" of the reference "{1}" was successfully renamed to "{2}".	[成功]             参考文献“{1}”的文件“{0}”已成功重命名为“{2}”。
SearchForm_UnexpectedEnd1	The search string is incomplete or not valid. You may need to place the search string in quotation marks to ensure correct interpretation of special characters like ":" or "(".	搜索字符串不完整或无效。您可能需要将搜索字符串放在引号中，以确保正确解释“:”或“(”等特殊字符。
SearchForm_UnexpectedEnd2	Unexpected end of search string. Expected: "{0}".	搜索字符串意外结束。应为：“{0}”。
CRM_Email_SubscriptionLicenseDeactivated_first_paragraph	[EN]Lizenz wurde deaktiviert	[EN]许可证已停用
BibTeXKeyDuplicate	The BibTeX key "{0}" already exists in this project. Enter a different BibTeX key.	BibTeX 键“{0}”已在此项目中存在。请输入其他 BibTeX 键。
DeleteGroups_Smart	Do you want to delete the {0:group "{1}"|{0} selected groups}?	
YouAlreadyHaveRegisteredCitaviPro	You have already registered Citavi for Windows.	您已注册 Citavi for Windows。
LinkedResource_Cover_CachingPercentage	Downloading … {0}%	正在下载 … {0}%
StatusBarNumberOfReferencesAll_Smart	{0:1 reference|{0} references} total	
CRM_Email_AccountCreatedViaProcessOrderMailBilling_Home_subject	Welcome to Citavi 6!	欢迎使用 Citavi 6！
OpenCloudProjectOfflineNotCached	The cloud project is not available in cache	云项目在缓存中不可用
WarningBackgroundTasksRunningCloseProject_Description	Citavi is still working on background tasks for this project.\r\n\r\nHow do you want to proceed?	Citavi 仍在处理此项目的后台任务。\r\n\r\n您希望如何继续？
ReferenceSelectionList_Smart	The {0:reference|{0} references} in the current list	
UserFeedbackByCreatingHighlightInHighlight_Create	Create new highlight	新建高亮
ImportWizard_tabularDefinitionDelimiterTabRadioButton	Tab	制表符
PreviewRtfFootnote	Footnote	脚注
NoUpdateAvailable	You are using {0}.\r\nYou do not need to update. Information about updates is available <a href="http://www.citavi.com/Updates">on our website</a>.	您正在使用 {0}。\r\n无需更新。有关更新的信息可在<a href="http://www.citavi.com/Updates">我们的网站</a>上找到。
DeleteLibraries_Smart	Do you want to delete the {0:selected library|{0} selected libraries}?	
DuplicateShortTitle	This short title is already in use in the current project. Change the short title to avoid confusion.	该短标题已在当前项目中使用。请更改短标题以避免混淆。
AutomatikPdfExportErrorCaption	An error occurred during the automatic PDF export	自动 PDF 导出期间发生错误
CitationStyleReplacements_FindStringMustNotBeEmpty	Replacement not valid: "Search for" text cannot be empty.	替换无效：“查找”文本不能为空。
IsbnDownloadKeywords	Download keywords	下载关键词
FilterReferenceTypeNotFound_Project	There are no references of the type "{0}" in the project.	项目中没有类型为“{0}”的参考文献。
RepairIntegrity_Location_ReferenceOrphaned	{0} locations were assigned to a reference that does not exist any more. \r\nCitavi has created a new reference with the short title "!!Citavi Project Repair" and assigned the locations to it.	{0} 个位置被分配给了不再存在的参考文献。\r\nCitavi 已创建一个短标题为“!!Citavi Project Repair”的新参考文献，并将这些位置分配给它。
DeletePeriodicals_Smart	Do you want to delete the {0:periodical "{1}"|{0} selected periodicals}?	
ReferenceTask_Singular	Task	任务
QuotationImageFormText	Image Quotation	图片引文
NumberingTypeFormCaption_Paragraph	Section numbers	章节编号
MruSingleFileMissing	The file "{0}" could not be found. It was probably moved to another folder or deleted.	找不到文件“{0}”。它可能已被移动到其他文件夹或被删除。
BibTeXItemOptional	Field may be empty (do not set the "required" BibTeX option)	字段可以为空（不要设置“required”BibTeX 选项）
HelpFolderNotFound	Citavi could not find the Quick Help file.\r\n\r\nSearching for folder "{0}".	Citavi 找不到快速帮助文件。\r\n\r\n正在搜索文件夹“{0}”。
HelpFolderDoesNotExist	{0}\r\n\r\nThis folder does not exist.	{0}\r\n\r\n此文件夹不存在。
NoKnownProjectsFound	No known projects found.	未找到已知项目。
ElectronicAddressInfo_Local_LocationPrefix	[Local]	[本地]
SelectLocationsDialog_Labels1	The {0} references' files with red labels	{0} 个参考文献中带有红色标签的文件
SelectLocationsDialog_Labels2	The {0} references' files with blue labels	{0} 个参考文献中带有蓝色标签的文件
ElectronicAddressInfo_UnknownDriveType_LocationLabel_short	Unknown drive	未知驱动器
OnlineOrderNoDataAvailable	This book cannot be found in any of the catalogs of the currently selected online booksellers. 	在当前所选网上书店的任何目录中都找不到此书。 
ConvertTextToUnicode_NoTextSelected	You have not selected any text that can be converted to Unicode.	您未选择任何可转换为 Unicode 的文本。
CoreStatementMissing_Subheading	[Subheading missing!]	[缺少副标题！]
OptionsDialog_mainTabControl_Research	Search	搜索
Backup_CreatingBackup	Backing up '{0}'…	正在备份“{0}”…
SqlServerInfo_LicensedFromAnotherDbServer	You cannot change this DBServer connection since you are currently using license information from another DBServer database.\r\nYou must close all projects before changing the connection.	由于您当前正在使用来自另一个 DBServer 数据库的许可证信息，因此无法更改此 DBServer 连接。\r\n更改连接前必须先关闭所有项目。
ReferenceDataCompletion_InvalidArxivId	The arXiv ID field does not contain a valid number.\r\nWith a valid arXiv ID, you can import bibliographic information automatically.	arXiv ID 字段不包含有效编号。\r\n使用有效的 arXiv ID，您可以自动导入书目信息。
CitaviFree	No license	无许可证
CitaviShop	Citavi Shop	Citavi 商店
CompareType_Text	Alphabetically	按字母顺序
HelpInformationForm_mainTabControl_HelpFiles	Quick Help files	快速帮助文件
TransformerHelpContext_LeftTruncation	|*|eginning of a word	
AnyInformal	Any	任意
PDF_EnableCmpressionLabel	Compress PDF Files enable	启用压缩 PDF 文件
UserInformationInfoLabel	Citavi uses this information exclusively to log any changes to references and other entries, task notes, as well as printing various kinds of lists. That will help you with organizing your work and is useful when working in a team or when exchanging reference data with other people.	Citavi 仅使用此信息来记录对参考文献和其他条目的更改、任务笔记，以及打印各种列表。这有助于您组织工作，并在团队协作或与他人交换参考文献数据时非常有用。
ExportWizard_CopyOrMoveToProject	To another Citavi project	到另一个 Citavi 项目
OpenSqliteProject_UnknownError_WithException	An unknown error occurred while opening the project. \r\n\r\nPlease try restarting your computer. If the project still cannot be opened after that, please use the automatically created backup copy. For instructions, read www.citavi.com/backup\r\n\r\nIf the problem persists, please contact the Citavi Support team: www.citavi.com/ticket\r\n\r\nPlease include the internal error message: "{0}"	打开项目时发生未知错误。 \r\n\r\n请尝试重启计算机。如果之后仍无法打开项目，请使用自动创建的备份副本。有关说明，请阅读 www.citavi.com/backup\r\n\r\n如果问题仍然存在，请联系 Citavi 支持团队：www.citavi.com/ticket\r\n\r\n请附上内部错误消息：“{0}”
OpenInPreview	Open in preview	在预览中打开
TransformerHelpContext_YearRequestSupported	Restricting by |year|	
NewComponentPartScopeReference	To the current reference (currently type "{0}")	到当前参考文献（当前类型为“{0}”）
StoringProjectCache	Saving cache…	正在保存缓存…
ProjectReadOnlyExceptionMailSubject	A command was executed that should be disabled in read-only projects.	执行了一个在只读项目中应被禁用的命令。
CitationStyleReplacements_IdenticalReplacementAlreadyExists	Substitution pair not valid: This substitution pair is already defined.	替换对无效：此替换对已定义。
CountReferencesLabel_Smart	{0:1 reference|{0} references}	
ImportPrivateCollectionItemsFromLiteRatText	Property of	属于
CRM_Email_CampusContractExtensionVerifyAccountWithMail_subject	Citavi: Activate your new license	Citavi：激活您的新许可证
ChatWindow_NotConnected	The chat window could not be opened since there is no connection to the Citavi Cloud.	由于无法连接到 Citavi Cloud，无法打开聊天窗口。
NextWeek	Next week	下周
LoadOnlineHelpFailed	{\\rtf1\\ansi\\ansicpg1252\\deff0\\nouicompat\\deflang1033{\\fonttbl{\\f0\\fnil\\fcharset0 Calibri;}}\r\n{\\*\\generator Riched20 6.3.9600}\\viewkind4\\uc1 \r\n\\pard\\sa200\\sl276\\slmult1\\f0\\fs22\\lang7 The Quick Help could not be loaded...\\par\r\n}	{\\rtf1\\ansi\\ansicpg1252\\deff0\\nouicompat\\deflang1033{\\fonttbl{\\f0\\fnil\\fcharset0 Calibri;}}\r\n{\\*\\generator Riched20 6.3.9600}\\viewkind4\\uc1 \r\n\\pard\\sa200\\sl276\\slmult1\\f0\\fs22\\lang7 无法加载快速帮助...\\par\r\n}
CRM_Email_AccountCreatedViaProcessOrderMailBilling_Business_last_paragraph	<b>Step 1 – Assign licenses</b>\r\nIf you haven't done so already, log in to your Citavi account at www.citavi.com/login. Assign each license to a user at your organization. Users without a Citavi account will receive an email asking them to create one.\r\n\r\n<b>Step 2 – Install Citavi 6</b>\r\nIf you haven't done so already, install Citavi 6 on the users' computers. Download the Setup file and MSI Setup at www.citavi.com/download\r\n\r\nIf you are upgrading from a previous version of Citavi, please read the following information: www.citavi.com/c6upgrade\r\n\r\n<b>Step 4 – Log in to Citavi 6</b>\r\nAfter you start Citavi you will be asked to log in to Citavi Account. Users should enter their email addresses and passwords. If they have trouble, please have them use our login tips: www.citavi.com/login-hints\r\n\r\nCitavi 6 will automatically pull the license information from the account.\r\n\r\nIf you run into any trouble, please get in touch: \r\nwww.citavi.com/ticket\r\n\r\n\r\n\r\n	<b>第 1 步 – 分配许可证</b>\r\n如果尚未操作,请登录您的 Citavi 账户:www.citavi.com/login。为组织内的每位用户分配许可证。没有 Citavi 账户的用户将收到一封邮件,要求其创建账户。\r\n\r\n<b>第 2 步 – 安装 Citavi 6</b>\r\n如果尚未操作,请在用户的计算机上安装 Citavi 6。在 www.citavi.com/download 下载安装程序和 MSI 安装程序\r\n\r\n如果您正在从旧版 Citavi 升级,请阅读以下信息:www.citavi.com/c6upgrade\r\n\r\n<b>第 4 步 – 登录 Citavi 6</b>\r\n启动 Citavi 后,系统会要求您登录 Citavi 账户。用户应输入其电子邮件地址和密码。如果遇到问题,请让他们使用我们的登录提示:www.citavi.com/login-hints\r\n\r\nCitavi 6 将自动从账户中获取许可证信息。\r\n\r\n如果遇到任何问题,请联系我们:\r\nwww.citavi.com/ticket\r\n\r\n\r\n\r\n
LinkedResourceAttachmentCaching	Downloading attachment …	正在下载附件 …
NewReference	New reference	新建参考文献
MergePeriodicals_DragDropMessage	Do you want to merge the periodical "{1}" into "{0}"?\r\n\r\nAll articles in "{1}" will use "{0}".	是否要将期刊“{1}”合并到“{0}”中?\r\n\r\n“{1}”中的所有文章都将使用“{0}”。
ProjectSaveErrorWhileClosing	An error occurred while saving the project. Recent changes could not be saved. \r\n\r\nThe internal error message is: {0}\r\n\r\nHow do you want to proceed?	保存项目时出错。最近的更改未能保存。\r\n\r\n内部错误消息为:{0}\r\n\r\n您想如何处理?
ThankYouForBuyingCitaviPro	Thank you for choosing Citavi for Windows.	感谢您选择 Citavi for Windows。
Transformer_Export_Add_Smart	{0:The export filter "{1}" was|{0} export filters} added successfully.	
CRM_Email_ConcurrentLicenseExceeded_second_paragraph	You can find out how to disable these email notifications and how to view which team members are currently using a license in the Citavi Manual:	您可以在 Citavi 手册中了解如何禁用这些电子邮件通知,以及如何查看当前哪些团队成员正在使用许可证:
Outlook_GroupByMode_Description_NextWeek	Next week	下周
FormattableDocumentIsPasswordProtected	The document could not be scanned. It is probably password-protected. You must remove the password before you can format the document in Citavi.	无法扫描该文档。它可能受密码保护。您必须先移除密码,然后才能在 Citavi 中设置文档格式。
ElectronicAddressInfo_Attachments_LocationPrefix	[Citavi]	[Citavi]
ProxyConfigurationServerMissing	The proxy server address is required. Enter the server address.	必须填写代理服务器地址。请输入服务器地址。
LookupLocationsFavoritesFormText	Search for Locations	搜索地点
ScreenshotCannotBeTaken	Citavi cannot make a screenshot of this file.	Citavi 无法对此文件截图。
MergePublishers_DragDropMessage	Do you want to merge the publisher "{1}" into "{0}"?\r\n\r\nAll references from "{1}" will use "{0}".	是否要将出版商“{1}”合并到“{0}”中?\r\n\r\n“{1}”中的所有参考文献都将使用“{0}”。
CitationStyleEditAndSave	You cannot edit an included style directly. To edit a copy of the style, enter a name for the copy:	您无法直接编辑内置样式。要编辑样式的副本,请输入副本的名称:
MoveReferenceToProject_DuplicatesNotDeleted	{0} references with the same identifier (ISBN, DOI name, PubMed ID, PMCID, or arXiv ID) were not moved to the destination project, in accordance with your settings.\r\n\r\nTo prevent loss of data, these references (and their parent or child references) were not removed from the source project.\r\n\r\nWhen you finish this assistant, these references will be applied as a selection in the source project.	根据您的设置,{0} 条具有相同标识符(ISBN、DOI 名称、PubMed ID、PMCID 或 arXiv ID)的参考文献未移动到目标项目。\r\n\r\n为防止数据丢失,这些参考文献(及其父级或子级参考文献)未从源项目中移除。\r\n\r\n完成此助手后,这些参考文献将在源项目中作为所选内容应用。
DBServerLicense_ValidationFailed	The license with the ID {0} could not be validated.	无法验证 ID 为 {0} 的许可证。
PathTooLongWarning_AddAttachment	The path of the selected file is too long. Move or copy the file to a different location and then try to select it again.	所选文件的路径太长。请将该文件移动或复制到其他位置,然后重新尝试选择它。
Outlook_GroupByMode_Description_BeyondNextMonth	After next month	下个月之后
KeyItemConfigurationDialog_personMultipleSetsTabControl_ThreePerson	3 persons	3 人
EquivalentCharactersList_Column_SearchFor	Searching for	搜索
DesktopAlert_PdfExportFinished_Caption	Export of PDF annotations completed	PDF 注释导出完成
CannotMoveDataIntoSameProject	The selection is not valid.\r\nYou cannot move the entries into the project they originate from.	所选内容无效。\r\n您无法将条目移动到它们来源的项目中。
AttachmentsFolderChangeSourceFolderNotAvailable	You are attempting to change the Attachments folder.\r\nThe previous folder "{0}" cannot be accessed. Any attachments in this folder will not be moved to the new folder.\r\nDo you wish to continue?	您正在尝试更改附件文件夹。\r\n无法访问先前的文件夹“{0}”。此文件夹中的所有附件都不会移动到新文件夹。\r\n是否继续?
RepairIntegrity_ReferenceOrganization_PersonOrphaned	{0} links between references and organizations were removed because the organization does not exist.	由于机构不存在,已移除 {0} 个参考文献与机构之间的链接。
CopyProject_ProjectNameSuffix	(Copy)	(副本)
CannotImportReferenceTypesFromOwnProject	You have selected the project you are currently working on. Reference types cannot be imported from this project.	您选择了当前正在处理的项目。无法从此项目导入参考文献类型。
HelpFileRtfException	The Quick Help file "{0}" cannot be displayed because it is damaged.	快速帮助文件“{0}”已损坏,无法显示。
DiskQuotaLow	Citavi has determined that you only have small amount of storage space on your drive. When this occurs, Citavi may no longer be able to save your changes. Consult the Citavi manual for solutions to this problem.	Citavi 检测到您的驱动器存储空间不足。在这种情况下,Citavi 可能无法再保存您的更改。请查阅 Citavi 手册以了解此问题的解决方法。
NoCoverAvailable	No cover art available for this ISBN number.	此 ISBN 号没有可用的封面图片。
UserFeedbackByCreatingHighlightInHighlight	You created a highlight within an already existing highlight.\r\n\r\nHint: Click an already existing highlight without dragging it to select it.\r\n\r\nHow do you want to proceed?	您在一个已有的高亮中创建了高亮。\r\n\r\n提示:单击已有的高亮而不拖动它即可选中。\r\n\r\n您想如何处理?
CRM_Email_CampusServerLicenseAdded_second_paragraph	Go to your account by clicking the blue button:	点击蓝色按钮前往您的账户:
Outlook_GroupByMode_Description_ThreeWeeksAway	In three weeks	三周后
OptionsImportTagDefinition	Import filters	导入筛选器
ExportWizard_Title_2	Set the file name and folder you want to export to:	设置要导出到的文件名和文件夹:
ExportWizard_Title_3	Save export preset	保存导出预设
ExportWizard_Title_0	Which references do you want to export?	您想要导出哪些参考文献?
ExportWizard_Title_1	Which format do you want to export to?	您想要导出为哪种格式?
ExportWizard_Title_6	Options	选项
ExportWizard_Title_7	Save BibTeX export definition	保存 BibTeX 导出定义
ExportWizard_Title_4	Map reference types	映射参考文献类型
ExportWizard_Title_5	Map fields	映射字段
ExportWizard_Title_8	Enter login credentials:	输入登录凭据:
ElectronicAddressInfo_Removable_LocationLabel_short	USB drive	USB 驱动器
UserDataFolderSelection_DirectoryContainsFilesWarning	The selected folder "{0}" already contains other files. Do you want Citavi to create a folder inside it for your Citavi user data?	所选文件夹“{0}”中已包含其他文件。您是否希望 Citavi 在其中为您的 Citavi 用户数据创建一个文件夹?
ConvertTextToUnicode_CannotConvertText	"{0}" cannot be converted to Unicode.	“{0}”无法转换为 Unicode。
PdfPermissions_AssembleDocument	Modify document	修改文档
ReferenceGrid_VirtualColumnLabel_LocationsInPrivateCollectionAddress	Location (in Private Collection)	地点(在私人收藏中)
CitaviSupport	Citavi Support	Citavi 支持
UnsavedChangesRestoredSuccessfully	All changes have been recovered.	所有更改均已恢复。
ElectronicAddressInfo_Ram_LocationPrefix	[RamDisk]	[RamDisk]
QuotationSelectionListSingular	The quotation in the current list	当前列表中的引文
BibliographyCompositionEditorRowToolTip_ShowTasksNumber	{0} tasks	{0} 个任务
OpenProjectFromCloud_StartingJob	Citavi Cloud is starting the download job…	Citavi Cloud 正在启动下载任务…
UploadFullText_ExtractingData	Extracting full text …	正在提取全文 …
RepairIntegrity_Location_ReferenceNull	{0} locations were not assigned to any reference. Citavi has created a new reference with the short title "!!Citavi Project Repair" and assigned the locations to it.	{0} 个地点未分配给任何参考文献。Citavi 已创建一个简称为“!!Citavi Project Repair”的新参考文献,并将这些地点分配给它。
DropBoxWarning	The selected project appears to be saved in a folder synchronized by DropBox. For technical reasons <a href="http://www.citavi.com/dropbox"> we do not recommend using DropBox to synchronize Citavi projects.\r\n\r\nDo you want to open the project anyway?	所选项目似乎保存在由 DropBox 同步的文件夹中。出于技术原因,<a href="http://www.citavi.com/dropbox">我们不建议使用 DropBox 同步 Citavi 项目。\r\n\r\n是否仍要打开该项目?
USBInstallationNoRemovableDriveFound	No removable drives (USB flash drives, etc.) were found. Do you want to select the location where Citavi should be installed?	未找到可移动驱动器(USB 闪存盘等)。您是否要选择 Citavi 的安装位置?
RepairIntegrity_SeriesTitleEditor_SeriesTitleOrphaned	{0} links between series and editors were removed because the series does not exist.	由于丛书不存在,已移除 {0} 个丛书与编辑之间的链接。
DeleteUnusedItems_Libraries	Libraries ({0})	库 ({0})
DragOnNoGroupsNode	You dragged one or more items to "No groups". Do you want to remove the groups currently assigned to these items?	您将一个或多个条目拖到了“无分组”。是否要移除当前分配给这些条目的分组?
PdfExport_CancelProcess	You canceled the export.	您已取消导出。
CRM_Email_ConfirmEmailAddressMailWithSignature_second_paragraph	##code	##code
Amazon	Amazon	Amazon
RepairIntegrity_ReferenceTranslator_ReferenceNull	{0} links between references and translators were removed because the link to the reference was empty.	由于指向参考文献的链接为空,已移除 {0} 个参考文献与译者之间的链接。
KeyItemDialogDefault	Default template	默认模板
HasAttachment_False	Has no local attachments	没有本地附件
PdfFileImport	PDF import	PDF 导入
ConvertToCurrentProjectVersionInfo	This project was created with an earlier version of Citavi. Citavi will create a copy of the project in your default Projects folder and then open the copy.	此项目是使用较早版本的 Citavi 创建的。Citavi 将在您的默认项目文件夹中创建该项目的一个副本,然后打开该副本。
SQLiteError_Busy_FriendlyText	Citavi could not access the project file because it is locked.\r\n\r\nCommon causes include:\r\n\r\n1) The project file is on a network share and the network connection was interrupted. Try to re-establish the network connection and try again.\r\n\r\n2) Another user is saving to the project file. Please wait a moment and try again.	Citavi 无法访问项目文件,因为它已被锁定。\r\n\r\n常见原因包括:\r\n\r\n1) 项目文件位于网络共享上,并且网络连接已中断。请尝试重新建立网络连接,然后重试。\r\n\r\n2) 另一位用户正在保存到该项目文件。请稍候片刻,然后重试。
FindLicensedDatabases_Search	Detecting {0} databases…	正在检测 {0} 个数据库…
ReferenceSelectionDialogTitle_Cut	Which references do you want to cut?	您想要剪切哪些参考文献?
CitaviWebPage	Citavi Website	Citavi 网站
YearFieldWarning_Ignore	Ignore this warning and use the Year field.	忽略此警告并使用年份字段。
KeyItemConfigurationDialog_referenceTypeLabel	Template for reference type: {0}	参考文献类型的模板:{0}
AvailableTruncationSymbols	Placeholders and phrases	占位符和短语
SaveOnlineQuerySuccessful	The search "{0}" was saved successfully.	搜索“{0}”已成功保存。
Duplicate	[Copy]	[副本]
CoreStatementMissing_File	[Caption missing!]	[缺少标题!]
CoreStatementMissing_Text	[Core statement missing!]	[缺少核心陈述!]
ProjectDetailsSaveError	An error occurred while saving changes.\r\n\r\nThe error message is: {0}	保存更改时出错。\r\n\r\n错误消息为:{0}
SaveProjectCopySuccessful	Project copy successfully saved.	项目副本已成功保存。
CRM_Email_OrderProcessBilling_Home_subject	Welcome to Citavi 6!	欢迎使用 Citavi 6！
ElectronicAddressInfo_Attachments_LocationLabel	Electronic: local file, attachment	电子:本地文件、附件
Finish	Finish	完成
Citavi4TeamUpgradeCitavi3Team	Citavi 4 Team (Upgrade Citavi 3 Team)	Citavi 4 团队版(升级 Citavi 3 团队版)
SearchAttribute	Search attributes	搜索属性
TransformerList_AddTransformer_Application	Add filter	添加筛选器
ProjectConversionCompleted	The project was converted.	项目已转换。
SearchForm_NoResults_LibraryList	No results in the list of libraries.	库列表中没有结果。
SaveTaskPlannerSearch_EqualSearchAlreadyExists	A saved selection with the same criteria already exists as "{0}".	已存在使用相同条件的已保存选择,名称为“{0}”。
AddOn_Install_OK	The add-on will be installed after you restart Citavi.	重启 Citavi 后将安装该加载项。
AllReferenceTypes	All reference types	所有文献类型
DeleteProjectTaskFromForm	Do you want to delete this project task?	是否要删除此项目任务?
ClrExceptionDialogMessage	{\\rtf1\\ansi\\ansicpg1252\\deff0\\deflang2055{\\fonttbl{\\f0\\fswiss\\fprq2\\fcharset0 Arial;}{\\f1\\fnil\\fcharset2 Symbol;}}\r\n{\\*\\generator Msftedit 5.41.21.2508;}\\viewkind4\\uc1\\pard\\f0\\fs20 The program error that occurred requires Citavi to exit immediately.\\par\r\n\\par\r\nPlease let us know so that we can correct the error quickly:\\par\r\n\\par\r\n\\pard{\\pntext\\f1\\'B7\\tab}{\\*\\pn\\pnlvlblt\\pnf1\\pnindent0{\\pntxtb\\'B7}}\\fi-284\\li284\\tx360 Send us an email message at bugreports@citavi.com with the contents of the text box below.\\par\r\n{\\pntext\\f1\\'B7\\tab}If possible, include in your email message a description of what you were doing before this error occurred.\\par\r\n\\pard\\par\r\nThank you for your cooperation!\\par\r\n}	{\\rtf1\\ansi\\ansicpg1252\\deff0\\deflang2055{\\fonttbl{\\f0\\fswiss\\fprq2\\fcharset0 Arial;}{\\f1\\fnil\\fcharset2 Symbol;}}\r\n{\\*\\generator Msftedit 5.41.21.2508;}\\viewkind4\\uc1\\pard\\f0\\fs20 发生的程序错误要求 Citavi 立即退出。\\par\r\n\\par\r\n请告知我们,以便我们尽快修正该错误:\\par\r\n\\par\r\n\\pard{\\pntext\\f1\\'B7\\tab}{\\*\\pn\\pnlvlblt\\pnf1\\pnindent0{\\pntxtb\\'B7}}\\fi-284\\li284\\tx360 请发送电子邮件至 bugreports@citavi.com,并附上下方文本框中的内容。\\par\r\n{\\pntext\\f1\\'B7\\tab}如果可能,请在电子邮件中说明此错误发生前您正在进行的操作。\\par\r\n\\pard\\par\r\n感谢您的配合!\\par\r\n}
ReferenceSelectionDialogTitle_Duplicate	Which references do you want to duplicate?	您想要复制哪些参考文献?
OptionsDialog_BibTeXKey_Complete	Generate BibTeX keys for all references that do not have one yet	为所有尚无 BibTeX 键的参考文献生成 BibTeX 键
ImportQuery_DisplayName_Online	Searching for: {0}	正在搜索:{0}
AddOn_UnInstall_OK	The add-on will be uninstalled after you restart Citavi.	重启 Citavi 后将卸载该加载项。
MassReferenceIdentifier_ImportFromFile	Choose file…	选择文件…
LocalToDbServerCopyHelper_CreatingSchema	Creating project…	正在创建项目…
BibliographyImport_NotFound_Progress	Bibliography import not found	未找到文献目录导入
DuplicateLibraryException	A library with the same name already exists in this list.	此列表中已存在同名库。
SQLiteError_IOErr_FriendlyText	Citavi could not access the project file because the file could not be read or written to.\r\n\r\nCommon causes include:\r\n\r\n1) The connection to the storage device (network share, USB flash drive, etc.) was interrupted. Try to re-establish the connection and try again.\r\n\r\n2) The user account you are using has the Windows file permission "Write" but not "Modify". Contact your system administrator for assistance.\r\n\r\n3) The Windows file permissions or write-protection were changed while the project was open in Citavi. Contact your system administrator for assistance.	Citavi 无法访问项目文件,因为无法读取或写入该文件。\r\n\r\n常见原因包括:\r\n\r\n1) 与存储设备(网络共享、USB 闪存盘等)的连接已中断。请尝试重新建立连接,然后重试。\r\n\r\n2) 您使用的用户账户具有 Windows 文件权限“写入”,但没有“修改”权限。请联系系统管理员寻求帮助。\r\n\r\n3) 在 Citavi 中打开项目期间,Windows 文件权限或写保护发生了更改。请联系系统管理员寻求帮助。
SelectLocationsDialog_SelectedLocation	The selected file	所选文件
SqlServerInfo_IllegalConnectionString	The connection string is not valid.	连接字符串无效。
SourceAmazonDownload	Amazon download	Amazon 下载
LinkedResource_Waiting	Waiting …	正在等待 …
ImportSourceStatusCaption_Summary	{0:1 reference|{0} references}	
ImportExportWizard_Option_ExportEndNote	EndNote native	EndNote 原生
FunctionNotAvailableInOfflineMode	This feature is not available in offline mode.	此功能在离线模式下不可用。
ListOutputOptions_includeFieldsGroupBox	Select the fields to include:	选择要包含的字段:
BibliographyCompositionEditorRowToolTip_ShowFirstTextLineOnly	First line only	仅第一行
DeleteLibrariesFromFormWithAssignedReferences_Smart	This library is in use by {0:location of a reference|{0} locations}. Do you want to delete it anyway? \r\n(The corresponding {0:location|locations} will also be deleted.)	
OptionsImportOpenUrl	OpenURL settings	OpenURL 设置
RepairIntegrity_ReferenceOthersInvolved_PersonNull	{0} links between references and others involved were removed because the link to the person was empty.	由于指向人员的链接为空,已移除 {0} 个参考文献与其他参与人员之间的链接。
NoLabel1InList	No blue labels found.	未找到蓝色标签。
BibTeXKeyDialog_GenerateAllReferenceOverwrite	Apply the new template to all references (replace existing BibTeX keys)	将新模板应用到所有参考文献(替换现有 BibTeX 键)
AnnotationOnRemotePdfWarning_SaveLocalCopy	Save a local copy	保存本地副本
ReferenceGrid_VirtualColumnLabel_LocationsInPrivateCollection	Locations (Private Collection)	位置（私人收藏）
EMailClientProcessStartFailed	An error occurred while trying to communicate with your email program. Please notify the affected team members manually.	尝试与您的电子邮件程序通信时出错。请手动通知受影响的团队成员。
ImportWizardTextTransformerRecordLayoutRecordsCount	({0} references found)	(找到 {0} 条参考文献)
ThoughtSelectionSelectedSingular	The selected thought	所选想法
DefaultSearches_ReferencesWithAttachements	References with attachments	带附件的参考文献
FreeMindNoCategoriesImported	No categories imported.	未导入类别。
BibliographyCompositionEditorRowToolTip_ShowLocationsNumber	{0} locations	{0} 个地点
CountFilters	{0} criteria	{0} 个条件
CRM_Email_OrderProcessBilling_subject	Your Citavi license key	您的 Citavi 许可证密钥
OverrideImportedCitationKeys	Replace short titles when importing	导入时替换短标题
Outlook_GroupByMode_Description_Yesterday	Yesterday	昨天
RepairIntegrity_CategoryCategory_SubCategoryNull	{0} category relationships were removed because the link to the subcategory was empty. Check the category system (Lists > Categories).	由于指向子类别的链接为空,已移除 {0} 个类别关系。请检查类别系统(列表 > 类别)。
RemoveKeywordFromSelectedKnowledgeItems	Do you want to remove the keyword "{0}" from the selected knowledge item(s)?	是否要从所选知识条目中移除关键词“{0}”?
Delete	Delete	删除
BatchLogger_Verboses	Other	其他
PreviewControl_EpubViewer_InvalidEpubException	The Epub document is damaged.	该 Epub 文档已损坏。
LookupFullText_Canceled	Search for full text was canceled.	全文搜索已取消。
SearchForm_CannotRemoveReferencesFromSelection	The references cannot be excluded from the current selection because none of the selected elements exist in the current project. Presumably they have been deleted since the last search.	无法将这些参考文献从当前所选内容中排除,因为所选元素在当前项目中都不存在。它们可能自上次搜索以来已被删除。
LinkedResource_Error_LocationLabel	Error while processing	处理时出错
DeleteUnusedItems_DoneTasks	Completed tasks ({0})	已完成任务 ({0})
NewGroup	New group	新建分组
CRM_Email_AccountCreatedViaProcessOrderMailLicensee_subject	You were assigned a Citavi license key	您被分配了一个 Citavi 许可证密钥
ImportAccounts_NotProtected	You cannot import team members from the selected project because it is not protected and thus contains no team members.	无法从所选项目导入团队成员,因为该项目未受保护,因此不包含任何团队成员。
CannotSaveLicenseFile	The license key entered is correct. However, an error occurred while trying to save the license key. Most likely, you do not have the required permissions to save the Citavi license key.\r\n\r\nIf the problem continues, contact your system administrator for assistance.	输入的许可证密钥正确。但是,尝试保存许可证密钥时出错。很可能您没有保存 Citavi 许可证密钥所需的权限。\r\n\r\n如果问题仍然存在,请联系系统管理员寻求帮助。
Transformer_Online_Add_Smart	{0:The connection file "{1}" was|{0} connection files} added successfully.	
SaveFileAs_FileSuccess	[Success]             The file "{0}" of the reference "{1}" was successfully saved to the destination folder.	[成功]             参考文献“{1}”的文件“{0}”已成功保存到目标文件夹。
RepairIntegrity_KnowledgeItemGroup_KnowledgeItemNull	{0} links between knowledge items and groups were removed because the link to the knowledge item was empty.	由于指向知识条目的链接为空,已移除 {0} 个知识条目与分组之间的链接。
RepairIntegrity_ReferenceGroup_ReferenceOrphaned	{0} links between references and groups were removed because the reference does not exist.	由于参考文献不存在,已移除 {0} 个参考文献与分组之间的链接。
SearchForm_NewSearch	Edit search	编辑搜索
MruMultiFileAllMissing	The files are no longer available. They were probably moved to another folder or deleted.	这些文件已不再可用。它们可能已被移动到其他文件夹或已删除。
SqlServerInfo_ConcurrentUsersExceeded	The project cannot be opened because all Citavi licenses are currently in use. Please contact your Citavi administrator or wait until another user has closed a Citavi DBServer project.	由于所有 Citavi 许可证当前都在使用中,无法打开该项目。请联系您的 Citavi 管理员,或等待其他用户关闭某个 Citavi DBServer 项目。
CitaviVersionFree	No license {0}	无许可证 {0}
SearchReplace_FormatsWarning_ReplaceAll	At least one of the fields you want to search and replace in contains formatted text. Replacing will discard <b>all formatting</b>.\r\n\r\nHow do you want to proceed?	您要查找并替换的字段中至少有一个包含带格式的文本。替换将丢弃<b>所有格式</b>。\r\n\r\n您想如何处理?
ControlNotActivateForPdfLinking	To create a link, open a PDF file in the Citavi Preview and highlight the desired section. Then, click the icon again.	要创建链接,请在 Citavi 预览中打开 PDF 文件并高亮所需的部分。然后再次点击该图标。
DeleteGroupsInUse_Smart	Warning: {0:The group "{1}" is|At least one of the {0} selected groups is currently} in use. If you delete the {0:group, it|groups, they} will be permanently removed from all references and knowledge items.\r\n\r\nDo you want to delete the {0:group "{1}"|{0} selected groups} anyway?	
SearchSupport_PlaceholderText	Search online manual	搜索在线手册
RepairIntegrity_KnowledgeItemKeyword_KnowledgeItemOrphaned	{0} links between knowledge items and keywords were removed because the knowledge item does not exist.	由于知识条目不存在,已移除 {0} 个知识条目与关键词之间的链接。
OnlineSearchAttribute_YearLabel	Year range:	年份范围:
CRM_Email_PasswordResetRequested_subject	Your password change request	您的密码更改请求
ConvertToCurrentProjectVersionProgressText	Converting project	正在转换项目
AutoSaveOfKnowledgeItemsDeactivatedWithOptimizationForSlowDatabaseAccess	This project is optimized for slow database access. This means Citavi will not save automatically as you type, but rather only when you close the editor window. If you are going to work on this text for a while, be sure to regularly save it manually.	此项目已针对缓慢的数据库访问进行了优化。这意味着 Citavi 不会在您键入时自动保存,而仅在您关闭编辑器窗口时保存。如果您要处理此文本一段时间,请务必定期手动保存。
RepairIntegrity_ReferenceKeyword_KeywordOrphaned	{0} links between references and keywords were removed because the keyword does not exist.	由于关键词不存在,已移除 {0} 个参考文献与关键词之间的链接。
NewComponentPartScopeParentReference	To the parent reference (currently type "{0}")	到父级参考文献(当前类型为“{0}”)
YouNeedToCloseAllProjectsToChangeConnectionString	You need to close all projects before changing the connection to the DBServer.	更改与 DBServer 的连接之前,您需要关闭所有项目。
MoveFileToProject_FileSuccess	[Success]             The file "{0}" of the reference "{1}" was successfully moved into the project.	[成功]             参考文献“{1}”的文件“{0}”已成功移动到项目中。
TransformerDelete	Do you really want to delete the definition "{0}"?	确定要删除定义“{0}”吗?
IsbnDuplicateWarning	There is already a reference with this ISBN number. Do you want to delete the current reference and switch to the existing one?	已存在具有此 ISBN 号的参考文献。是否要删除当前参考文献并切换到现有参考文献?
FilterReferencesWithNoKeywordNotFound_ProjectShell	\r\nThe current selection contains no references without keywords.	\r\n当前所选内容中没有不含关键词的参考文献。
UsersOnline	{0:1 user|{0} users} online 	
OutlineLevelMissingInWordDocument	Outline level {0} (missing in document)	大纲级别 {0}(文档中缺失)
CampusLicenseExpiryWarningMessage2	<span style="font-weight:bold">Warning: Your Citavi license has expired</span>\r\n\r\nCitavi will not run until you enter a new license key. <a href="http://www.citavi.com/citavifree">What that means for you.</a>\r\n\r\nIf your organization has renewed its site license, enter the new license key you received by email. If you didn’t receive the new license key, <a href="http://www.citavi.com/campuslizenzen">request a new one</a> on the Citavi website.\r\nIf you have left the organization (or if the site license was not renewed), <a href="http://www.citavi.com/shop">you can purchase your own license key</a>.\r\n\r\nRemind me again:	<span style="font-weight:bold">警告:您的 Citavi 许可证已过期</span>\r\n\r\n在您输入新的许可证密钥之前,Citavi 将无法运行。<a href="http://www.citavi.com/citavifree">这对您意味着什么。</a>\r\n\r\n如果您的组织已续订站点许可证,请输入您通过电子邮件收到的新许可证密钥。如果您没有收到新的许可证密钥,请在 Citavi 网站上<a href="http://www.citavi.com/campuslizenzen">申请一个新的</a>。\r\n如果您已离开该组织(或者站点许可证未续订),<a href="http://www.citavi.com/shop">您可以购买自己的许可证密钥</a>。\r\n\r\n再次提醒我:
References	References	文献条目
CitationStylePreviewTitleLabel	System: {0}	系统:{0}
RepairCorruptedDatabase_RepairFailed	An error occurred while repairing the project. Please check your computer for disk, USB flash drive, or memory problems. \r\n\r\nYou can try to open the project again later after restarting the computer. If it cannot be opened, restore from one of the backups Citavi created for you. If necessary, contact Citavi support for assistance: www.citavi.com/service.	修复项目时出错。请检查您的计算机是否存在磁盘、USB 闪存盘或内存问题。\r\n\r\n您可以在重启计算机后稍后尝试再次打开该项目。如果无法打开,请从 Citavi 为您创建的某个备份中还原。如有必要,请联系 Citavi 支持寻求帮助:www.citavi.com/service。
CannotOverwriteLoadedProject	The project "{0}" is already open and cannot be overwritten by a new project.	项目“{0}”已打开,无法被新项目覆盖。
ResearchIn	Search in	搜索范围
CannotPrintEmptyTaskList	The task list is empty.	任务列表为空。
RepairIntegrity_SeriesTitleEditor_PersonNull	{0} links between series and editors were removed because the link to the editor was empty.	由于指向编辑的链接为空,已移除 {0} 个丛书与编辑之间的链接。
BibTeX	BibTeX	BibTeX
SearchForm_NoResults_PersonList	No results in the list of persons and organizations.	人员与机构列表中没有结果。
BackgroundTask_ErrorLabelFileNotFound	Attachment not found	未找到附件
CRM_Email_AccountMerging_first_paragraph	Enter the following security code under "Manage account" > "Merge two accounts" to merge your Citavi accounts.	在“管理账户” > “合并两个账户”下输入以下安全代码,以合并您的 Citavi 账户。
ConvertPathsToAbsolutePaths	Absolute paths	绝对路径
PdfExport_NameConflictInfo	One or more files was found with the same name. Please select one of the following options:	找到了一个或多个同名文件。请选择以下选项之一:
EquivalentCharactersList_Column_FindsAlso	Also finds	还可找到
Braces	Braces	大括号
LibraryShortNameTooLong	Enter a maximum of 6 letters for the abbreviated library name.	请输入最多 6 个字母作为库的缩写名称。
NewCustomTemplate	New custom template	新建自定义模板
ReadingRTFFile	Reading RTF file	正在读取 RTF 文件
CRM_Email_OrderProcessBilling_Billomat_DbServer_subject	Welcome to Citavi 6!	欢迎使用 Citavi 6！
BatchLogger_Log	Protocol	协议
Column	Column	列
CopyOf	{0} [Copy]	{0} [副本]
DbServerUsersConcurrent	{0:{0} concurrent user|{0} concurrent users}	
BackgroundTask_ErrorLabelWebApiException	A cloud request failed	云请求失败
Transformer_Available_OnlineLocationTransformer	Available for location search: {0} of {1}	可用于地点搜索:{0}/{1}
ErrorRecoveringData	Data recovery failed.\r\nPlease send the changemap file that will appear after you click OK to the Citavi Support team (support@citavi.com).	数据恢复失败。\r\n请将点击“确定”后出现的 changemap 文件发送给 Citavi 支持团队 (support@citavi.com)。
PdfExport_InvalidDataException	The source or target document is not a PDF file.	源文档或目标文档不是 PDF 文件。
CopyOrMoveFileToProject_FileNotFound	[Not found]    The file "{0}" of the reference "{1}" could not be found.	[未找到]    找不到参考文献“{1}”的文件“{0}”。
ImportWizard_tabularDefinitionFirstLineIsHeaderNoRadioButton	No	否
LookupLocations_ReferenceSelectionFiltered_Smart	The {0:reference with an ISBN number|{0} references with ISBN numbers} in the current selection	
StartupError	Citavi was not able to start. The error is:\r\n\r\n{0}\r\n\r\nA log file of the error has been saved as "{1}". Please contact Citavi support for assistance: www.citavi.com/service.	Citavi 无法启动。错误为:\r\n\r\n{0}\r\n\r\n该错误的日志文件已保存为“{1}”。请联系 Citavi 支持寻求帮助:www.citavi.com/service。
CustomTemplateCreationWarning	This feature requires you to be able to program in C#. Using C#, you can program the conditions under which this template will be applied. \r\n\r\nIf you are not fluent in C#, we do not recommend that you proceed.\r\n\r\nDo you want to continue anyway?	此功能要求您能够使用 C# 编程。使用 C#,您可以编写应用此模板的条件。\r\n\r\n如果您不精通 C#,我们建议您不要继续。\r\n\r\n是否仍要继续?
BackupFailed	The backup process failed with the following error message:\r\n\r\n{0}	备份过程失败,错误消息如下:\r\n\r\n{0}
IsbnFavoritesFormText	ISBN Download	ISBN 下载
ImportProgressStarting	Preparing retrieval…	正在准备检索…
RetrievalDefinition_ConcentrationAreaGeneral	General	常规
StatusBarNumberOfTasksNotDone_Smart	{0} uncompleted {0:task|tasks}	
CannotPasteText	Cannot paste text from clipboard.	无法从剪贴板粘贴文本。
CRM_Email_AccountCreatedVerifyEmail_first_paragraph	To complete your Citavi account registration, you need to confirm your email address. To do so, click the blue button:	要完成 Citavi 账户注册,您需要确认您的电子邮件地址。为此,请点击蓝色按钮:
NoOnlineResearchPossibleNoInternetConnection	Online search is not available because there is no connection to the Internet.	由于没有 Internet 连接,在线搜索不可用。
CharmapNotInstalled	The Character Map cannot be started because it is not installed on your computer.	无法启动字符映射表,因为您的计算机上未安装它。
MassReferenceIdentifier_ID	Identifier	标识符
CRM_Email_AccountCreatedViaProcessOrderMailBilling_button	Choose a new password	选择新密码
DownloadingAttachments	Downloading attachments…	正在下载附件…
FilterByIllegalYear	"{0}" is not a valid year.	“{0}”不是有效的年份。
MergeSeriesTitles_DragDropMessage	Do you want to merge the series "{1}" into "{0}"?\r\n\r\nAll references in "{1}" will use "{0}".	是否要将丛书“{1}”合并到“{0}”中?\r\n\r\n“{1}”中的所有参考文献都将使用“{0}”。
LeaveProjectMsgBox_Title	Leave project	退出项目
CreateProjectArchiveTask_ShortName	Create project archive	创建项目存档
PickerOrDirectImportFailed_NoProjectOpened	You cannot import because no project is open.	无法导入,因为没有打开任何项目。
RepairIntegrity_CategoryCategory_HierarchyLost	{0} categories have been moved to the top level of the category system because the hierarchy information was lost.	由于层次结构信息丢失,{0} 个类别已移动到类别系统的顶层。
ImportAccounts_NoAccountsFound	All of the team members in the selected project are already in this project.	所选项目中的所有团队成员都已在此项目中。
NReferencesSelectedForEditing	{0} references selected for editing	已选择 {0} 条参考文献进行编辑
RssFeedAlreadyExists	You already subscribe to this feed.	您已订阅此源。
CRM_Email_CampusContractExtensionLoginShibboleth_second_paragraph	Need a license for a previous Citavi version? ##helpgetoldversion\r\n\r\n##addOn\r\n\r\nLog in to your Citavi Account with your university account to activate your new license.	需要旧版 Citavi 的许可证? ##helpgetoldversion\r\n\r\n##addOn\r\n\r\n使用您的大学账户登录 Citavi 账户以激活新许可证。
SelectLocationsDialog_SelectedLocations	The {0} selected files	所选 {0} 个文件
DataErrorMessageTitle	Error	错误
DuplicatePublisherInfo	A publisher with the name "{0}"already exists. How do you want to proceed?	已存在名为“{0}”的出版商。您想如何处理?
SaveOnlineQuery	Save search	保存搜索
Sigel_DefaultLatex	Default	默认
NoPrincipalEmailFoundException	The user's email address could not be found.	找不到该用户的电子邮件地址。
CopyProjectUnknownError	An unknown error occurred. The internal error message is: {0}	发生未知错误。内部错误消息为:{0}
LookupLocations_ReferenceSelectionSelected_Smart	The {0:selected reference with an ISBN number|{0} selected references with ISBN numbers}	
DuplicatePersonInfo	A person with the name "{0}" already exists. How do you want to proceed?	已存在名为“{0}”的人员。您想如何处理?
DeleteLibraryFromForm	Do you want to delete this library?	是否要删除此库?
DataExchangeProperty_Delete_Export	Are you sure you want to delete the export preset "{0}"?	确定要删除导出预设“{0}”吗?
AllowOffline_Open	Open offline copy	打开离线副本
RemainingLettersTextFormat	{0} character(s) remaining	剩余 {0} 个字符
FindReplace_EmptyReplacementQuestion	Do you want to replace "{0}" with an empty text (that is, remove it)?	是否要将“{0}”替换为空文本(即移除它)?
StartForm_BuyCitavi	Buy Citavi	购买 Citavi
SearchForm_CannotRemoveKnowledgeItemsFromSelection	The knowledge items cannot be excluded from the current selection because none of the selected elements exist in the current project. Presumably they have been deleted since the last search.	无法将这些知识条目从当前所选内容中排除,因为所选元素在当前项目中都不存在。它们可能自上次搜索以来已被删除。
ElectronicAddressInfo_Remote_LocationPrefix	[Web]	[Web]
ReferencePropertyNotAvailable	The field "{0}" is not available for the reference type {1}.	字段“{0}”不适用于参考文献类型 {1}。
BibTeXAutoExportSuccess	The BibTeX file\r\n{0}\r\nwas created successfully.	BibTeX 文件\r\n{0}\r\n已成功创建。
DesktopAlert_LostCloudConnection_Caption	No connection to the cloud	未连接到云
SearchForm_UnknownField	Citavi does not recognize the field name or field code "{0}". Try again with the plural or singular form of the field name or use the advanced search. 	Citavi 无法识别字段名或字段代码“{0}”。请尝试使用字段名的复数或单数形式,或使用高级搜索。 
CRM_Email_CampusContractExtensionInfoMail_second_paragraph	Citavi 6 users have to confirm that they are still members of your organization. Depending on your chosen settings, this can be accomplished by (a) clicking the confirmation link in the email; (b) logging in to Shibboleth; (c) entering a voucher code. No license information is copied and then entered in Citavi.\r\n##newline\r\nCitavi 5 users have to log in to their Citavi accounts. There, the license key can be found and must be copied to the Clipboard. It can then be entered in Citavi 5. Users can also request license keys for earlier versions of Citavi. Please see  ##helpgetoldversion for more information.	Citavi 6 用户必须确认他们仍为您组织的成员。根据您所选的设置,可通过以下方式完成:(a) 单击电子邮件中的确认链接;(b) 登录 Shibboleth;(c) 输入优惠券代码。不会复制任何许可证信息并输入到 Citavi 中。\r\n##newline\r\nCitavi 5 用户必须登录其 Citavi 帐户。在那里可以找到许可证密钥,必须将其复制到剪贴板,然后可在 Citavi 5 中输入。用户还可以申请旧版 Citavi 的许可证密钥。有关更多信息,请参阅  ##helpgetoldversion。
DragReferencesOnNoGroupsNode	Do you want to delete the selected references from all groups?	是否要从所有分组中删除所选参考文献?
ThisWeek	This week	本周
ThisYear	This year	今年
Sigel_Stuttgart	Stuttgart	斯图加特
ImportSuccessful	Import finished successfully	导入已成功完成
LookupLocations_Locations	Locations	位置
HelpFileUndefinedMissingCustomHelpFolder	Undefined because the custom Quick Help folder is missing.	未定义,因为缺少自定义快速帮助文件夹。
ThisMonth	This month	本月
PdfExportPreperationText	Export wird vorbereitet …	正在准备导出 …
PdfExport_RemoteLocationNotCompatible	The document has not yet been saved on the hard drive.	该文档尚未保存到硬盘上。
RepairIntegrity_ReferenceGroup_GroupNull	{0} links between references and groups were removed because the link to the group was empty.	由于指向分组的链接为空,已移除 {0} 个参考文献与分组之间的链接。
Ascending	Ascending	升序
PdfExport_LocationFileNotFound	The path ("{0}") to the location was not found.	找不到指向该地点的路径(“{0}”)。
CRM_Email_CampusContractExtensionRenewalVoucher	By voucher code: enter your code in your Citavi account to activate the new license. You will need to obtain a new voucher code from your university or organization.	通过兑换码:在您的 Citavi 账户中输入您的代码以激活新许可证。您需要从您的大学或组织获取新的兑换码。
CRM_Email_ConfirmEmailAddressCampusContractLicenseMail_subject	Please confirm your email address	请确认您的电子邮件地址
SearchFinished	Citavi has finished searching.	Citavi 已完成搜索。
BatchRemoveGroups_NoReferenceHasGroups	The selected references do not have any groups to remove.	所选参考文献没有任何可移除的分组。
ExceptionCopyToClipboardSuccess	The error report was copied to the Clipboard.	错误报告已复制到剪贴板。
RepairIntegrity_ReferenceAuthor_PersonNull	{0} links between references and authors were removed because the link to the author was empty.	由于指向作者的链接为空,已移除 {0} 个参考文献与作者之间的链接。
InvalidParentReferenceType	[The reference cannot be displayed because the reference is assigned to an parent reference that is not valid. Try to delete or reassign the parent reference.]	[无法显示该参考文献,因为该参考文献分配给了无效的父级参考文献。请尝试删除或重新分配该父级参考文献。]
FileNotFound	File "{0}" does not exist.	文件“{0}”不存在。
DeleteGroupingSectionWithChildren	Do you want to delete the "{0}" section?\r\n\r\nWarning: This section contains subsections that will also be deleted.	是否要删除“{0}”章节?\r\n\r\n警告:此章节包含也将被删除的子章节。
RepairIntegrity_EntityLink_TargetTypeNull	{0} links were removed because the the "Linked from" field does was empty.	由于“链接自”字段为空,已移除 {0} 个链接。
SaveFileDialogNewProject	New project	新建项目
LaTeXProjectFolder_PathIsEmpty	Set the folder that contains your LaTeX project files.\r\n\r\nCitavi will create a subfolder named "Images" inside the specified folder and store all images for referencing in your favorite LaTeX editor.	设置包含您的 LaTeX 项目文件的文件夹。\r\n\r\nCitavi 将在指定的文件夹中创建一个名为“Images”的子文件夹,并存储所有用于在您常用的 LaTeX 编辑器中引用的图片。
MergePersonOption	Merge the edited person with the existing person"{0}"	将编辑后的人员与现有人员“{0}”合并
CRM_Email_ConfirmEmailAddressMail_button	Confirm email address	确认电子邮件地址
CannotImportPublishersFromOwnProject	You have selected the project you are currently working on. Publishers cannot be imported from this project.	您选择了当前正在处理的项目。无法从此项目导入出版商。
Online	Online	在线
Outlook_GroupByMode_Description_TwoWeeksAway	In two weeks	两周后
BibliographyRuleSet_DefaultReferenceFormatInfo	Default	默认
SearchForm_InvalidQuery_ErrorMessage	Not a valid search string: {0}	无效的搜索字符串:{0}
ReferenceSelectionDialogTitle_Export	Which references do you want to export?	您想要导出哪些参考文献?
DuplicatePeriodicalInfoCancel	A periodical with this name already exists. Enter a different name or cancel.	已存在同名的期刊。请输入其他名称或取消。
BibliographyCompositionEditorRowToolTip_ShowQuotationsNumber	{0} quotations	{0} 条引文
DeleteKnowledgeItems_Smart	Do you want to delete {0:the selected knowledge item|the {0} selected knowledge items}?	
SortKnowledgeItemsByCoreStatementTextAllGroup	{\\rtf1\\ansi\\ansicpg1252\\deff0\\deflang2055\\deflangfe2055{\\fonttbl{\\f0\\fswiss\\fprq2\\fcharset0 Arial;}}\r\n{\\colortbl ;\\red255\\green136\\blue17;\\red128\\green128\\blue128;}\r\n{\\*\\generator Msftedit 5.41.21.2508;}\\viewkind4\\uc1\\pard\\nowidctlpar\\sa80\\sl264\\slmult1\\cf1\\lang1033\\f0\\fs18 Note: \\cf2 Any sort order applied to the selected group (All) \\cf1 is strictly temporary and will not be saved.\\cf2\\par\r\n}\r\n 	{\\rtf1\\ansi\\ansicpg1252\\deff0\\deflang2055\\deflangfe2055{\\fonttbl{\\f0\\fswiss\\fprq2\\fcharset0 Arial;}}\r\n{\\colortbl ;\\red255\\green136\\blue17;\\red128\\green128\\blue128;}\r\n{\\*\\generator Msftedit 5.41.21.2508;}\\viewkind4\\uc1\\pard\\nowidctlpar\\sa80\\sl264\\slmult1\\cf1\\lang1033\\f0\\fs18 注意: \\cf2 应用于所选分组(全部)的任何排序顺序 \\cf1 都只是临时的,不会被保存。\\cf2\\par\r\n}\r\n 
ConvertProject_UserMessage_Failed	The project “{0}” could not be converted. Please contact Citavi support for assistance: www.citavi.com/support.\r\n\r\nThe internal error message is:\r\n{1}	项目“{0}”无法转换。请联系 Citavi 支持寻求帮助:www.citavi.com/support。\r\n\r\n内部错误消息为:\r\n{1}
OptionsDialog_mainTabControl_SavePaths	Folders	文件夹
ReferencePropertyIdGroup_AdditionalInformation	Additional information	附加信息
ResetBibTeXKeyTemplates	Do you want to restore the default BibTeX key templates?	是否要恢复默认的 BibTeX 关键字模板？
ProjectSaveError_SaveAnyway	Close the project now and discard recent changes	立即关闭项目并放弃最近的更改
RepairIntegrity_ReferenceKeyword_ReferenceNull	{0} links between references and keywords were removed because the link to the reference was empty.	由于指向题录的链接为空，已移除 {0} 个题录与关键字之间的链接。
ElectronicAddressInfo_Remote_LocationLabel_short	Online	在线
AnalysingRTFDocument	Analyzing RTF document…	正在分析 RTF 文档…
CRM_Email_ConcurrentLicenseExceeded_button	Go to manual	转到手册
ExportFailed	Export failed.	导出失败。
Label2	Red label	红色标签
Label1	Blue label	蓝色标签
ImportLiteratInformation	The import and save will probably take between {0} and {1} minutes. If you do not want to do this now, cancel the import and begin it again later.\r\nHint: Divide large LiteRat databases (5000 or more references) into several databases before importing them into Citavi and continue them as a single project.	导入和保存可能需要 {0} 到 {1} 分钟。如果现在不想执行，请取消导入，稍后重新开始。\r\n提示：在将大型 LiteRat 数据库（5000 条或更多题录）导入 Citavi 之前，请先将其拆分为多个数据库，然后作为单个项目继续使用。
IgnoreIsbnDuplicate	Do not warn about this ISBN again.	不再对此 ISBN 发出警告。
CitationStyleEdit	Edit citation style	编辑引文样式
RemoveAllLabels2	Do you really want to remove all red labels?	确定要移除所有红色标签吗？
RemoveAllLabels1	Do you really want to remove all blue labels?	确定要移除所有蓝色标签吗？
InsertAsFootnoteButtonText_Writer	Insert as Writer footnote	作为 Writer 脚注插入
CampusLicenseExpiryWarningAccountMessage	<span style="font-weight:bold">Important: Your Citavi license is about to expire</span>\r\n\r\n\r\nIf you don’t enter a new license key, your Citavi will not run after {0}. \r\n\r\nIf your organization has renewed its site license, enter the new license key, which can be found in your <a href="https://www.citavi.com/c6prog/account">Citavi Account</a>. \r\nIf you have left the organization (or if the site license was not renewed), <a href="http://www.citavi.com/shop">you can buy your own license key</a>.\r\n\r\n\r\nRemind me again:	<span style="font-weight:bold">重要：您的 Citavi 许可证即将过期</span>\r\n\r\n\r\n如果您不输入新的许可证密钥，您的 Citavi 将在 {0} 之后无法运行。\r\n\r\n如果您的组织已续订站点许可证，请输入新的许可证密钥，该密钥可在您的 <a href="https://www.citavi.com/c6prog/account">Citavi 账户</a> 中找到。\r\n如果您已离开该组织（或站点许可证未续订），<a href="http://www.citavi.com/shop">您可以购买自己的许可证密钥</a>。\r\n\r\n\r\n再次提醒我：
ImportSettingHelpContext_SearchField_Title	t:| "Bird" restricts the search to references with "Bird" in the title or subtitle.	
RtfLengthWarning_Content	This field requires too much storage space. It may contain a large image or a very long text. This can cause problems when saving or publishing.\r\n\r\nPlease edit this field now.	此字段需要的存储空间过大。它可能包含大尺寸图片或超长文本，这会在保存或发布时导致问题。\r\n\r\n请现在编辑此字段。
SqlServerInfo_AlreadyConnectedToAnotherDbServer_CannotOpenProject	You cannot open this project since Citavi is already connected to another DBServer database.\r\nYou must close all projects before changing the connection.	由于 Citavi 已连接到另一个 DBServer 数据库，您无法打开此项目。\r\n更改连接前必须关闭所有项目。
DeleteCategoryWithChildCategories	Do you want to delete the "{0}" category?\r\n\r\nWarning: This category contains subcategories that will also be deleted.	是否要删除“{0}”类别？\r\n\r\n警告：该类别包含子类别，它们也将被删除。
KnowledgeItemsWithNoKeyword	No keywords	无关键字
FormattableString_Text	Text	文本
BarcodeScannerException_ReadError	An error occurred while reading from the scanner.	从扫描仪读取时出错。
LazyUpdateOfKnowledgeItemsWithNoKeywords	<b>No keywords</b> will update as soon as you click a different keyword. This delay gives you the opportunity to apply multiple keywords to knowledge items.	<b>无关键字</b>将在您单击其他关键字时更新。此延迟让您有机会将多个关键字应用到知识条目。
ErrorLoadFile	The file address cannot be accessed at this time. Please verify that the URL is correct.	目前无法访问该文件地址。请确认 URL 正确无误。
Update	Refresh	刷新
RepairIntegrity_Reference_InvalidDateTimeString	{0} references had dates in the "Created on" or "Modified on" fields that were not valid.	{0} 条题录的“创建日期”或“修改日期”字段中的日期无效。
NoYearParsed	(No year found)	（未找到年份）
CopyOrMoveToProjectWizard_CannotCopyToCitavi4Project	You cannot copy to the project "{0}" because it is a Citavi 4 project. Open the project in Citavi 6 first, then copy to the Citavi 6 project.	由于“{0}”是 Citavi 4 项目，您无法复制到该项目。请先在 Citavi 6 中打开该项目，再复制到 Citavi 6 项目。
CategoryTextEditorDropDownForm_UpdateInfo_AddCategoryNameMissing	Type name to create category:\r\n{0}	输入名称以创建类别：\r\n{0}
NoIsbnDataAvailable	No data available for this ISBN number.\r\n\r\nDo you want to choose another catalog for ISBN number searches?	此 ISBN 编号没有可用数据。\r\n\r\n是否要为 ISBN 编号搜索选择其他目录？
CRM_Email_ConfirmProjectInvitation_first_paragraph	##inviter has invited you to work on the Citavi project "##projectname" with the following role: ##projectrole.\r\n\r\n##description	##inviter 已邀请您使用以下角色参与 Citavi 项目“##projectname”：##projectrole。\r\n\r\n##description
DataExchangeProperty_Overwrite_OnlineImport	The saved search "{0}" already exists. Do you want to replace it?	已保存的搜索“{0}”已存在。是否要替换它？
MruMultiFileToString_Smart	{0} (+ {1:1 more file|{1} more files})	
OpeningProjectText	Opening project…	正在打开项目…
WrongOpenOfficeVersion	This feature requires OpenOffice.org 2 or later to be installed. Citavi could not find OpenOffice.org on this computer.\r\n\r\nIf you have OpenOffice.org installed and this error still occurs, refer to <a href="http://www.citavi.com/softlink?linkid=openofficeinstallationnotfound">this support article</a> on our website.	此功能需要安装 OpenOffice.org 2 或更高版本。Citavi 在此计算机上未找到 OpenOffice.org。\r\n\r\n如果您已安装 OpenOffice.org 但仍出现此错误，请参阅我们网站上的<a href="http://www.citavi.com/softlink?linkid=openofficeinstallationnotfound">此支持文章</a>。
EditComponentPartFromServerWarning	This customized component is linked to the Citavi server and is automatically updated when modifications are made by the Citavi team. \r\nIf you make changes to it, the component will no longer be linked to the server or automatically updated.	此自定义组件已链接到 Citavi 服务器，并会在 Citavi 团队进行修改时自动更新。\r\n如果您对其进行更改，该组件将不再链接到服务器，也不再自动更新。
ConnectionToCitaviServerFailed_ImportExportTransformer	Citavi cannot establish communication with the Citavi servers, so additional import and export filters cannot be downloaded now. Check your Internet connection or try again later.	Citavi 无法与 Citavi 服务器建立通信，因此现在无法下载其他导入和导出筛选器。请检查您的互联网连接，或稍后重试。
BackupFolderPath_FolderSelectionFailed	Folder selection failed with the following error message:\r\n\r\n{0}\r\n\r\nChoose a different folder or cancel.	文件夹选择失败，错误消息如下：\r\n\r\n{0}\r\n\r\n请选择其他文件夹或取消。
CRM_Email_CampusContractExtensionLicensfilePublicInstall_subject	Citavi License Key File for Public Workstations for  ##organization	用于  ##organization 的公共工作站 Citavi 许可证密钥文件
OpenProjectFromCloud_LoadingProject	Downloading information and loading the project…	正在下载信息并加载项目…
OpenDbServerProject_UnknownError	An unknown error occurred while opening the project. Please check if your computer currently has memory problems  \r\n\r\nYou can also try opening the file at a later time (we recommend restarting your computer first). \r\n\r\nIf the problem continues to occur, please contact the Citavi Support: www.citavi.com/support.	打开项目时发生未知错误。请检查您的计算机当前是否存在内存问题\r\n\r\n您也可以稍后尝试打开该文件（建议先重新启动计算机）。\r\n\r\n如果问题持续出现，请联系 Citavi 支持：www.citavi.com/support。
TransformerList_AddTransformer_Export	Add export filter	添加导出筛选器
CRM_Email_CampusContractExtension_first_paragraph	Your current license for Citavi will expire soon. Get your new license now.	您当前的 Citavi 许可证即将过期。立即获取新许可证。
AddressInfo_LocationTypePrivateCollection_LocationLabel	Private Collection	私人收藏
AddressInfo_LocationTypeUnknown_LocationLabel	Unknown	未知
FileDialogButton_Export	Browse…	浏览…
CRM_Email_CampusServerLicenseAdded_first_paragraph	Your site license lets you use Citavi for DBServer. A license file is now available for download in your account.	您的站点许可证允许您使用 Citavi for DBServer。您的账户中现已提供许可证文件供下载。
LoadingSettings	Downloading settings …	正在下载设置…
SQLiteErrorCodeUnspecific	An error occurred while accessing the project file. \r\n\r\nThe internal error message is: \r\n\r\n{0}.	访问项目文件时出错。\r\n\r\n内部错误消息为：\r\n\r\n{0}。
DeletePublisherOption	Delete publisher.	删除出版商。
CloudAlertText	Status update: {0}	状态更新：{0}
PDF_CompressionLabel	Compress PDF files in Cloud Projects	压缩云项目中的 PDF 文件
ProjectPermissions_FilePermission_AclNoWrite	The file permissions for the project file do not allow you to write. You cannot make changes to the project.	项目文件的文件权限不允许写入。您无法对项目进行更改。
BibTeXKeyDialog_GenerateAllReferenceComplete	Apply the new template to references that do not yet have a BibTeX key	将新模板应用于尚无 BibTeX 关键字的题录
AllLanguages	All languages	所有语言
TransformerHelpContext_SupportStringRequest	"exact phrase|	
CopyCitationMessage	What format do you want to copy the reference in?	要以哪种格式复制题录？
ThoughtTextFormText	Thought (Text)	想法（文本）
ResumeLabel2SearchAtBeginning	The end of the list has been reached. No references with red labels were found. Do you want to continue searching from the beginning of the list?	已到达列表末尾。未找到带红色标签的题录。是否要从列表开头继续搜索？
ImportAsposeNodeErrorMessage	Please note – for technical reasons this knowledge item cannot be displayed.	请注意——由于技术原因，无法显示此知识条目。
ImportExportWizard_Option_ImportPDF	PDF files	PDF 文件
LinkedResource_Cover_Error	Error	错误
ImportNoNewReferencesFound	No new references were found.	未找到新题录。
BiblioscapeNotesParentCategoryName	Subject areas of Biblioscape notes, {0}	Biblioscape 笔记的主题领域，{0}
ImportExportWizard_Option_ExportBibTeX	BibTeX	BibTeX
SaveFileAs_FolderBrowserDialogDescription	Select the folder you want to save the selected files to:	选择要保存所选文件的文件夹：
OpenCloudProjectDisableOfflineMode	Please disable the offline mode in Citavi to open this project.	请在 Citavi 中禁用离线模式以打开此项目。
TransformerList_AddTransformer_Online	Add database or catalog	添加数据库或目录
ElectronicAddressInfo_CDRom_LocationPrefix	[DVD/CD]	[DVD/CD]
NoInformation	(None)	(无)
ReplaceAllFinished	Citavi has finished searching and has made {0:1 replacement|{0} replacements}.	
LookupFullText_ReferenceSelectionFiltered_Smart	for the references in the current selection	对于当前选择中的题录
MergeKeywords_DragDropMessage_Multi	Do you want to merge the selected {1} keywords into "{0}"?	是否要将所选的 {1} 个关键字合并到“{0}”？
MoveFileToProject_FileError	[Error]             An error occurred while moving the file "{0}" of the reference "{1}" . The error message is:\r\n{2}	[错误]             移动题录“{1}”的文件“{0}”时出错。错误消息为：\r\n{2}
DeleteKeywords_Smart	Do you want to delete the {0:keyword "{1}"|{0} selected keywords}?	
DesktopAlert_ReconnectedToCloud_Text	Citavi was able to restore the connection to Citavi Cloud	Citavi 已成功恢复与 Citavi Cloud 的连接
SqlServerInfo_ConnectionFailed	Connection to the DBServer could not be established. The error message is:\r\n{0}	无法建立与 DBServer 的连接。错误消息为：\r\n{0}
LicenseExpiryDateFullVersion	Unlimited	无限制
LicenseTextPro	You are using Citavi for Windows.	您正在使用 Citavi for Windows。
PreviewControl_EpubViewer_DRMViolationException	This Epub document is protected by Digital Rights Management (DRM) and cannot be displayed in Citavi.	此 Epub 文档受数字版权管理（DRM）保护，无法在 Citavi 中显示。
CopyCloudAttachmentBackgroundTask_ShortName	Copy Cloud attachment	复制云附件
ShowZoomWindow	Zoom…	缩放…
PdfControl_ExecuteLinkFailed	The link "{0}" could not be executed.\r\n\r\nError message:\r\n\r\n{1}	无法执行链接“{0}”。\r\n\r\n错误消息：\r\n\r\n{1}
EquivalentCharactersPairAlreadyExists	The equivalent character pair "{0}" already exists.	等效字符对“{0}”已存在。
CRM_Email_CampusContractExtensionRenewalEmail	By email: add the email address of your university or organization to your Citavi Account to automatically receive your new license.	通过电子邮件：将您大学或组织的电子邮件地址添加到您的 Citavi 账户，以自动接收新许可证。
BibliographyCompositionEditorRowToolTip_ShowFirstTaskOnly	First task only	仅第一个任务
SearchForm_NoResults_MainFormKnowledgeKnowledgeItemsCurrentCategoryAndBelow	No results in the current category and child categories.	当前类别及其子类别中无结果。
FilterReferencesWithNoKeywordNotFound_Project	The project contains no references without keywords.	该项目不包含无关键字的题录。
CancellationInProgress	Canceling...	正在取消...
ImportExportWizard_Option_ImportLiteRat	LiteRat	LiteRat
ProjectCloudUpload_WaitingForActivation	Waiting for the project creation job to be started by the Citavi Cloud…	正在等待 Citavi Cloud 启动项目创建作业…
RepairIntegrity_EntityLink_TargetKnowledgeItemOrphaned	{0} links were removed because the knowledge item in the "Linked from" field does not exist.	由于“链接来源”字段中的知识条目不存在，已移除 {0} 个链接。
ClickHereToSetCriteria	Click to select criteria	单击以选择条件
WhatImageCaption	Which caption do you want to use for this image?	您想为此图片使用哪个题注？
CRM_Email_AccountCreatedViaProcessOrderMailBilling_first_paragraph	Thank you for choosing Citavi! \r\nYou can now access your license in your online account.	感谢您选择 Citavi！\r\n您现在可以在您的在线账户中访问您的许可证。
PreviewControl_StatusBar_FitWidth	Fit to width	适应宽度
HelpFileIOException	Error occurred while reading file "{0}".	读取文件“{0}”时出错。
OptionsImportAutoCheckForLiveUpdate	Check for updates automatically	自动检查更新
DocumentFormattingSuccessful_Smart	{0:The document was|All documents were} successfully formatted. Do you want to open {0:it|them} in your word processor now?	
Quotes	Quotation marks	引号
YearToInvalid	Year To is not valid	“年份至”无效
TransformerHelpContext_MultipleTruncation	M|#|lt|*|ple in a word	
FilterPersonNotFound_Project	The person "{0}" ist not assigned to any references in the project.	人员“{0}”未分配到项目中的任何题录。
HelpContextUnDefined	No Quick Help context defined.	未定义快速帮助上下文。
AttachmentsFolderWarning	The Attachments folder cannot be accessed. The default folder is being used at this time.\r\n\r\nIf the Attachments folder is only temporarily unavailable, you can continue working with the default folder. The files will be copied from the default folder to the Attachments folder as soon as the Attachments folder is available again after reopening the project.\r\n\r\nIf the Attachments folder is permanently unavailable, please <a fref="FixAttachmentsFolderPath">correct the path</a> or contact your administrator.	无法访问附件文件夹。目前正在使用默认文件夹。\r\n\r\n如果附件文件夹只是暂时不可用，您可以继续使用默认文件夹。重新打开项目后，一旦附件文件夹再次可用，文件将从默认文件夹复制到附件文件夹。\r\n\r\n如果附件文件夹永久不可用，请<a fref="FixAttachmentsFolderPath">更正路径</a>或联系您的管理员。
ErrorOnPaste	Paste from Clipboard failed. The data on the Clipboard may not be valid.	从剪贴板粘贴失败。剪贴板上的数据可能无效。
InPrintPlaceholder	[In press]	[出版中]
CompareType_Number	By a number inside the field	按字段内的数字
CRM_Email_CampusContractExtensionRenewalIp	By IP address: log in to your university or organization's network before you log in to your Citavi account.	按 IP 地址：在登录您的 Citavi 账户之前，请先登录您大学或组织的网络。
ProjectCloudUpload_CreateProjectStart	"{0}" is being created...	正在创建“{0}”...
PreviewControl_StatusBar_PdfPageDown	Show next page	显示下一页
ImportFailed	Import failed. The system error is:	导入失败。系统错误为：
ProjectCloudUpload_CreateProjectQueue	The project is in the queue...	项目正在队列中…
MindManagerExportSuccessful	Export completed successfully.	导出已成功完成。
MultiUserSyncError	An error occurred while merging other users' changes. \r\n\r\nThe internal error message is: {0}.	合并其他用户的更改时出错。\r\n\r\n内部错误消息为：{0}。
DbServerLicenseWithUnlimitedReaders	{0}\r\n{1:{1} per seat license|{1} per seat licenses}\r\n{2:{2} concurrent author license|{2} concurrent author licenses} (unlimited number of reader licenses)	
FileDialogButton_Import	Browse…	浏览…
KnowledgeItemSortOption_CoreStatement	Core statement	核心论述
OrganizationSettingSavedSuccessfully	The settings file was saved.	设置文件已保存。
CopyOrMoveToProjectWizard_AttachmentMoveFailed	Some attachments could not be copied. The corresponding references will not be deleted.	某些附件无法复制。相应的题录将不会被删除。
NoError	No error.	无错误。
BatchLogger_Header	Citavi Activity Log	Citavi 活动日志
RepairIntegrity_ReferenceTranslator_PersonNull	{0} links between references and translators were removed because the link to the translator was empty.	由于指向译者的链接为空，已移除 {0} 个题录与译者之间的链接。
DuplicatePeriodicalInfo	A periodical with the name "{0}" already exists. How do you want to proceed?	名为“{0}”的期刊已存在。您想如何处理？
ProjectSettingsCorruptionException	An error occurred while reading the project settings. \r\nPlease contact Citavi support for assistance: www.citavi.com/service	读取项目设置时出错。\r\n请联系 Citavi 支持以获取帮助：www.citavi.com/service
WindowsVersion	Windows version	Windows 版本
CRM_Email_ProjectDeleted_subject	The cloud project "##projectname" was deleted	云项目“##projectname”已删除
MergeSeriesTitles_DragDropMessage_Multi	Do you want to merge the selected {1} series into "{0}"?	是否要将所选的 {1} 个丛书合并到“{0}”？
AddUnknownReference	You have entered an unknown reference. Do you want Citavi to create a new reference with this information and link it to this entry?	您输入了未知的题录。是否要让 Citavi 使用此信息创建新题录并将其链接到此条目？
SqlServerInfo_DbVersionIsLower	The database schema version is lower than the version of Citavi. Please use the DBServer Manager tool to upgrade your database.	数据库架构版本低于 Citavi 的版本。请使用 DBServer Manager 工具升级您的数据库。
SearchForm_NoResults_KeywordList	No results in the list of keywords.	关键字列表中无结果。
ConnectionBroken	Connection disconnected unexpectedly.	连接意外断开。
ImportErrorDescription	-------------------------------------------\r\nField {0} could not be imported.\r\nField file: {1}\r\nReason for error: {2}	-------------------------------------------\r\n字段 {0} 无法导入。\r\n字段文件：{1}\r\n错误原因：{2}
DeleteLocationFromForm	Do you want to remove this location?	是否要移除此馆藏地？
LinkedResourceAttachmentWaitingForServerTransaction	The attachment is waiting for processing…	附件正在等待处理…
SaveLogProgress	Saving log…	正在保存日志…
Quotation_Singular	Quotation	引文
CRM_Email_CampusServerLicenseAdded_button	Log in to your account	登录您的账户
RepairIntegrity_ReferencePublisher_PublisherNull	{0} links between references and publishers were removed because the link to the publisher was empty.	由于指向出版商的链接为空，已移除 {0} 个题录与出版商之间的链接。
DuplicateLibraryInfoCancel	A library with this name already exists. Enter a different name or cancel.	已存在同名的库。请输入其他名称或取消。
FullText_ExtractNotExtractedLocations	Extracting files for full text search…	正在解压文件以进行全文搜索…
DeleteLocations_Smart	Do you want to delete the {0:selected location|{0} selected locations}?	
ConvertToUtcMessageBox_Description	{\\rtf1\\ansi\\ansicpg1252\\deff0\\nouicompat\\deflang1031{\\fonttbl{\\f0\\fswiss\\fprq2\\fcharset0 Calibri;}{\\f1\\fnil\\fcharset2 Symbol;}}\r\n{\\*\\generator Riched20 10.0.17134}\\viewkind4\\uc1 \r\n\\pard\\widctlpar\\sa160\\sl252\\slmult1\\f0\\fs22 This project was created with a previous version of Citavi. As a result, the following fields do not take different time zones into account: \\i Created\\i0 , \\i Modified\\i0 , \\i Task assigned to\\i0 , \\i Task completed on\\i0 . \\par\r\nYour Citavi version can now correct the time zone. \\line\\line\\b Important:\\par\r\n\r\n\\pard{\\pntext\\f1\\'B7\\tab}{\\*\\pn\\pnlvlblt\\pnf1\\pnindent0{\\pntxtb\\'B7}}\\fi-360\\li720\\sa160\\sl252\\slmult1\\b0 This change won't affect dates or time information in your bibliography.\\par\r\n{\\pntext\\f1\\'B7\\tab}Anyone else who is working with this project must also be using Citavi 6.2 or later.\\par\r\n{\\pntext\\f1\\'B7\\tab}If you make the correction now, all other team members must close the project.\\par\r\n{\\pntext\\f1\\'B7\\tab}The project will automatically close and reopen after the conversion.\\par\r\n}	{\\rtf1\\ansi\\ansicpg1252\\deff0\\nouicompat\\deflang1031{\\fonttbl{\\f0\\fswiss\\fprq2\\fcharset0 Calibri;}{\\f1\\fnil\\fcharset2 Symbol;}}\r\n{\\*\\generator Riched20 10.0.17134}\\viewkind4\\uc1 \r\n\\pard\\widctlpar\\sa160\\sl252\\slmult1\\f0\\fs22 此项目是用较早版本的 Citavi 创建的。因此，以下字段未考虑不同的时区： \\i 创建时间\\i0 ， \\i 修改时间\\i0 ， \\i 分配任务给\\i0 ， \\i 任务完成时间\\i0 。 \\par\r\n您的 Citavi 版本现在可以更正时区。 \\line\\line\\b 重要：\\par\r\n\r\n\\pard{\\pntext\\f1\\'B7\\tab}{\\*\\pn\\pnlvlblt\\pnf1\\pnindent0{\\pntxtb\\'B7}}\\fi-360\\li720\\sa160\\sl252\\slmult1\\b0 此更改不会影响您参考文献中的日期或时间信息。\\par\r\n{\\pntext\\f1\\'B7\\tab}其他使用此项目的人员也必须使用 Citavi 6.2 或更高版本。\\par\r\n{\\pntext\\f1\\'B7\\tab}如果您现在进行更正，所有其他团队成员都必须关闭该项目。\\par\r\n{\\pntext\\f1\\'B7\\tab}转换后项目将自动关闭并重新打开。\\par\r\n}
BackgroundTask_ErrorMessageFileNotFound	File not found	未找到文件
ExceptionDialog_NoInternetConnectionSendFailed	Citavi cannot send the error message at this time because there is no internet connection. The message will be sent automatically if the connection is restored during this session.\r\nIf you exit Citavi or if you always work offline on this computer, please send us the following file:\r\n<a href="OpenLogFolder">%localappdata%\\Swiss Academic Software\\Citavi 6\\Log\\citavi.log</a>	Citavi 目前无法发送错误消息，因为没有互联网连接。如果本会话期间连接恢复，消息将自动发送。\r\n如果您退出 Citavi，或在此计算机上始终离线工作，请将以下文件发送给我们：\r\n<a href="OpenLogFolder">%localappdata%\\Swiss Academic Software\\Citavi 6\\Log\\citavi.log</a>
StatusBarNumberOfKnowledgeItemsSelected	{0} selected	已选择 {0} 项
ReferenceGrid_VirtualColumnLabel_LocationsInLibrary	Locations (library)	位置（图书馆）
CopyFileToProject_FileSuccess_Repetition	[Success]             The file "{0}" of the reference "{1}" was successfully copied into the project (this file already exists for another reference, so it was linked to this reference as well).	[成功]             题录“{1}”的文件“{0}”已成功复制到项目中（该文件已存在于另一条题录，因此也链接到了此题录）。
RepairIntegrity_ReferenceOthersInvolved_ReferenceNull	{0} links between references and others involved were removed because the link to the reference was empty.	由于指向题录的链接为空，已移除 {0} 个题录与其他相关人员之间的链接。
InsertThought	Insert thought	插入想法
LookingForPlaceholdersInFootnotes	Searching for placeholders in footnotes	正在搜索脚注中的占位符
SearchForm_Empty	(Empty)	（空）
TodayOrYesterday	Yesterday or today	昨天或今天
LinkedResource_Retry	Retry	重试
RepairIntegrity_ReferenceEditor_ReferenceOrphaned	{0} links between references and editors were removed because the reference does not exist.	由于题录不存在，已移除 {0} 个题录与编者之间的链接。
ShareWithNvivo	Share with NVivo	与 NVivo 共享
FilterReferencesWithNoCategoryNotFound_ProjectShell	The current selection contains no references without categories.	当前选择不包含无类别的题录。
MergeLibraryOption	Merge the edited library with the existing library"{0}"	将编辑后的库与现有库“{0}”合并
Thoughts	Thoughts	想法
DeleteSavedSearch	Are you sure you want to delete the saved search "{0}"?	确定要删除已保存的搜索“{0}”吗？
BackgroundTaskError_SQLiteError	The project could not be opened	无法打开项目
SelectLocationsDialog_FilteredReferences	The files attached to the {0} selected references	附加到所选 {0} 条题录的文件
CitationStyleDerivedInfoCloudDeletionPrompt_Smart	{0:One derived style|{0} derived styles} in the cloud will be marked for later deletion.	
BatchLogger_Errors	Errors	错误
RepairCorruptedDatabase_UnknownError	An unknown error occurred while repairing the project.\r\n\r\nThe internal error message is: "{0}". \r\n\r\nPlease contact Citavi support for assistance: www.citavi.com/service.	修复项目时发生未知错误。\r\n\r\n内部错误消息为：“{0}”。\r\n\r\n请联系 Citavi 支持以获取帮助：www.citavi.com/service。
ReferenceTypeInvalidChildrenExceptionMultipleCase_Smart	{0:One of the|{0}} references that you selected for conversion {0:contain|contains} child references. The selected target reference type "{1}" cannot be used because it cannot contain child references.\r\nThe affected {0:reference "{2}" was|references were} not converted to the new reference type.	
ReferenceGrid_VirtualColumnLabel_LocationsElectronic	Locations (electronic)	位置(电子)
SearchForm_RefineDateSearch	The date search found many results in fields that are often considered irrelevant (for example, in the modification date of notes).\r\nDo you want to restrict the search to relevant fields (for example, "year")?	日期搜索在许多通常被视为不相关的字段中找到了大量结果（例如笔记的修改日期）。\r\n是否要将搜索限制为相关字段（例如“年份”）？
ProjectDuplicates	Project duplicates	项目副本
CopyOrMoveToProjectWizard_InsufficientTeamPermission	You do not have editing rights in the selected project, so you cannot copy or move to it.	您在所选项目中没有编辑权限，因此无法复制或移动到该项目。
ImportNewReferencesFound_1	One new reference was found.	找到一条新题录。
ProjectNeedsConversion_UnkownFilePermission	This project was created with an earlier version of Citavi and must be converted before it can be opened. It cannot be converted because Citavi cannot write to the file for unknown reasons. \r\n\r\nRestart the computer and then open the project again. If the problem persists, please contact Citavi support for assistance: www.citavi.com/support.	此项目是用较早版本的 Citavi 创建的，必须先转换才能打开。由于未知原因，Citavi 无法写入该文件，因此无法转换。\r\n\r\n请重新启动计算机，然后再次打开项目。如果问题仍然存在，请联系 Citavi 支持以获取帮助：www.citavi.com/support。
NoReferenceTypeDefined	No reference type.	无题录类型。
ImportExportWizard_Option_ImportEndNote	EndNote	EndNote
CloudProjectCouldNotBeFound_RemoveFromKnownProjects	The cloud project could not be found. Do you want to remove it from the list of recent projects?	找不到该云项目。是否要从最近项目列表中移除它？
ResourceType_AttachmentAttaching_LocationPrefix	[Adding]	[正在添加]
CompilationSelection_Category	The knowledge items in the selected category (including child categories)	所选类别（包括子类别）中的知识条目
HtmlToPdfConversionFailed_FileNotFound	An error occurred while accessing HTML content from Internet Explorer. This is a known error, but cannot be corrected in Citavi. Please try converting the webpage to PDF later, or use a different program to convert it.	从 Internet Explorer 访问 HTML 内容时出错。这是已知错误，但无法在 Citavi 中修正。请稍后尝试将网页转换为 PDF，或使用其他程序进行转换。
BibliographyGrouping_StatusBar_None	No grouping	不分组
DesktopAlertSaveFaultedFooter	Click here to view the errors.	单击此处查看错误。
OpenFileUnknownError	An unknown error occurred while opening the file.	打开文件时发生未知错误。
ConversionToCitavi4Failed_TargetDirectoryNotEmpty	The folder for the Citavi 4 project must be empty.	Citavi 4 项目的文件夹必须为空。
FilterKeywordNotFound_Project	The keyword "{0}" ist not assigned to any references in the project.	关键字“{0}”未分配到项目中的任何题录。
TransformerHelpContext_GroupsNotSupported	Grouping	分组
ImportProgressCancelled	You canceled after {0} of {1} references	您在 {1} 条题录中的 {0} 条后取消了
MetadataError	An error occurred when acessing the file metadata. The files could not be correctly synchronized with the cloud.\r\n\r\nPlease contact the Citavi Support: www.citavi.com/support.	访问文件元数据时出错。文件无法与云正确同步。\r\n\r\n请联系 Citavi 支持：www.citavi.com/support。
SaveProjectChanges	Do you want to save changes made to the project "{0}"? 	是否要保存对项目“{0}”所做的更改？
DeleteGroupingSection	Do you want to delete the "{0}" grouping?	是否要删除“{0}”分组？
ConvertC2ProjectProgressText	Citavi is converting your project for use with this version of Citavi. The original project in Citavi 2 format has been retained.	Citavi 正在转换您的项目以便与此版本的 Citavi 配合使用。Citavi 2 格式的原始项目已被保留。
MoveFileToProject_Success_Smart	{0:The file was|{0} files were} successfully moved into the Citavi project.	
DeleteReferences_Smart	Are you sure you want to delete the {0:selected reference|{0} selected references}?	
StatusBarNumberOfKnowledgeItemsFiltered_Smart	{0:1 knowledge item displayed|{0} knowledge items displayed}	
CreatingProject	Creating project …	正在创建项目…
TransformerHelpContext_NOTRequestNotSupported	|NOT| searches	
CitationStyleDerivedInfoLocalDeletionPrompt_Smart	{0:One derived style|{0} derived styles} added locally (but not yet in the cloud) will be removed from the grid.	
RepairIntegrity_UserMessage	Data inconsistencies in your project "{0}" are preventing Citavi from loading correctly. Citavi can try to repair these inconsistencies.\r\n\r\nDo you want to run the repair now?	项目“{0}”中的数据不一致导致 Citavi 无法正确加载。Citavi 可以尝试修复这些不一致。\r\n\r\n是否要现在运行修复？
OrganizationSettingIdCopyToClipboadSuccessfully	The ID was copied to the Clipboard.	该 ID 已复制到剪贴板。
DeleteLicenseQuestion	Are you sure you want to remove your license key? If you do, you will not be able to open any Citavi projects anymore. Your projects will be retained.	确定要移除您的许可证密钥吗？如果移除，您将无法再打开任何 Citavi 项目。您的项目将被保留。
NoSelectionFoundInPdfControl	Please make a selection and click the icon again.	请进行选择，然后再次单击该图标。
RepairIntegrity_ReferenceTranslator_ReferenceNonExistent	{0} links between references and translators were removed because the reference does not exist.	由于题录不存在，已移除 {0} 个题录与译者之间的链接。
Record	Record	记录
Remove	Remove	移除
CitationKeyDialog_GenerateAllReferences	Generate all citation keys…	生成所有引文关键字…
Transformer_Available_OnlineIsbnTransformer	Available for ISBN search: {0} of {1}	可用于 ISBN 搜索：{1} 中的 {0}
UndoEntryOption	Undo entry	撤消条目
SearchForm_RefineNumberSearch	The number search found many results in fields that are often considered irrelevant (for example, in the modification date of notes).\r\nDo you want to restrict the search to relevant fields (for example, "year")?	数字搜索在许多通常被视为不相关的字段中找到了大量结果（例如笔记的修改日期）。\r\n是否要将搜索限制为相关字段（例如“年份”）？
NoReferenceFound	found.	已找到。
RecycleBinContainsUnsavedEntitiesCaption	Delete permanently	永久删除
FilterReferencesWithNoCategoryNotFound_Project	The project contains no references without categories.	该项目不包含无类别的题录。
KeyItemConfigurationDialog_personMultipleSetsTabControl_OnePerson	1 person	1 人
BookOrderTitleFavoriteSelection	Choose your favorite online bookseller from the following list:	请从以下列表中选择您喜爱的在线书店：
OptionsDialog_mainTabControl_Scanner	Scanner	扫描仪
SelectedItemsFrom	Selected items from: {0}	所选条目来自：{0}
TemplateUseCaseNameLocalized_Contribution_UnpublishedWork	Contribution in report or gray literature	报告或灰色文献中的文章
WarningBackgroundTasksFaultedCloseProject_Description	Some of this project's background tasks failed.\r\n\r\nHow do you want to proceed?	此项目的某些后台任务失败。\r\n\r\n您想如何处理？
DeleteUnusedItems_Persons	Persons ({0})	人员（{0}）
Search	Search	搜索
DuplicateSeriesTitleInfoCancel	A series with this name already exists. Enter a different name or cancel.	已存在同名的丛书。请输入其他名称或取消。
NumberingTypeFormCaption_Margin	Margin numbers	页边编号
TimeOut	Timeout	超时
FairUseVialotationText	<span style="font-size:+6pt;"><span style="font-size:+10pt;">Please familiarize yourself with our fair use policy</span><br/><br/>Cloud projects should not have more than 5 GB. This project has {0} GB.&edsp;<br/><br/>Please delete some of your  attachments.<br/></span>	<span style="font-size:+6pt;"><span style="font-size:+10pt;">请了解我们的合理使用政策</span><br/><br/>云项目不应超过 5 GB。此项目已有 {0} GB。&edsp;<br/><br/>请删除部分附件。<br/></span>
Sigel_Grieb_Json	{\r\n  "AutoUpdate": true,\r\n  "CharsToRemove": [],\r\n  "Name": "Grieb",\r\n  "Id": "1FF9E2C7-2C8D-4601-BD94-7F2959C06D8C",\r\n  "Items": [\r\n    {\r\n      "ReferenceTypeId": 0,\r\n      "KeyItems": [\r\n        {\r\n          "$type": "SwissAcademic.Citavi.BibTeXCitationKey.PersonKeyItem, SwissAcademic.Citavi",\r\n          "PersonElement1": {\r\n            "FirstNameCharCount": 0,\r\n            "FormatEndIndex": 3,\r\n            "FormatStartIndex": 1,\r\n            "LastNameCharCount": 3,\r\n            "PersonNameFormatType": 0,\r\n            "TextBetweenFirstNameLastName": "",\r\n            "TextBetweenPersons": ""\r\n          },\r\n          "PersonElement2": {\r\n            "FirstNameCharCount": 0,\r\n            "FormatEndIndex": 3,\r\n            "FormatStartIndex": 1,\r\n            "LastNameCharCount": 100,\r\n            "PersonNameFormatType": 0,\r\n            "TextBetweenFirstNameLastName": ". ",\r\n            "TextBetweenPersons": " & "\r\n          },\r\n          "PersonListElement": {\r\n            "AbbreviateAfterPersonIndex": 1,\r\n            "AbbreviateText": "",\r\n            "MaxPersonCount": 1\r\n          },\r\n          "PersonElementForOnePerson": {\r\n            "FirstNameCharCount": 0,\r\n            "FormatEndIndex": 3,\r\n            "FormatStartIndex": 1,\r\n            "LastNameCharCount": 100,\r\n            "PersonNameFormatType": 0,\r\n            "TextBetweenFirstNameLastName": ". ",\r\n            "TextBetweenPersons": " & "\r\n          },\r\n          "PersonElement1ForTwoPersons": {\r\n            "FirstNameCharCount": 0,\r\n            "FormatEndIndex": 3,\r\n            "FormatStartIndex": 1,\r\n            "LastNameCharCount": 100,\r\n            "PersonNameFormatType": 0,\r\n            "TextBetweenFirstNameLastName": ". ",\r\n            "TextBetweenPersons": " & "\r\n          },\r\n          "PersonElement2ForTwoPersons": {\r\n            "FirstNameCharCount": 0,\r\n            "FormatEndIndex": 3,\r\n            "FormatStartIndex": 1,\r\n            "LastNameCharCount": 100,\r\n            "PersonNameFormatType": 0,\r\n            "TextBetweenFirstNameLastName": ". ",\r\n            "TextBetweenPersons": " & "\r\n          },\r\n          "PersonElement1ForThreePersons": {\r\n            "FirstNameCharCount": 0,\r\n            "FormatEndIndex": 3,\r\n            "FormatStartIndex": 1,\r\n            "LastNameCharCount": 100,\r\n            "PersonNameFormatType": 0,\r\n            "TextBetweenFirstNameLastName": ". ",\r\n            "TextBetweenPersons": " & "\r\n          },\r\n          "PersonElement2ForThreePersons": {\r\n            "FirstNameCharCount": 0,\r\n            "FormatEndIndex": 3,\r\n            "FormatStartIndex": 1,\r\n            "LastNameCharCount": 100,\r\n            "PersonNameFormatType": 0,\r\n            "TextBetweenFirstNameLastName": ". ",\r\n            "TextBetweenPersons": " & "\r\n          },\r\n          "UseDifferentSetsForDifferentNumberOfPersons": false,\r\n          "Lowercase": false,\r\n          "ReferencePropertyId": 108,\r\n          "TextAfter": "-",\r\n          "TextBefore": "[",\r\n          "Uppercase": true\r\n        },\r\n        {\r\n          "$type": "SwissAcademic.Citavi.BibTeXCitationKey.DateKeyItem, SwissAcademic.Citavi",\r\n          "DateTimePattern": "yy",\r\n          "FormatDate": true,\r\n          "Lowercase": false,\r\n          "ReferencePropertyId": 201,\r\n          "TextAfter": "]",\r\n          "TextBefore": "",\r\n          "Uppercase": false\r\n        }\r\n      ]\r\n    }\r\n  ],\r\n  "IsBibTeXKey": false,\r\n  "NormalizeKeys": false\r\n}	{\r\n  "AutoUpdate": true,\r\n  "CharsToRemove": [],\r\n  "Name": "Grieb",\r\n  "Id": "1FF9E2C7-2C8D-4601-BD94-7F2959C06D8C",\r\n  "Items": [\r\n    {\r\n      "ReferenceTypeId": 0,\r\n      "KeyItems": [\r\n        {\r\n          "$type": "SwissAcademic.Citavi.BibTeXCitationKey.PersonKeyItem, SwissAcademic.Citavi",\r\n          "PersonElement1": {\r\n            "FirstNameCharCount": 0,\r\n            "FormatEndIndex": 3,\r\n            "FormatStartIndex": 1,\r\n            "LastNameCharCount": 3,\r\n            "PersonNameFormatType": 0,\r\n            "TextBetweenFirstNameLastName": "",\r\n            "TextBetweenPersons": ""\r\n          },\r\n          "PersonElement2": {\r\n            "FirstNameCharCount": 0,\r\n            "FormatEndIndex": 3,\r\n            "FormatStartIndex": 1,\r\n            "LastNameCharCount": 100,\r\n            "PersonNameFormatType": 0,\r\n            "TextBetweenFirstNameLastName": ". ",\r\n            "TextBetweenPersons": " & "\r\n          },\r\n          "PersonListElement": {\r\n            "AbbreviateAfterPersonIndex": 1,\r\n            "AbbreviateText": "",\r\n            "MaxPersonCount": 1\r\n          },\r\n          "PersonElementForOnePerson": {\r\n            "FirstNameCharCount": 0,\r\n            "FormatEndIndex": 3,\r\n            "FormatStartIndex": 1,\r\n            "LastNameCharCount": 100,\r\n            "PersonNameFormatType": 0,\r\n            "TextBetweenFirstNameLastName": ". ",\r\n            "TextBetweenPersons": " & "\r\n          },\r\n          "PersonElement1ForTwoPersons": {\r\n            "FirstNameCharCount": 0,\r\n            "FormatEndIndex": 3,\r\n            "FormatStartIndex": 1,\r\n            "LastNameCharCount": 100,\r\n            "PersonNameFormatType": 0,\r\n            "TextBetweenFirstNameLastName": ". ",\r\n            "TextBetweenPersons": " & "\r\n          },\r\n          "PersonElement2ForTwoPersons": {\r\n            "FirstNameCharCount": 0,\r\n            "FormatEndIndex": 3,\r\n            "FormatStartIndex": 1,\r\n            "LastNameCharCount": 100,\r\n            "PersonNameFormatType": 0,\r\n            "TextBetweenFirstNameLastName": ". ",\r\n            "TextBetweenPersons": " & "\r\n          },\r\n          "PersonElement1ForThreePersons": {\r\n            "FirstNameCharCount": 0,\r\n            "FormatEndIndex": 3,\r\n            "FormatStartIndex": 1,\r\n            "LastNameCharCount": 100,\r\n            "PersonNameFormatType": 0,\r\n            "TextBetweenFirstNameLastName": ". ",\r\n            "TextBetweenPersons": " & "\r\n          },\r\n          "PersonElement2ForThreePersons": {\r\n            "FirstNameCharCount": 0,\r\n            "FormatEndIndex": 3,\r\n            "FormatStartIndex": 1,\r\n            "LastNameCharCount": 100,\r\n            "PersonNameFormatType": 0,\r\n            "TextBetweenFirstNameLastName": ". ",\r\n            "TextBetweenPersons": " & "\r\n          },\r\n          "UseDifferentSetsForDifferentNumberOfPersons": false,\r\n          "Lowercase": false,\r\n          "ReferencePropertyId": 108,\r\n          "TextAfter": "-",\r\n          "TextBefore": "[",\r\n          "Uppercase": true\r\n        },\r\n        {\r\n          "$type": "SwissAcademic.Citavi.BibTeXCitationKey.DateKeyItem, SwissAcademic.Citavi",\r\n          "DateTimePattern": "yy",\r\n          "FormatDate": true,\r\n          "Lowercase": false,\r\n          "ReferencePropertyId": 201,\r\n          "TextAfter": "]",\r\n          "TextBefore": "",\r\n          "Uppercase": false\r\n        }\r\n      ]\r\n    }\r\n  ],\r\n  "IsBibTeXKey": false,\r\n  "NormalizeKeys": false\r\n}
PubMed	PubMed	PubMed
ProjectCloudUpload_ForwardingJob	Sending project creation job to the Citavi Cloud…	正在向 Citavi Cloud 发送项目创建作业…
NoExtractableLocations	No locations were found in the selection from which text can be extracted.	在选择中未找到可从中提取文本的馆藏地。
BibTeXExportComplete	Finish	完成
DeletePublisherFromFormWithAssignedReferences_Smart	This publisher is in use by {0:a reference|{0} references}. Do you want to delete the publisher anyway?	
ImportProgressEstablishingConnection	Connecting to library catalog…	正在连接到图书馆目录…
DeleteSavedTaskPlannerFilter	Are you sure you want to delete the saved selection "{0}"?	确定要删除已保存的选集“{0}”吗？
DuplicatePublisherInfoCancel	A publisher with this name already exists. Enter a different name or cancel.	已存在同名的出版商。请输入其他名称或取消。
OptionsImportRetrievalDefinition	Databases for online search	用于在线搜索的数据库
DeleteRowsConfirmation_Smart	The {0:selected member|{0} selected members} will be removed.	
MergePublishers_DragDropMessage_Multi	Do you want to merge the selected {1} publishers into "{0}"?	是否要将所选的 {1} 个出版商合并到“{0}”？
AllKnowledgeItemsInAllCategories	All knowledge items in all categories	所有类别中的所有知识条目
OptionsOpenUrlBaseUrlIsEmpty	You have not specified a Base URL for OpenURL. Do you want to use the default Base URL?	您尚未为 OpenURL 指定基础 URL。是否要使用默认基础 URL？
PersonFieldPropertyEditorControl_FillSubsequentRepetitionOutput	A special output format for repeating persons is already defined.\r\n\r\nDo you want to overwrite it?	已定义用于重复人员的特殊输出格式。\r\n\r\n是否要覆盖它？
DefaultSearches_ReferencesWithQuotations	References with quotations	带引文的题录
CreateBackupSuccessful	The backup copy was created successfully.	已成功创建备份副本。
NoPrinterInstalledPageSetup	Page setup is not available because no printer is set up.	页面设置不可用，因为未设置打印机。
DownloadingProject	Downloading project …	正在下载项目…
HasLabel1_True	Has a blue label	具有蓝色标签
CitaviBugFixAvailable	You are using version {0}.\r\nA new version is available: Citavi {1}. \r\nThe new version is available at <a href="http://www.citavi.com/download">www.citavi.com/download</a>. To see what has changed, check <a href="http://www.citavi.com/updateinfo">www.citavi.com/updateinfo</a>.	您正在使用版本 {0}。\r\n有可用的新版本：Citavi {1}。\r\n新版本可在 <a href="http://www.citavi.com/download">www.citavi.com/download</a> 获取。要查看更改内容，请访问 <a href="http://www.citavi.com/updateinfo">www.citavi.com/updateinfo</a>。
SearchForm_CitaviItemHasBeenDeleted	The element cannot be displayed. Presumably it has been deleted since the last search.	无法显示该元素。它可能自上次搜索后已被删除。
TemplateUseCaseNameLocalized_MusicTrack_MusicAlbum	Music track in album	专辑中的曲目
DeleteCloudProjectQuestion_Title	Delete project	删除项目
ChangesetMismatchException	The synchronization between the database and your Citavi instance is not possible because it has been too long since you last accessed the database. Please close the project and open it again to restore the synchronization. Changes to your data cannot be saved.	由于距离上次访问数据库的时间过长，数据库与您的 Citavi 实例之间无法同步。请关闭项目并重新打开以恢复同步。您的数据更改无法保存。
CannotDeleteSeriesTitlesInUse_Smart	{0:The series "{1}"|The {0} selected series} cannot be deleted because {0:it|at least one of them} is in use by one or more references.\r\n\r\nSelect only unused series to delete.	
CannotSaveFilterAsSearch	The selection contains filter conditions that cannot be saved as a saved search.	该选择包含无法保存为已保存搜索的筛选条件。
TransformerHelpContext_ORRequestNotSupported	|OR| searches	
ProjectIsFromNewerVersion	This project was created with a later version of Citavi and cannot be opened using this version.	此项目是用较新版本的 Citavi 创建的，无法使用此版本打开。
ExportToClipboard	Export to clipboard	导出到剪贴板
RepairIntegrity_KnowledgeItemCategory_CategoryOrphaned	{0} links between knowledge items and categories were removed because the category does not exist.	由于类别不存在，已移除 {0} 个知识条目与类别之间的链接。
OpenProjectFromCloud_WaitingForActivation	Waiting for the download job to be started by Citavi Cloud…	正在等待 Citavi Cloud 启动下载作业…
Sigel_DefaultLatex_Json	{\r\n  "AutoUpdate": false,\r\n  "CharsToRemove": [\r\n    "/",\r\n    "\\\\",\r\n    "#",\r\n    "%",\r\n    "'",\r\n    "|",\r\n    ",",\r\n    "=",\r\n    "{",\r\n    "}",\r\n    "\\"",\r\n    "-",\r\n    "[",\r\n    "]",\r\n    "(",\r\n    ")",\r\n    " "\r\n  ],\r\n  "Name": "DefaultLatex",\r\n  "Id": "3E94604B-95EB-4877-BCF0-DFE5BBCA2487",\r\n  "Items": [\r\n    {\r\n      "ReferenceTypeId": 0,\r\n      "KeyItems": [\r\n        {\r\n          "$type": "SwissAcademic.Citavi.BibTeXCitationKey.PersonKeyItem, SwissAcademic.Citavi",\r\n          "PersonElement1": {\r\n            "FirstNameCharCount": 0,\r\n            "FormatEndIndex": -1,\r\n            "FormatStartIndex": 1,\r\n            "LastNameCharCount": 100,\r\n            "PersonNameFormatType": 0,\r\n            "TextBetweenFirstNameLastName": ". ",\r\n            "TextBetweenPersons": "."\r\n          },\r\n          "PersonElement2": {\r\n            "FirstNameCharCount": 0,\r\n            "FormatEndIndex": 3,\r\n            "FormatStartIndex": 1,\r\n            "LastNameCharCount": 100,\r\n            "PersonNameFormatType": 0,\r\n            "TextBetweenFirstNameLastName": ". ",\r\n            "TextBetweenPersons": " & "\r\n          },\r\n          "PersonListElement": {\r\n            "AbbreviateAfterPersonIndex": 1,\r\n            "AbbreviateText": "",\r\n            "MaxPersonCount": 1\r\n          },\r\n          "PersonElementForOnePerson": {\r\n            "FirstNameCharCount": 0,\r\n            "FormatEndIndex": 3,\r\n            "FormatStartIndex": 1,\r\n            "LastNameCharCount": 100,\r\n            "PersonNameFormatType": 0,\r\n            "TextBetweenFirstNameLastName": ". ",\r\n            "TextBetweenPersons": " & "\r\n          },\r\n          "PersonElement1ForTwoPersons": {\r\n            "FirstNameCharCount": 0,\r\n            "FormatEndIndex": 3,\r\n            "FormatStartIndex": 1,\r\n            "LastNameCharCount": 100,\r\n            "PersonNameFormatType": 0,\r\n            "TextBetweenFirstNameLastName": ". ",\r\n            "TextBetweenPersons": " & "\r\n          },\r\n          "PersonElement2ForTwoPersons": {\r\n            "FirstNameCharCount": 0,\r\n            "FormatEndIndex": 3,\r\n            "FormatStartIndex": 1,\r\n            "LastNameCharCount": 100,\r\n            "PersonNameFormatType": 0,\r\n            "TextBetweenFirstNameLastName": ". ",\r\n            "TextBetweenPersons": " & "\r\n          },\r\n          "PersonElement1ForThreePersons": {\r\n            "FirstNameCharCount": 0,\r\n            "FormatEndIndex": 3,\r\n            "FormatStartIndex": 1,\r\n            "LastNameCharCount": 100,\r\n            "PersonNameFormatType": 0,\r\n            "TextBetweenFirstNameLastName": ". ",\r\n            "TextBetweenPersons": " & "\r\n          },\r\n          "PersonElement2ForThreePersons": {\r\n            "FirstNameCharCount": 0,\r\n            "FormatEndIndex": 3,\r\n            "FormatStartIndex": 1,\r\n            "LastNameCharCount": 100,\r\n            "PersonNameFormatType": 0,\r\n            "TextBetweenFirstNameLastName": ". ",\r\n            "TextBetweenPersons": " & "\r\n          },\r\n          "UseDifferentSetsForDifferentNumberOfPersons": false,\r\n          "Lowercase": false,\r\n          "ReferencePropertyId": 108,\r\n          "TextAfter": "",\r\n          "TextBefore": "",\r\n          "Uppercase": false\r\n        },\r\n        {\r\n          "$type": "SwissAcademic.Citavi.BibTeXCitationKey.DateKeyItem, SwissAcademic.Citavi",\r\n          "DateTimePattern": "yyyy",\r\n          "FormatDate": true,\r\n          "Lowercase": false,\r\n          "ReferencePropertyId": 201,\r\n          "TextAfter": "",\r\n          "TextBefore": ".",\r\n          "Uppercase": false\r\n        }\r\n      ]\r\n    },\r\n    {\r\n      "ReferenceTypeId": 12,\r\n      "KeyItems": [\r\n        {\r\n          "$type": "SwissAcademic.Citavi.BibTeXCitationKey.PersonKeyItem, SwissAcademic.Citavi",\r\n          "PersonElement1": {\r\n            "FirstNameCharCount": 100,\r\n            "FormatEndIndex": -1,\r\n            "FormatStartIndex": 1,\r\n            "LastNameCharCount": 100,\r\n            "PersonNameFormatType": 0,\r\n            "TextBetweenFirstNameLastName": " ",\r\n            "TextBetweenPersons": " & "\r\n          },\r\n          "PersonElement2": {\r\n            "FirstNameCharCount": 0,\r\n            "FormatEndIndex": 3,\r\n            "FormatStartIndex": -1,\r\n            "LastNameCharCount": 100,\r\n            "PersonNameFormatType": 0,\r\n            "TextBetweenFirstNameLastName": ". ",\r\n            "TextBetweenPersons": " & "\r\n          },\r\n          "PersonListElement": {\r\n            "AbbreviateAfterPersonIndex": 1,\r\n            "AbbreviateText": "",\r\n            "MaxPersonCount": 1\r\n          },\r\n          "PersonElementForOnePerson": {\r\n            "FirstNameCharCount": 0,\r\n            "FormatEndIndex": 3,\r\n            "FormatStartIndex": 1,\r\n            "LastNameCharCount": 100,\r\n            "PersonNameFormatType": 0,\r\n            "TextBetweenFirstNameLastName": ". ",\r\n            "TextBetweenPersons": " & "\r\n          },\r\n          "PersonElement1ForTwoPersons": {\r\n            "FirstNameCharCount": 0,\r\n            "FormatEndIndex": 3,\r\n            "FormatStartIndex": 1,\r\n            "LastNameCharCount": 100,\r\n            "PersonNameFormatType": 0,\r\n            "TextBetweenFirstNameLastName": ". ",\r\n            "TextBetweenPersons": " & "\r\n          },\r\n          "PersonElement2ForTwoPersons": {\r\n            "FirstNameCharCount": 0,\r\n            "FormatEndIndex": 3,\r\n            "FormatStartIndex": 1,\r\n            "LastNameCharCount": 100,\r\n            "PersonNameFormatType": 0,\r\n            "TextBetweenFirstNameLastName": ". ",\r\n            "TextBetweenPersons": " & "\r\n          },\r\n          "PersonElement1ForThreePersons": {\r\n            "FirstNameCharCount": 0,\r\n            "FormatEndIndex": 3,\r\n            "FormatStartIndex": 1,\r\n            "LastNameCharCount": 100,\r\n            "PersonNameFormatType": 0,\r\n            "TextBetweenFirstNameLastName": ". ",\r\n            "TextBetweenPersons": " & "\r\n          },\r\n          "PersonElement2ForThreePersons": {\r\n            "FirstNameCharCount": 0,\r\n            "FormatEndIndex": 3,\r\n            "FormatStartIndex": 1,\r\n            "LastNameCharCount": 100,\r\n            "PersonNameFormatType": 0,\r\n            "TextBetweenFirstNameLastName": ". ",\r\n            "TextBetweenPersons": " & "\r\n          },\r\n          "UseDifferentSetsForDifferentNumberOfPersons": false,\r\n          "Lowercase": false,\r\n          "ReferencePropertyId": 152,\r\n          "TextAfter": "",\r\n          "TextBefore": "",\r\n          "Uppercase": false\r\n        },\r\n        {\r\n          "$type": "SwissAcademic.Citavi.BibTeXCitationKey.TextKeyItem, SwissAcademic.Citavi",\r\n          "NumberOfChars": 0,\r\n          "NumberOfWords": 0,\r\n          "TextKeyFormatType": 2,\r\n          "Lowercase": false,\r\n          "ReferencePropertyId": 176,\r\n          "TextAfter": "",\r\n          "TextBefore": ".",\r\n          "Uppercase": false\r\n        }\r\n      ]\r\n    },\r\n    {\r\n      "ReferenceTypeId": 26,\r\n      "KeyItems": [\r\n        {\r\n          "$type": "SwissAcademic.Citavi.BibTeXCitationKey.PersonKeyItem, SwissAcademic.Citavi",\r\n          "PersonElement1": {\r\n            "FirstNameCharCount": 0,\r\n            "FormatEndIndex": -1,\r\n            "FormatStartIndex": 1,\r\n            "LastNameCharCount": 100,\r\n            "PersonNameFormatType": 0,\r\n            "TextBetweenFirstNameLastName": ". ",\r\n            "TextBetweenPersons": "."\r\n          },\r\n          "PersonElement2": {\r\n            "FirstNameCharCount": 0,\r\n            "FormatEndIndex": 3,\r\n            "FormatStartIndex": 1,\r\n            "LastNameCharCount": 100,\r\n            "PersonNameFormatType": 0,\r\n            "TextBetweenFirstNameLastName": ". ",\r\n            "TextBetweenPersons": " & "\r\n          },\r\n          "PersonListElement": {\r\n            "AbbreviateAfterPersonIndex": 1,\r\n            "AbbreviateText": "",\r\n            "MaxPersonCount": 1\r\n          },\r\n          "PersonElementForOnePerson": {\r\n            "FirstNameCharCount": 0,\r\n            "FormatEndIndex": 3,\r\n            "FormatStartIndex": 1,\r\n            "LastNameCharCount": 100,\r\n            "PersonNameFormatType": 0,\r\n            "TextBetweenFirstNameLastName": ". ",\r\n            "TextBetweenPersons": " & "\r\n          },\r\n          "PersonElement1ForTwoPersons": {\r\n            "FirstNameCharCount": 0,\r\n            "FormatEndIndex": 3,\r\n            "FormatStartIndex": 1,\r\n            "LastNameCharCount": 100,\r\n            "PersonNameFormatType": 0,\r\n            "TextBetweenFirstNameLastName": ". ",\r\n            "TextBetweenPersons": " & "\r\n          },\r\n          "PersonElement2ForTwoPersons": {\r\n            "FirstNameCharCount": 0,\r\n            "FormatEndIndex": 3,\r\n            "FormatStartIndex": 1,\r\n            "LastNameCharCount": 100,\r\n            "PersonNameFormatType": 0,\r\n            "TextBetweenFirstNameLastName": ". ",\r\n            "TextBetweenPersons": " & "\r\n          },\r\n          "PersonElement1ForThreePersons": {\r\n            "FirstNameCharCount": 0,\r\n            "FormatEndIndex": 3,\r\n            "FormatStartIndex": 1,\r\n            "LastNameCharCount": 100,\r\n            "PersonNameFormatType": 0,\r\n            "TextBetweenFirstNameLastName": ". ",\r\n            "TextBetweenPersons": " & "\r\n          },\r\n          "PersonElement2ForThreePersons": {\r\n            "FirstNameCharCount": 0,\r\n            "FormatEndIndex": 3,\r\n            "FormatStartIndex": 1,\r\n            "LastNameCharCount": 100,\r\n            "PersonNameFormatType": 0,\r\n            "TextBetweenFirstNameLastName": ". ",\r\n            "TextBetweenPersons": " & "\r\n          },\r\n          "UseDifferentSetsForDifferentNumberOfPersons": false,\r\n          "Lowercase": false,\r\n          "ReferencePropertyId": 108,\r\n          "TextAfter": "",\r\n          "TextBefore": "",\r\n          "Uppercase": false\r\n        },\r\n        {\r\n          "$type": "SwissAcademic.Citavi.BibTeXCitationKey.DateKeyItem, SwissAcademic.Citavi",\r\n          "DateTimePattern": "",\r\n          "FormatDate": false,\r\n          "Lowercase": false,\r\n          "ReferencePropertyId": 201,\r\n          "TextAfter": "",\r\n          "TextBefore": ".",\r\n          "Uppercase": false\r\n        },\r\n        {\r\n          "$type": "SwissAcademic.Citavi.BibTeXCitationKey.TextKeyItem, SwissAcademic.Citavi",\r\n          "NumberOfChars": 0,\r\n          "NumberOfWords": 0,\r\n          "TextKeyFormatType": 0,\r\n          "Lowercase": false,\r\n          "ReferencePropertyId": 179,\r\n          "TextAfter": "",\r\n          "TextBefore": ".",\r\n          "Uppercase": false\r\n        }\r\n      ]\r\n    },\r\n    {\r\n      "ReferenceTypeId": 31,\r\n      "KeyItems": [\r\n        {\r\n          "$type": "SwissAcademic.Citavi.BibTeXCitationKey.TextKeyItem, SwissAcademic.Citavi",\r\n          "NumberOfChars": 0,\r\n          "NumberOfWords": 0,\r\n          "TextKeyFormatType": 0,\r\n          "Lowercase": false,\r\n          "ReferencePropertyId": 149,\r\n          "TextAfter": "",\r\n          "TextBefore": "",\r\n          "Uppercase": false\r\n        },\r\n        {\r\n          "$type": "SwissAcademic.Citavi.BibTeXCitationKey.DateKeyItem, SwissAcademic.Citavi",\r\n          "DateTimePattern": "",\r\n          "FormatDate": false,\r\n          "Lowercase": false,\r\n          "ReferencePropertyId": 201,\r\n          "TextAfter": "",\r\n          "TextBefore": ".",\r\n          "Uppercase": false\r\n        }\r\n      ]\r\n    },\r\n    {\r\n      "ReferenceTypeId": 13,\r\n      "KeyItems": [\r\n        {\r\n          "$type": "SwissAcademic.Citavi.BibTeXCitationKey.PersonKeyItem, SwissAcademic.Citavi",\r\n          "PersonElement1": {\r\n            "FirstNameCharCount": 0,\r\n            "FormatEndIndex": -1,\r\n            "FormatStartIndex": 1,\r\n            "LastNameCharCount": 100,\r\n            "PersonNameFormatType": 0,\r\n            "TextBetweenFirstNameLastName": ". ",\r\n            "TextBetweenPersons": "."\r\n          },\r\n          "PersonElement2": {\r\n            "FirstNameCharCount": 0,\r\n            "FormatEndIndex": 3,\r\n            "FormatStartIndex": 1,\r\n            "LastNameCharCount": 100,\r\n            "PersonNameFormatType": 0,\r\n            "TextBetweenFirstNameLastName": ". ",\r\n            "TextBetweenPersons": " & "\r\n          },\r\n          "PersonListElement": {\r\n            "AbbreviateAfterPersonIndex": 1,\r\n            "AbbreviateText": "",\r\n            "MaxPersonCount": 1\r\n          },\r\n          "PersonElementForOnePerson": {\r\n            "FirstNameCharCount": 0,\r\n            "FormatEndIndex": 3,\r\n            "FormatStartIndex": 1,\r\n            "LastNameCharCount": 100,\r\n            "PersonNameFormatType": 0,\r\n            "TextBetweenFirstNameLastName": ". ",\r\n            "TextBetweenPersons": " & "\r\n          },\r\n          "PersonElement1ForTwoPersons": {\r\n            "FirstNameCharCount": 0,\r\n            "FormatEndIndex": 3,\r\n            "FormatStartIndex": 1,\r\n            "LastNameCharCount": 100,\r\n            "PersonNameFormatType": 0,\r\n            "TextBetweenFirstNameLastName": ". ",\r\n            "TextBetweenPersons": " & "\r\n          },\r\n          "PersonElement2ForTwoPersons": {\r\n            "FirstNameCharCount": 0,\r\n            "FormatEndIndex": 3,\r\n            "FormatStartIndex": 1,\r\n            "LastNameCharCount": 100,\r\n            "PersonNameFormatType": 0,\r\n            "TextBetweenFirstNameLastName": ". ",\r\n            "TextBetweenPersons": " & "\r\n          },\r\n          "PersonElement1ForThreePersons": {\r\n            "FirstNameCharCount": 0,\r\n            "FormatEndIndex": 3,\r\n            "FormatStartIndex": 1,\r\n            "LastNameCharCount": 100,\r\n            "PersonNameFormatType": 0,\r\n            "TextBetweenFirstNameLastName": ". ",\r\n            "TextBetweenPersons": " & "\r\n          },\r\n          "PersonElement2ForThreePersons": {\r\n            "FirstNameCharCount": 0,\r\n            "FormatEndIndex": 3,\r\n            "FormatStartIndex": 1,\r\n            "LastNameCharCount": 100,\r\n            "PersonNameFormatType": 0,\r\n            "TextBetweenFirstNameLastName": ". ",\r\n            "TextBetweenPersons": " & "\r\n          },\r\n          "UseDifferentSetsForDifferentNumberOfPersons": false,\r\n          "Lowercase": false,\r\n          "ReferencePropertyId": 108,\r\n          "TextAfter": "",\r\n          "TextBefore": "",\r\n          "Uppercase": false\r\n        },\r\n        {\r\n          "$type": "SwissAcademic.Citavi.BibTeXCitationKey.DateKeyItem, SwissAcademic.Citavi",\r\n          "DateTimePattern": "",\r\n          "FormatDate": false,\r\n          "Lowercase": false,\r\n          "ReferencePropertyId": 201,\r\n          "TextAfter": "",\r\n          "TextBefore": ".",\r\n          "Uppercase": false\r\n        },\r\n        {\r\n          "$type": "SwissAcademic.Citavi.BibTeXCitationKey.TextKeyItem, SwissAcademic.Citavi",\r\n          "NumberOfChars": 0,\r\n          "NumberOfWords": 0,\r\n          "TextKeyFormatType": 0,\r\n          "Lowercase": false,\r\n          "ReferencePropertyId": 149,\r\n          "TextAfter": "",\r\n          "TextBefore": ".",\r\n          "Uppercase": false\r\n        }\r\n      ]\r\n    }\r\n  ],\r\n  "IsBibTeXKey": true,\r\n  "NormalizeKeys": false\r\n}	
SqlServerInfo_AlreadyConnectedToAnotherDbServer	You cannot change this DBServer connection since Citavi is already connected to another DBServer database.\r\nYou must close all projects before changing the connection.	由于 Citavi 已连接到另一个 DBServer 数据库，您无法更改此 DBServer 连接。\r\n更改连接前必须关闭所有项目。
MassReferenceIdentifier_Doublet_List	This identifier is already in the export list.	该标识符已在导出列表中。
SearchForm_NoResults_Project	No results anywhere in the project.	项目中任何位置都无结果。
RepairIntegrity_CategoryCategory_SubcategoryOrphaned	{0} category relationships were removed because the subcategory does not exist. Check the category system (Lists > Categories).	由于子类别不存在，已移除 {0} 个类别关系。请检查类别系统（列表 > 类别）。
CRM_Email_SendFormattedReferences_first_paragraph	Copy the following text to the Clipboard and then enter it in your word processor to cite the selected reference correctly.	将以下文本复制到剪贴板，然后在您的文字处理软件中输入，以正确引用所选题录。
StartFormHtml_ReadFeedEntry	[Read more]	[阅读更多]
NoInternetConnection	Citavi could not connect to the Internet.\r\nPlease check your connection.	Citavi 无法连接到互联网。\r\n请检查您的连接。
CRM_Email_CitaviGiftCard_subject	Your Citavi gift certificate	您的 Citavi 礼品券
IsbnDownloadProgress	Checking: {0}	正在检查：{0}
ConvertPathsToRelativePaths	Relative paths	相对路径
DownloadFullText_CompressingData	Compressing full text …	正在压缩全文…
KnowledgeItemSelectionSelectedPlural	The {0} selected knowledge items	{0} 条选定的知识项
FormattableString_FontStyle	Style	样式
CitaviSettingsNotOK	The settings file does not contain valid data.	设置文件不包含有效数据。
RepairIntegrity_KnowledgeItemKeyword_KeywordOrphaned	{0} links between knowledge items and keywords were removed because the keyword does not exist.	由于关键字不存在，已移除 {0} 个知识条目与关键字之间的链接。
BarcodeScanner_Clear	Are you sure you want to clear the bar code scanner's memory?	确定要清除条码扫描仪的内存吗？
AddOnException	The add-on <b>{0} (version {1})</b> ran this command, which caused an error. Please check www.citavi.com/addons to see if a new version of the add-on is available, and that it is compatible with the version <b>{2}</b> of Citavi you are using.\r\n\r\nIf the problem persists, please contact Citavi support for assistance: www.citavi.com/service.\r\n\r\nThe internal error message is:\r\n{3}	附加组件 <b>{0}（版本 {1}）</b> 运行了此命令，导致出错。请访问 www.citavi.com/addons 查看该附加组件是否有新版本，以及它是否与您使用的 Citavi 版本 <b>{2}</b> 兼容。\r\n\r\n如果问题持续存在，请联系 Citavi 支持以获取帮助：www.citavi.com/service。\r\n\r\n内部错误消息为：\r\n{3}
ReferenceTypeDialogWithMultipleReferences	The new reference type will be applied to the {0} selected references.	新题录类型将应用于所选的 {0} 条题录。
CannotMoveColumnBeforeMarks	You cannot move another column in front of the label column.	不能将另一列移到标签列之前。
ActiveLinkToolTip	Hold Ctrl and click to follow link.	按住 Ctrl 并单击以访问链接。
InternalServerException	An error occurred while processing your request. \r\nIf the error occurs again, please contact <a href="http://service.citavi.com">service.citavi.com</a> with the following session ID: {0}	处理您的请求时出错。\r\n如果再次出现该错误，请携带以下会话 ID 联系 <a href="http://service.citavi.com">service.citavi.com</a>：{0}
IsbnDownloadLocations	Download location information	下载馆藏地信息
CRM_Email_OrderProcessLicensee_subject	You were assigned a Citavi license key	您被分配了一个 Citavi 许可证密钥
ImportExportWizard_Option_Import	Import reference	导入题录
FilterSeriesTitleNotFound_Project	The series "{0}" ist not assigned to any references in the project.	丛书“{0}”未分配到项目中的任何题录。
LazyUpdateOfKnowledgeItemsWithNoGroup	<b>No groups</b> will update as soon as you click a different category. This delay gives you the opportunity to assign the selected knowledge items to multiple groups.	<b>无组</b>将在您单击其他类别时更新。此延迟让您有机会将所选知识条目分配到多个组。
StatusBarNumberOfReferencesFiltered_Smart	{0:1 reference|{0} references} shown	
Project	Project:	项目：
Privacy	Privacy	隐私
ImportExportWizard_Option_ImportFilesAsReferences	Import PDF or Word files as references	将 PDF 或 Word 文件作为题录导入
MergePublisherOption	Merge the edited publisher with the existing publisher "{0}"	将编辑后的出版商与现有出版商“{0}”合并
DeleteOrganizationSetting	Do you really want to delete the settings file?	确定要删除设置文件吗？
SelectLocationsDialog_All	All files in this project	此项目中的所有文件
ProjectImportErrorMessage_Unknown	An error occurred while determining privileges for the project. Please contact Citavi support for assistance: www.citavi.com/support.	确定项目权限时出错。请联系 Citavi 支持以获取帮助：www.citavi.com/support。
DeleteCategory	Do you want to delete the "{0}" category?	是否要删除“{0}”类别？
HasLabel2_True	Has a red label	具有红色标签
SupportInformation_CopyToClipboard_OK	{\\rtf1\\ansi\\ansicpg1252\\deff0\\nouicompat\\deflang2055{\\fonttbl{\\f0\\fnil\\fcharset0 Segoe UI;}}\r\n{\\*\\generator Riched20 6.3.9600}\\viewkind4\\uc1 \r\n\\pard\\sa200\\sl276\\slmult1\\f0\\fs18\\lang7 Support information successfully copied to the Clipboard.\\par\r\nPress \\b CTRL+V\\b0  or right-click and select \\b Paste\\b0  to include the information in your support request.\\fs22\\par\r\n}	{\\rtf1\\ansi\\ansicpg1252\\deff0\\nouicompat\\deflang2055{\\fonttbl{\\f0\\fnil\\fcharset0 Segoe UI;}}\r\n{\\*\\generator Riched20 6.3.9600}\\viewkind4\\uc1 \r\n\\pard\\sa200\\sl276\\slmult1\\f0\\fs18\\lang7 支持信息已成功复制到剪贴板。\\par\r\n按 \\b CTRL+V\\b0  或右键单击并选择 \\b 粘贴\\b0  以将信息包含在您的支持请求中。\\fs22\\par\r\n}
CategoryTextEditorDropDownForm_UpdateInfo_InsertCategoryNameMissing	Type name to insert category:\r\n{0}	输入名称以插入类别：\r\n{0}
ImportExportWizard_Option_ImportBiblioscape	Biblioscape	Biblioscape
SelectLocationsDialog_SelectedReference	The files attached to the selected reference	附加到所选题录的文件
OptionsDialog_mainTabControl_General	General	常规
ImportGroup_OnlineSearch_ToolTipText	Double-click to display the online search details	双击以显示在线搜索详细信息
OutOfMemoryClrException	Your computer's memory is full. Citavi will try to save the open project and will then close automatically. \r\nIf this error occurs frequently, please contact Citavi support for assistance: www.citavi.com/service.	您的计算机内存已满。Citavi 将尝试保存打开的项目，然后自动关闭。\r\n如果此错误频繁出现，请联系 Citavi 支持以获取帮助：www.citavi.com/service。
RenameFile_Description	Select the files to rename:	选择要重命名的文件：
ReferencePropertyIdGroup_TitleData	Bibliographic information	书目信息
CRM_Email_AccountCreatedViaProcessOrderMailBilling_Business_button	Choose a password	选择密码
BiblioscapeReferenceParentCategoryName	Subject areas of Biblioscape references, {0}	Biblioscape 题录的主题领域，{0}
ReferenceDataCompletion_InvalidIsbn	The ISBN field does not contain a valid ISBN number.\r\nWith a valid ISBN, you can import bibliographic information from selected information providers automatically. (Set in Tools > Options > Online search).	ISBN 字段不包含有效的 ISBN 编号。\r\n有了有效的 ISBN，您可以自动从所选信息提供商导入书目信息。（在“工具”>“选项”>“在线搜索”中设置）。
ImportWizard_tabularDefinitionDelimiterCommaRadioButton	Comma	逗号
RemoveGroupFromSelectedReferences	Do you want to remove {1:the selected reference|the {1} selected references} from the group "{0}"?	
CRM_Email_CampusContractExtensionVerifyAccountWithMail_second_paragraph	Need a license for a previous Citavi version? ##helpgetoldversion\r\n\r\n##addOn\r\n\r\nClick the blue button to activate your new license:	需要旧版 Citavi 的许可证？##helpgetoldversion\r\n\r\n##addOn\r\n\r\n单击蓝色按钮以激活您的新许可证：
EMailDisabledInformation	The system administrator has disabled the email feature.	系统管理员已禁用电子邮件功能。
CitaviVersionNumber	Version {0}	版本 {0}
CRM_Email_CampusContractExtensionVerifyAccount_first_paragraph	Your current license for Citavi will expire soon. Get your new license now by first creating a password for your Citavi Account and Citavi.	您当前的 Citavi 许可证即将过期。请先为您的 Citavi 账户和 Citavi 创建密码，然后立即获取新许可证。
CategoryTextEditorDropDownForm_UpdateInfo_Illegal	Error. Cannot create category:\r\n{0}	错误。无法创建类别：\r\n{0}
DownloadAborted	You canceled the download.	您取消了下载。
InvalidFilePath	"{0}" is not a valid file path.	"{0}" 不是有效的文件路径。
StatusBarNumberOfKnowledgeItemsAll_Smart	{0:1 knowledge item|{0} knowledge items total}	
CRM_Email_ConfirmEmailAddressMail_subject	Please confirm your email address	请确认您的电子邮件地址
CRM_Email_LicenseWithdrawal_second_paragraph	If you think there's been a mistake, please contact your IT department.	如果您认为出错了，请联系您的 IT 部门。
ProjectCloudUpload_StartingJob	The Citavi Cloud is starting the upload job…	Citavi Cloud 正在启动上传任务…
ProjectCloudUpload_Finished	Project created in the Citavi Cloud.	项目已在 Citavi Cloud 中创建。
CRM_Email_CampusContractExtension_subject	Citavi: Activate your new license	Citavi：激活您的新许可证
HelpFileDeleteContinue	Are you sure you want to delete the Quick Help file "{0}"?	您确定要删除快速帮助文件"{0}"吗？
CitationKeyDialog_GenerateAllReferenceOverwrite	Generate citation keys for all references again (existing citation keys will be overwritten)	为所有参考文献重新生成引用键（现有引用键将被覆盖）
EditorsToAuthors	You are changing from a reference type with editors to a reference type with authors. Do you want to move the contents of the Editor field into the Author field?	您正在从带编者的文献类型更改为带作者的文献类型。是否要将"编者"字段的内容移动到"作者"字段？
SortKnowledgeItemsByCoreStatementTextNoCategoriesGroup	{\\rtf1\\ansi\\ansicpg1252\\deff0\\deflang2055\\deflangfe2055{\\fonttbl{\\f0\\fswiss\\fprq2\\fcharset0 Arial;}}\r\n{\\colortbl ;\\red255\\green136\\blue17;\\red128\\green128\\blue128;}\r\n{\\*\\generator Msftedit 5.41.21.2508;}\\viewkind4\\uc1\\pard\\nowidctlpar\\sa80\\sl264\\slmult1\\cf1\\lang1033\\f0\\fs18 Note: \\cf2 Any sort order applied to the selected group (Not categorized) \\cf1 is strictly temporary and will not be saved.\\cf2\\par\r\n}\r\n 	{\\rtf1\\ansi\\ansicpg1252\\deff0\\deflang2055\\deflangfe2055{\\fonttbl{\\f0\\fswiss\\fprq2\\fcharset0 Arial;}}\r\n{\\colortbl ;\\red255\\green136\\blue17;\\red128\\green128\\blue128;}\r\n{\\*\\generator Msftedit 5.41.21.2508;}\\viewkind4\\uc1\\pard\\nowidctlpar\\sa80\\sl264\\slmult1\\cf1\\lang1033\\f0\\fs18 注意：\\cf2 对所选组（未分类）应用的任何排序顺序 \\cf1 都只是临时的，不会被保存。\\cf2\\par\r\n}\r\n 
RepairIntegrity_SeriesTitleEditor_SeriesTitleNull	{0} links between series and editors were removed because the link to the series was empty.	由于与丛书的链接为空，已移除 {0} 个丛书与编者之间的链接。
InsertAsFootnoteButtonText_Word	Insert as Word footnote	作为 Word 脚注插入
ImportFailed2	The import failed.	导入失败。
DeleteTemplateWarning	Are you sure you want to delete this template?\r\n\r\n{0}	您确定要删除此模板吗？\r\n\r\n{0}
SearchForm_NoResults_PeriodicalList	No results in the list of periodicals.	期刊列表中没有结果。
DataExchangeProperty_Overwrite_Export	The  export preset "{0}" already exists. Do you want to replace it?	导出预设"{0}"已存在。是否要替换它？
TahomaDoesNotSupportRegularException	Citavi encountered an error while trying to format text in the Tahoma typeface. The most common cause is a damaged Tahoma font file. Refer to <a href="http://www.citavi.com/de/support/tahomadoesnotsupportregular">the guide on our website</a>.	Citavi 在尝试以 Tahoma 字体格式化文本时遇到错误。最常见的原因是 Tahoma 字体文件损坏。请参阅<a href="http://www.citavi.com/de/support/tahomadoesnotsupportregular">我们网站上的指南</a>。
PubMedConcentrationArea	Medicine, pharmacy and nursing science	医学、药学和护理学
LocationSelectionIncludesNonAttachments	Your selection also includes linked files not in the Citavi Attachments folder. Do you also want to rename these files?	您的选择还包含不在 Citavi 附件文件夹中的链接文件。您是否也要重命名这些文件？
IOExceptionDiskQuotaExceeded	An error occurred:\r\n\r\nYour drive '{0} ({1})' does not have enough storage space. Citavi can no longer save your changes.\r\n\r\nClose Citavi and delete files you no longer need. If you are saving on a network drive in a company or organization ask your system administrator to give you a higher disk quota.	发生错误：\r\n\r\n您的驱动器"{0} ({1})"没有足够的存储空间。Citavi 无法再保存您的更改。\r\n\r\n请关闭 Citavi 并删除不再需要的文件。如果您在公司或组织的网络驱动器上保存，请让系统管理员为您提高磁盘配额。
Conditions	Conditions	条件
LinkedResource_Error_Unknown	An error occurred.	发生错误。
QuotationSelectionSelectedSingular	The selected quotation	所选引文
ElectronicAddressInfo_Attachments_LocationLabel_short	Attachment	附件
SortKnowledgeItemsEllipsis	Sort knowlege items…	排序知识条目…
ProjectNeedsConversion_ReadOnly	This project was created with an earlier version of Citavi and must be converted before it can be opened. It cannot be converted because the file is write protected or is located on a read-only disk or folder. \r\nRemove the write protection and then open the project again.	此项目是用较早版本的 Citavi 创建的，必须先转换才能打开。由于文件受写保护或位于只读磁盘或文件夹中，无法转换。 \r\n请移除写保护，然后再次打开该项目。
RepairIntegrity_UserMessage_AclNoWrite	Data inconsistencies in your project "{0}" are preventing Citavi from loading correctly. Citavi can try to repair these inconsistencies. However, write permission is currently not allowed for this project.\r\n\r\nPlease change the project's permissions and reopen the project in order to start the automatic repair.	您项目"{0}"中的数据不一致导致 Citavi 无法正确加载。Citavi 可以尝试修复这些不一致。但当前不允许对此项目进行写操作。\r\n\r\n请更改项目权限并重新打开项目，以启动自动修复。
CRM_Email_CampusContractExtensionVerifyAccountWithMail_button	Activate license	激活许可证
BugReport_Body	Please describe (in English or German) what happened and how this differs from what you expected to happen. If you would like a reply, please let us know.	请（用英语或德语）描述发生了什么以及这与您的预期有何不同。如果您希望收到回复，请告知我们。
UploadFullText_SavingFullText	Saving full text …	正在保存全文…
ImportWizardTaggedFileFile	Import a text file:	导入文本文件：
ConvertProjectProgressText	Converting "{0}"…	正在转换"{0}"…
RepairIntegrity_ReferenceOrganization_ReferenceOrphaned	{0} links between references and organizations were removed because the reference does not exist.	由于参考文献不存在，已移除 {0} 个参考文献与机构之间的链接。
ProjectLock	 (project locked)	  （项目已锁定）
ConversionToCitavi5Failed_ProtectedLocalTeamProjectNotSupported	You are trying to convert a protected local team project to Citavi 6 format. Protected local team projects are no longer supported. \r\n\r\nIf you want to continue working with this project in Citavi 6, you first need to unprotect it.  In Citavi 4, click File > Project properties > Team setup > Unprotect team project	您正尝试将受保护的本地团队项目转换为 Citavi 6 格式。不再支持受保护的本地团队项目。\r\n\r\n如果您想在 Citavi 6 中继续使用此项目，需要先取消保护。在 Citavi 4 中，点击"文件">"项目属性">"团队设置">"取消保护团队项目"
DeletePeriodicalsInUse_Smart	Warning: {0:The periodical "{1}"|At least one of the {0} selected periodicals} has references connected to it. If you delete {0:the periodical "{1}", it|the {0} selected periodicals, they} will be permanently removed from all references. Do you want to delete {0:the periodical "{1}"|the {0} selected periodicals} anyway?	
ImportExportWizard_Option_Export	Export reference	导出文献
ImportPreviewCaption	Import definition for {0}\r\nColumn {1} of {2}	{0} 的导入定义\r\n第 {1} 列，共 {2} 列
MruMultiFileSomeMissing	One or more of the files are no longer available. They were probably moved to another folder or deleted. Citavi added the files that could be found.	一个或多个文件已不可用。它们可能被移动到其他文件夹或被删除。Citavi 已添加能找到的文件。
CRM_Email_CampusContractExtensionLicensfileExportData_first_paragraph	Your university is using a site license for Citavi. To create a settings file, which among other things can include login credentials to restricted databases, you need a special license key file. Attached you will find this special license key file.	您的大学正在使用 Citavi 站点许可证。要创建设置文件(其中可能包含受限数据库的登录凭据等),您需要一个特殊的许可证密钥文件。随附的是此特殊的许可证密钥文件。
DateIsPast	The date you entered is in the past. Do you want to use it anyway?	您输入的日期已过去。是否仍要使用它？
CRM_Email_CampusContractExtensionVerifyAccountWithMail_first_paragraph	Your current license for Citavi will expire soon. Get your new license now by first creating a password for your Citavi Account and Citavi.	您当前的 Citavi 许可证即将过期。请先为您的 Citavi 账户和 Citavi 创建密码，然后立即获取新许可证。
RecycleBinItemNotFoundMessage	Another user deleted one or more of the selected items. The recycle bin is now being refreshed. Repeat the desired action once it has finished.	另一位用户删除了所选项目中的一个或多个。正在刷新回收站。完成后请重复所需操作。
RtfForm_TableOfContents	Table of contents	目录
WarningBackgroundTasksRunningCloseProject_ForceClose	Not recommended: force closing the project. Background tasks will be stopped which could cause information to be lost.	不推荐：强制关闭项目。后台任务将被停止，这可能导致信息丢失。
ImportProgressAllReadSuccessfully	All {0} references were retrieved successfully	已成功检索全部 {0} 条参考文献
RepairIntegrity_ReferenceCategory_CategoryOrphaned	{0} links between references and categories were removed because the category does not exist.	由于类别不存在，已移除 {0} 个参考文献与类别之间的链接。
DuplicateShortTitleException	There is already a reference with this short title.	已存在使用此短标题的参考文献。
RtfLengthWarning_KnowledgeItem	This knowledge item requires too much storage space. It may contain a large image or a very long text.\r\n\r\nThis can cause problems when saving or publishing. Images should always be saved as image quotations.\r\n\r\nPlease edit this knowledge item now.	此知识条目需要过多存储空间。它可能包含较大的图片或很长的文本。\r\n\r\n这可能导致保存或发布时出现问题。图片应始终保存为图片引文。\r\n\r\n请立即编辑此知识条目。
RepairIntegrity_KnowledgeItemKeyword_KeywordNull	{0} links between knowledge items and keywords were removed because the link to the keyword was empty.	由于与关键词的链接为空，已移除 {0} 个知识条目与关键词之间的链接。
SearchFieldDropDownForm_GroupHeader_OtherFields	Other fields	其他字段
ShortTitle	Short title	短标题
CloudProjectDeletedErrorMessage	The project owner has deleted the project. It will now be closed and will then no longer be available.	项目所有者已删除该项目。项目现在将被关闭，之后将不再可用。
CopyProjectDetachedEntitiesFoundError	This project can only be copied once all attachments are available and have been saved in the database. Please try copying again once this task has been completed.	只有当所有附件都可用并已保存到数据库中后，才能复制此项目。此任务完成后，请再次尝试复制。
StartScreen_CitaviWeb_Logout	Citavi Web: {0}	Citavi Web：{0}
BibliographyCompositionEditorRowToolTip_ShowAllLocations	All locations	所有馆藏地
PerformCommandNotAvailable	Requested action cannot be carried out in current context.	无法在当前上下文中执行请求的操作。
CopyProject_Successful2	The project copy has been saved.	项目副本已保存。
NotAValidPmcId	This is not a valid PMCID.	这不是有效的 PMCID。
StoreRemoteAttachmentTask_ShortName	Anhang speichern	保存附件
OpenUrlManyReferencesWarning	Are you sure you want to open the OpenURL links for all {0} selected references? Citavi will load each OpenURL link in a separate browser window.	您确定要打开所有 {0} 条所选参考文献的 OpenURL 链接吗？Citavi 将在单独的浏览器窗口中加载每个 OpenURL 链接。
CopyOrMoveToProjectWizard_AttachmentsBeeingMoved	Attachments werden verschoben …	正在移动附件…
SearchReplace_FormatsWarning_ReplaceAll_Replace	Replace all and discard formatting	全部替换并放弃格式
PickerOrDirectImportFailed_NoWritePermission	You cannot import because you only have read access to this project.	由于您对此项目只有读取权限，无法导入。
InvalidDate	"{0}" is not a valid date	"{0}" 不是有效的日期
InvalidIsbn	name="_"	name="_"
CoverNo	Does not have cover art	没有封面图
NewChatMessageReceived	You have a new chat message	您有一条新的聊天消息
EMailAddressDoesNotAppearToBeValid	The email address "{0}" does not appear to be valid. Do you want to correct it?	电子邮件地址"{0}"似乎无效。是否要更正它？
EndNoteImportParentCategoryName	Subject areas from EndNote library {0}, {1}	来自 EndNote 文库 {0} 的主题领域，{1}
YouNeedALicenseToOpenProjects	You need a valid license to open this project. Please obtain a license and then restart Citavi. <a href="https://www1.citavi.com/sub/manual6/en/index.html?entering_a_license_key.html">More Info</a>.	您需要有效的许可证才能打开此项目。请获取许可证，然后重新启动 Citavi。<a href="https://www1.citavi.com/sub/manual6/en/index.html?entering_a_license_key.html">更多信息</a>。
ImportProgressStatusChangedCaption_Categories	LiteRat import in progress: Assigning categories to the imported references…	LiteRat 导入进行中：正在为导入的参考文献分配类别…
LOBDescription	{\\rtf1\\ansi\\ansicpg1252\\deff0\\deflang1031{\\fonttbl{\\f0\\fswiss\\fprq2\\fcharset0 Arial;}}\r\n{\\colortbl ;\\red255\\green136\\blue17;\\red128\\green128\\blue128;\\red0\\green116\\blue232;}\r\n{\\*\\generator Msftedit 5.41.21.2508;}\\viewkind4\\uc1\\pard\\sa80\\sl264\\slmult1\\cf1\\lang2055\\f0\\fs18\\u9658? Lehmanns Online Specialty Bookstore \\par\r\n\\cf2 Lehmanns is a bookstore and publisher with several stores in Germany. Their  focus is on scientific literature, especially for Human Medicine, Informatics, Veterinary Medicine, Natural Sciences, Engineering, Economics and Law.\\par\r\n\\pard\\sa80\\sl264\\slmult1\\qr\\cf3 http://www.lob.de\\par\r\n}	{\\rtf1\\ansi\\ansicpg1252\\deff0\\deflang1031{\\fonttbl{\\f0\\fswiss\\fprq2\\fcharset0 Arial;}}\r\n{\\colortbl ;\\red255\\green136\\blue17;\\red128\\green128\\blue128;\\red0\\green116\\blue232;}\r\n{\\*\\generator Msftedit 5.41.21.2508;}\\viewkind4\\uc1\\pard\\sa80\\sl264\\slmult1\\cf1\\lang2055\\f0\\fs18\\u9658? Lehmanns 在线专业书店 \\par\r\n\\cf2 Lehmanns 是一家在德国拥有多家门店的书店和出版商。他们专注于科学文献，尤其是人类医学、信息学、兽医学、自然科学、工程学、经济学和法律。\\par\r\n\\pard\\sa80\\sl264\\slmult1\\qr\\cf3 http://www.lob.de\\par\r\n}
CRM_Email_CampusNewsletterStatisticMail_second_paragraph	<h1>Site license statistics (as of ##statisticsDate)</h1>\r\nNumber of licensees since the beginning of the contract: ##statisticsHistoric\r\n##newline\r\nCurrent number of licensees in this contract period: ##statisticsVerifiedCount\r\nStudents: ##statisticsStudentsVerifiedCount\r\nFaculty and staff: ##statisticsEmployeeVerifiedCount\r\n##newline\r\nDate of first order: ##statisticsContractFirstDate\r\nEnd of the current contract period: ##statisticsContractCurrentEndDate\r\n##newline\r\nStatistics FAQs: https://citavi.com/campusstatistik	<h1>站点许可证统计（截至 ##statisticsDate）</h1>\r\n合同开始以来的被许可人数：##statisticsHistoric\r\n##newline\r\n本合同期内的当前被许可人数：##statisticsVerifiedCount\r\n学生：##statisticsStudentsVerifiedCount\r\n教职员工：##statisticsEmployeeVerifiedCount\r\n##newline\r\n首次订购日期：##statisticsContractFirstDate\r\n当前合同期的结束日期：##statisticsContractCurrentEndDate\r\n##newline\r\n统计常见问题：https://citavi.com/campusstatistik
HtmlToPdfConversionHeaderText	<!DOCTYPE html PUBLIC "-//W3C//DTD XHTML 1.0 Transitional//EN" "http://www.w3.org/TR/xhtml1/DTD/xhtml1-transitional.dtd">\r\n<html xmlns="http://www.w3.org/1999/xhtml">\r\n<head>\r\n\t\t<title></title>\r\n</head>\r\n\t<body>\r\n\t\t\t<table style="font-family: {0}; font-size: 9pt; font-style: italic">\r\n\t\t\t\t\t<tr>\r\n\t\t\t\t\t\t\t<td>\r\n\t\t\t\t\t\t\t\t Converted from the Web using <a href="http://www.citavi.com">Citavi {1}.{2}</a> on {3}. Differences from the <a href="{4}">original page</a> are possible.\r\n\t\t\t\t\t\t\t</td>\r\n\t\t\t\t\t</tr>\r\n\t\t\t</table>\r\n\t</body>\r\n</html>	<!DOCTYPE html PUBLIC "-//W3C//DTD XHTML 1.0 Transitional//EN" "http://www.w3.org/TR/xhtml1/DTD/xhtml1-transitional.dtd">\r\n<html xmlns="http://www.w3.org/1999/xhtml">\r\n<head>\r\n\t\t<title></title>\r\n</head>\r\n\t<body>\r\n\t\t\t<table style="font-family: {0}; font-size: 9pt; font-style: italic">\r\n\t\t\t\t\t<tr>\r\n\t\t\t\t\t\t\t<td>\r\n\t\t\t\t\t\t\t\t 于 {3} 使用 <a href="http://www.citavi.com">Citavi {1}.{2}</a> 从网络转换而来。与<a href="{4}">原始页面</a>可能存在差异。\r\n\t\t\t\t\t\t\t</td>\r\n\t\t\t\t\t</tr>\r\n\t\t\t</table>\r\n\t</body>\r\n</html>
AddUnknownLibrary	You have entered an unknown library. Do you want to add the library "{0}" to the library list?	您输入了未知的图书馆。是否要将图书馆"{0}"添加到图书馆列表？
LastTwoMonths	In the last two months	在过去两个月内
RepairIntegrity_ReferenceCategory_CategoryNull	{0} links between references and categories were removed because the link to the category was empty.	由于与类别的链接为空，已移除 {0} 个参考文献与类别之间的链接。
UserDataFolderSelection_CannotWriteIntoSpecifiedFolder	The selected folder is write protected, or you do not have sufficient rights to write to the folder. Citavi must have write permission for the folder for user files in order to proceed.\r\n\r\nPlease select a different folder.	所选文件夹受写保护，或者您没有足够的权限写入该文件夹。为继续操作，Citavi 必须对用户文件文件夹具有写入权限。\r\n\r\n请选择其他文件夹。
CRM_Email_AccountCreatedVerifyEmail_subject	Please confirm your email address	请确认您的电子邮件地址
CopyProject_LocalProjectNameSuffix	(Local copy)	（本地副本）
NumberingTypeFormCaption_Column	Column range	列范围
OptionsDialog_mainTabControl_Citation	Citation	引用
ReferenceDataCompletion_InvalidPubMedID	The PubMed ID field does not contain a valid PubMed ID.\r\nWith a valid PubMed ID, you can import bibliographic information from PubMed automatically.	PubMed ID 字段不包含有效的 PubMed ID。\r\n使用有效的 PubMed ID，您可以自动从 PubMed 导入书目信息。
NotAValidPubMedId	This is not a valid PubMed ID.	这不是有效的 PubMed ID。
RepairDatabaseInconsistency_RepairFailed	An error occurred while repairing the project. \r\n\r\nThere is a data inconsistency that cannot be repaired automatically and that is preventing the project from being opened.\r\n\r\nPlease restore from one of the backups Citavi created for you. If necessary, contact Citavi support for assistance: www.citavi.com/service.	修复项目时发生错误。 \r\n\r\n存在无法自动修复的数据不一致，导致项目无法打开。\r\n\r\n请从 Citavi 为您创建的备份之一进行还原。如有必要，请联系 Citavi 支持获取帮助：www.citavi.com/service。
HasLabel2_False	Does not have a red label	没有红色标签
ImportForm_SaveOnlineDataExchangePropertyQuestion	Do you want to save the last search for "{0}"?	是否要保存对"{0}"的最后一次搜索？
StartScreenLicensedForUserNameAndOrganisation	Licensed to {0}\r\n{1}	授权给 {0}\r\n{1}
MergeLibraries_DragDropMessage	Do you want to merge the library "{1}" into "{0}"?\r\n\r\nAll locations at "{1}" will be moved to "{0}".	是否要将图书馆"{1}"合并到"{0}"？\r\n\r\n"{1}"中的所有馆藏地将移动到"{0}"。
ReferenceGrid_VirtualColumnLabel_LocationsInPrivateCollectionCallNumber	Call number (in Private Collection)	索书号（在私人收藏中）
Outlook_GroupByMode_Description_EarlierThisMonth	Earlier this month	本月早些时候
DisabledBySystemAdministrator	(disabled by the system administrator)	（已由系统管理员禁用）
CRM_Email_AccountCreatedViaProcessOrderMailBilling_Business_subject	Welcome to Citavi 6!	欢迎使用 Citavi 6！
InfoText	Swiss Academic Software\r\nwww.citavi.com\r\n{0}	Swiss Academic Software\r\nwww.citavi.com\r\n{0}
PlusClick	+Click	+点击
DuplicateTaskException	A task of this type already exists in this list.	此列表中已存在此类型的任务。
Caption	Caption	标题
Outlook_GroupByMode_Description_Today	Today	今天
RepairIntegrity_ReferenceCollaborator_PersonOrphaned	{0} links between references and collaborators were removed because the collaborator does not exist.	由于协作者不存在，已移除 {0} 个参考文献与协作者之间的链接。
AnnotationOnRemotePdfWarning	You are about to annotate an online PDF document. The online PDF document may later be unavailable. If this happens, all annotations will be lost. How would you like to proceed?	您即将批注在线 PDF 文档。该在线 PDF 文档以后可能不可用。如果发生这种情况，所有批注都将丢失。您希望如何继续？
SearchTerm	Search term	搜索词
LinkedResourceCopyToCloudFileNotFound	The file "{0}" could not be found.	找不到文件"{0}"。
BarcodeScannerProgressCancel	Canceling search…	正在取消搜索…
LookupFullText_Start	Searching for full text…	正在搜索全文…
KnowledgeItemSortOption_CoreStatementAsDateTimeDescending	By a date in the core statement, oldest first	按核心陈述中的日期，最早的在前
LastTwoWeeks	In the last two weeks	在过去两周内
PdfExportFilePreperationText	Preparing PDF …	正在准备 PDF…
NoBibTeXKeyOrCitationKeyPreviewAvailable	The preview cannot be displayed. The current project contains no references of this type.	无法显示预览。当前项目不包含此类型的参考文献。
RepairIntegrity_UserMessage_Success	Citavi was able to repair the project. \r\n\r\nCitavi determined that some data loss occurred. A log with details has been saved <a href="{0}">in the project folder</a>.\r\n\r\nTo recover lost data, restore from one of the backups Citavi created for you. If necessary, contact Citavi support for assistance: www.citavi.com/service.	Citavi 已成功修复项目。 \r\n\r\nCitavi 判定发生了部分数据丢失。包含详细信息的日志已保存<a href="{0}">在项目文件夹中</a>。\r\n\r\n要恢复丢失的数据，请从 Citavi 为您创建的备份之一进行还原。如有必要，请联系 Citavi 支持获取帮助：www.citavi.com/service。
DefaultSearches_ReferencesWithUnfinishedTasks	References with unfinished tasks	有未完成任务的参考文献
MindManagerNoCategoriesImported	No categories imported.	未导入类别。
CitaviProject	Citavi project	Citavi 项目
InvalidLicenseKey	The license key could not be validated.\r\n\r\nCommon causes of this problem are:\r\n\r\n- Capitalization did not match exactly.\r\n- Extra spaces were entered after the name, or other changes were made to the license key text.\r\n- The organization was not entered correctly (note that you may need to enter "Personal").\r\n- You are not using the latest version of Citavi (check on the Help menu or www.citavi.com).\r\n\r\nDouble-check that you entered everything correctly. If possible, cut and paste the info from the license email to avoid typos.\r\n\r\nIf your license key still does not work, contact us at www.citavi.com/service.	许可证密钥无法验证。\r\n\r\n此问题的常见原因有：\r\n\r\n- 大小写不完全匹配。\r\n- 在名称后面输入了多余的空格，或对许可证密钥文本做了其他改动。\r\n- 组织未正确输入（请注意，您可能需要输入"Personal"）。\r\n- 您使用的不是最新版本的 Citavi（请在"帮助"菜单或 www.citavi.com 上查看）。\r\n\r\n请仔细检查您是否输入正确。如有可能，请从许可证电子邮件中剪切并粘贴信息，以避免拼写错误。\r\n\r\n如果您的许可证密钥仍无法使用，请通过 www.citavi.com/service 联系我们。
ConnectionToCitaviServerFailed_CitationStyle	Citavi cannot establish communication with the Citavi servers, so additional citation styles cannot be downloaded now. Check your Internet connection or try again later.	Citavi 无法与 Citavi 服务器建立通信，因此现在无法下载其他引用样式。请检查您的互联网连接，或稍后重试。
SaveChanges	Do you want to save changes?	是否要保存更改？
Scope_Universal	Universal text filter	通用文本筛选器
ThisYearAndLastYear	This year and last year	今年和去年
LookupFullText_Found	Full text downloaded	已下载全文
NoLabel2InList	No red labels found.	未找到红色标签。
Outlook_GroupByMode_Description_Older	Before last month	上个月之前
TaskItemCollectionComposer_TaskList	Task list	任务列表
KnowledgeItemsWithNoGroup	No groups	无分组
CRM_Email_CampusContractExtensionVerifyLicense_first_paragraph	Your current license for Citavi will expire soon. Get your new license now.\r\n##newline\r\nNeed a license for a previous Citavi version? ##helpgetoldversion\r\n\r\n##addOn\r\nClick the blue button to activate your new license:	您当前的 Citavi 许可证即将过期。请立即获取新许可证。\r\n##newline\r\n需要旧版 Citavi 的许可证？##helpgetoldversion\r\n\r\n##addOn\r\n点击蓝色按钮激活您的新许可证：
FilterReferenceTypeNotFound_ProjectShell	There are no references of the type "{0}" in the selection.	所选内容中没有类型为"{0}"的参考文献。
USBInstallationSuccess	The installation was successful.\r\n\r\nClick OK to display the newly installed Citavi program files. To start Citavi on the removable drive, first close Citavi on your computer. Then, double-click the file Citavi.exe.	安装成功。\r\n\r\n点击"确定"以显示新安装的 Citavi 程序文件。要在可移动驱动器上启动 Citavi，请先关闭计算机上的 Citavi。然后双击文件 Citavi.exe。
CitaviIdentityDialog_LoginFailed	Login failed: {0}	登录失败：{0}
KnowledgeItemSelectionAll	All knowledge items	所有知识条目
UnsupportedCharQuote	Do not use quotation marks in the query.	请勿在查询中使用引号。
DeleteImportGroup	Do you want to delete the import group "{0}"?\r\nPlease note: the references in the group will not be deleted.	是否要删除导入组"{0}"？\r\n请注意：该组中的参考文献不会被删除。
ProjectCloudUpload_FileUpload	Uploading: {0}	正在上传：{0}
ReGenerateCitationKey	Update citation key	更新引用键
NoFullTextFound	No full text found.	未找到全文。
CRM_Email_ConfirmEmailAddressMail_second_paragraph	To do so, click the blue button:	为此，请点击蓝色按钮：
OptionsImportExportTransformerFavorites	Export filters	导出过滤器
ReferencePropertyIdGroup_Content	Content	内容
CRM_Email_ConfirmProjectInvitationNewUser_subject	##inviter has invited you to work on a Citavi project	##inviter 邀请您参与一个 Citavi 项目
CRM_Email_CampusNewsletterStatisticMail_subject	Citavi – User statistics: ##accountName	Citavi – 用户统计：##accountName
RepairIntegrity_ReferenceCollaborator_ReferenceOrphaned	{0} links between references and collaborators were removed because the reference does not exist.	由于参考文献不存在，已移除 {0} 个参考文献与协作者之间的链接。
SelectSingleValueForPdfLink	Select one highlighted section in the PDF file to link it to a knowledge item.	在 PDF 文件中选择一个高亮区域，将其链接到知识条目。
AccountIsDuplicate	There is already another account with this email address.	已存在使用此电子邮件地址的另一个账户。
SmartTagEdit	Edit…	编辑…
OutlineLevelWithoutText	[outline without text]	[无文本的大纲]
MergeCategories	Do you want to merge the category "{0}" with the category "{1}"?	是否要将类别"{0}"与类别"{1}"合并？
ThoughtSelectionListSingular	The thought in the current list	当前列表中的想法
FormattingFootnoteCitations	Formatting footnote citations	正在格式化脚注引用
BibliographyGroupingSet_Import_Add	Import the file "{0}" as additional grouping	将文件"{0}"作为附加分组导入
ElectronicAddressInfo_NotAnUri_LocationPrefix	[Unknown]	[未知]
AnnotationOnRemotePdfWarning_Continue	Continue annotating the online PDF	继续批注在线 PDF
PreviewControl_StatusBar_FitHeight	Fit to height	适应高度
CitaviPro	Citavi for Windows	Citavi for Windows
BibliographyCompositionEditorRowToolTip_ShowTextLinesNumber	{0} lines	{0} 行
SaveForbiddenMessageBox_Text	The project manager has removed your editing privileges for this project. The project will now be closed. <a href="https://citavi.com/changed-rights">Learn more</a><br /><br />What do you want to do with changes that have not been saved?:	项目经理已移除您对此项目的编辑权限。项目现在将被关闭。<a href="https://citavi.com/changed-rights">了解详情</a><br /><br />您想如何处理尚未保存的更改？：
PdfPermissions_FillForms	Complete form fields	完成表单字段
TemplateUseCaseNameLocalized_ArchiveMaterial_CollectedWorks	Archive material in collected work	文集中的档案资料
Sigel_LNI	LNI	LNI
Sigel_HNI	HNI	HNI
Sigel_GRS	GRS	GRS
DeletedAt	Deleted on	删除时间
DeletedBy	Deleted by	删除者
MergePersons_DragDropMessage	Do you want to merge the person "{1}" into "{0}"?\r\n\r\nAll references with "{1}" will use "{0}".	是否要将人员"{1}"合并到"{0}"？\r\n\r\n所有使用"{1}"的参考文献都将改用"{0}"。
TemplateComponentPartsReturnNoData	[Cannot display the reference "{1}", because the template "{0}" contains only fields that are empty in this reference.]	[无法显示参考文献"{1}"，因为模板"{0}"仅包含在此参考文献中为空的字段。]
DesktopAlert_PdfExportFinished_Text	Click here to open the folder	点击此处打开文件夹
EquivalentCharacters_ResetMessageBox	Are you sure you want to restore the default equivalent character set? Any changes you made will be permanently lost.	您确定要恢复默认的等价字符集吗？您所做的任何更改都将永久丢失。
TransformerHelpContext_Custom	Tips	提示
PublicationAssistant_mainTabControl_Knowledge	Knowledge items	知识条目
KeyItemConfigurationDialog_personMultipleSetsTabControl_MoreThanThreePersons	More persons	更多人员
LinkedResourceAttachingFileNotFound	File not found. \r\nThe internal error message is: {0}	找不到文件。 \r\n内部错误消息为：{0}
BackupFolderPath_NoWritePermissionInSelectedFolder	You do not have write permissions for the specified folder. Choose a different folder.	您没有对指定文件夹的写入权限。请选择其他文件夹。
CannotDeletePublishersInUse_Smart	{0:The publisher "{1}"|The {0} selected publishers} cannot be deleted because {0:it|at least one of them} is in use by one or more references.\r\n\r\nSelect only unused publishers to delete.	
CRM_Email_UserRemovedFromProject_first_paragraph	##inviter removed you from the Citavi cloud project ##projectname.	##inviter 已将您从 Citavi 云项目 ##projectname 中移除。
ResetKeyTemplates	Are you sure you want to reset all settings?	您确定要重置所有设置吗？
Sigel_Balzert_Json	{\r\n  "AutoUpdate": true,\r\n  "CharsToRemove": [],\r\n  "Name": "Balzert",\r\n  "Id": "C0CCF45A-3308-46C4-9339-8F10B5C9D3DC",\r\n  "Items": [\r\n    {\r\n      "ReferenceTypeId": 0,\r\n      "KeyItems": [\r\n        {\r\n          "$type": "SwissAcademic.Citavi.BibTeXCitationKey.PersonKeyItem, SwissAcademic.Citavi",\r\n          "PersonElement1": {\r\n            "FirstNameCharCount": 0,\r\n            "FormatEndIndex": -1,\r\n            "FormatStartIndex": 1,\r\n            "LastNameCharCount": 1,\r\n            "PersonNameFormatType": 0,\r\n            "TextBetweenFirstNameLastName": "",\r\n            "TextBetweenPersons": ""\r\n          },\r\n          "PersonElement2": {\r\n            "FirstNameCharCount": 0,\r\n            "FormatEndIndex": 3,\r\n            "FormatStartIndex": -1,\r\n            "LastNameCharCount": 2,\r\n            "PersonNameFormatType": 0,\r\n            "TextBetweenFirstNameLastName": "",\r\n            "TextBetweenPersons": ""\r\n          },\r\n          "PersonListElement": {\r\n            "AbbreviateAfterPersonIndex": 3,\r\n            "AbbreviateText": "+",\r\n            "MaxPersonCount": 3\r\n          },\r\n          "PersonElementForOnePerson": {\r\n            "FirstNameCharCount": 0,\r\n            "FormatEndIndex": 1,\r\n            "FormatStartIndex": 1,\r\n            "LastNameCharCount": 4,\r\n            "PersonNameFormatType": 0,\r\n            "TextBetweenFirstNameLastName": "",\r\n            "TextBetweenPersons": ""\r\n          },\r\n          "PersonElement1ForTwoPersons": {\r\n            "FirstNameCharCount": 0,\r\n            "FormatEndIndex": -1,\r\n            "FormatStartIndex": 1,\r\n            "LastNameCharCount": 2,\r\n            "PersonNameFormatType": 0,\r\n            "TextBetweenFirstNameLastName": "",\r\n            "TextBetweenPersons": ""\r\n          },\r\n          "PersonElement2ForTwoPersons": {\r\n            "FirstNameCharCount": 0,\r\n            "FormatEndIndex": 3,\r\n            "FormatStartIndex": -1,\r\n            "LastNameCharCount": 2,\r\n            "PersonNameFormatType": 0,\r\n            "TextBetweenFirstNameLastName": "",\r\n            "TextBetweenPersons": ""\r\n          },\r\n          "PersonElement1ForThreePersons": {\r\n            "FirstNameCharCount": 0,\r\n            "FormatEndIndex": -1,\r\n            "FormatStartIndex": 1,\r\n            "LastNameCharCount": 1,\r\n            "PersonNameFormatType": 0,\r\n            "TextBetweenFirstNameLastName": "",\r\n            "TextBetweenPersons": ""\r\n          },\r\n          "PersonElement2ForThreePersons": {\r\n            "FirstNameCharCount": 0,\r\n            "FormatEndIndex": 3,\r\n            "FormatStartIndex": -1,\r\n            "LastNameCharCount": 2,\r\n            "PersonNameFormatType": 0,\r\n            "TextBetweenFirstNameLastName": "",\r\n            "TextBetweenPersons": ""\r\n          },\r\n          "UseDifferentSetsForDifferentNumberOfPersons": true,\r\n          "Lowercase": false,\r\n          "ReferencePropertyId": 108,\r\n          "TextAfter": "",\r\n          "TextBefore": "",\r\n          "Uppercase": false\r\n        },\r\n        {\r\n          "$type": "SwissAcademic.Citavi.BibTeXCitationKey.DateKeyItem, SwissAcademic.Citavi",\r\n          "DateTimePattern": "yy",\r\n          "FormatDate": true,\r\n          "Lowercase": false,\r\n          "ReferencePropertyId": 201,\r\n          "TextAfter": "",\r\n          "TextBefore": "",\r\n          "Uppercase": false\r\n        }\r\n      ]\r\n    }\r\n  ],\r\n  "IsBibTeXKey": false,\r\n  "NormalizeKeys": false\r\n}	{\r\n  "AutoUpdate": true,\r\n  "CharsToRemove": [],\r\n  "Name": "Balzert",\r\n  "Id": "C0CCF45A-3308-46C4-9339-8F10B5C9D3DC",\r\n  "Items": [\r\n    {\r\n      "ReferenceTypeId": 0,\r\n      "KeyItems": [\r\n        {\r\n          "$type": "SwissAcademic.Citavi.BibTeXCitationKey.PersonKeyItem, SwissAcademic.Citavi",\r\n          "PersonElement1": {\r\n            "FirstNameCharCount": 0,\r\n            "FormatEndIndex": -1,\r\n            "FormatStartIndex": 1,\r\n            "LastNameCharCount": 1,\r\n            "PersonNameFormatType": 0,\r\n            "TextBetweenFirstNameLastName": "",\r\n            "TextBetweenPersons": ""\r\n          },\r\n          "PersonElement2": {\r\n            "FirstNameCharCount": 0,\r\n            "FormatEndIndex": 3,\r\n            "FormatStartIndex": -1,\r\n            "LastNameCharCount": 2,\r\n            "PersonNameFormatType": 0,\r\n            "TextBetweenFirstNameLastName": "",\r\n            "TextBetweenPersons": ""\r\n          },\r\n          "PersonListElement": {\r\n            "AbbreviateAfterPersonIndex": 3,\r\n            "AbbreviateText": "+",\r\n            "MaxPersonCount": 3\r\n          },\r\n          "PersonElementForOnePerson": {\r\n            "FirstNameCharCount": 0,\r\n            "FormatEndIndex": 1,\r\n            "FormatStartIndex": 1,\r\n            "LastNameCharCount": 4,\r\n            "PersonNameFormatType": 0,\r\n            "TextBetweenFirstNameLastName": "",\r\n            "TextBetweenPersons": ""\r\n          },\r\n          "PersonElement1ForTwoPersons": {\r\n            "FirstNameCharCount": 0,\r\n            "FormatEndIndex": -1,\r\n            "FormatStartIndex": 1,\r\n            "LastNameCharCount": 2,\r\n            "PersonNameFormatType": 0,\r\n            "TextBetweenFirstNameLastName": "",\r\n            "TextBetweenPersons": ""\r\n          },\r\n          "PersonElement2ForTwoPersons": {\r\n            "FirstNameCharCount": 0,\r\n            "FormatEndIndex": 3,\r\n            "FormatStartIndex": -1,\r\n            "LastNameCharCount": 2,\r\n            "PersonNameFormatType": 0,\r\n            "TextBetweenFirstNameLastName": "",\r\n            "TextBetweenPersons": ""\r\n          },\r\n          "PersonElement1ForThreePersons": {\r\n            "FirstNameCharCount": 0,\r\n            "FormatEndIndex": -1,\r\n            "FormatStartIndex": 1,\r\n            "LastNameCharCount": 1,\r\n            "PersonNameFormatType": 0,\r\n            "TextBetweenFirstNameLastName": "",\r\n            "TextBetweenPersons": ""\r\n          },\r\n          "PersonElement2ForThreePersons": {\r\n            "FirstNameCharCount": 0,\r\n            "FormatEndIndex": 3,\r\n            "FormatStartIndex": -1,\r\n            "LastNameCharCount": 2,\r\n            "PersonNameFormatType": 0,\r\n            "TextBetweenFirstNameLastName": "",\r\n            "TextBetweenPersons": ""\r\n          },\r\n          "UseDifferentSetsForDifferentNumberOfPersons": true,\r\n          "Lowercase": false,\r\n          "ReferencePropertyId": 108,\r\n          "TextAfter": "",\r\n          "TextBefore": "",\r\n          "Uppercase": false\r\n        },\r\n        {\r\n          "$type": "SwissAcademic.Citavi.BibTeXCitationKey.DateKeyItem, SwissAcademic.Citavi",\r\n          "DateTimePattern": "yy",\r\n          "FormatDate": true,\r\n          "Lowercase": false,\r\n          "ReferencePropertyId": 201,\r\n          "TextAfter": "",\r\n          "TextBefore": "",\r\n          "Uppercase": false\r\n        }\r\n      ]\r\n    }\r\n  ],\r\n  "IsBibTeXKey": false,\r\n  "NormalizeKeys": false\r\n}
KeyItemConfigurationDialog_personMultipleSetsTabControl_TwoPersons	2 persons	2 人
TemplateUseCaseNameLocalized_MusicTrack_None	Music track	音乐曲目
Bibliography	Bibliography	文献目录
CacheRemoteAttachmentTask_ShortName	Save cloud attachments in cache	将云端附件保存到缓存
LookupLocations_NoReferenceWithISBNFound	Find library locations uses ISBN numbers as the search criterion. Since no references in the current project have an ISBN number, you cannot perform find library locations.	查找馆藏地以 ISBN 号作为搜索条件。由于当前项目中没有参考文献有 ISBN 号，您无法执行查找馆藏地。
Software	Software	软件
MassReferenceIdentifier_NoIsbnMatches	No valid identifiers found.	未找到有效标识符。
HelpFileUndefinedMissingReferenceType	Undefined because there is no reference type.	未定义，因为没有文献类型。
StartScreenLicensedFor	Licensed to {0}	授权给 {0}
ImportGroup_FileImport_Information	Import from the file "{0}"	从文件"{0}"导入
SaveProjectBackgroundTask_ErrorLabel	The project could not be saved in the cloud	项目无法保存到云端
LinkedResourceOfflineNotAvailable	The attachment is not available offline.	该附件无法离线使用。
CRM_Email_info_plaintext_link	Not working? Copy the link below in your browser:\r\nid_link	无法使用？请在浏览器中复制以下链接：\r\nid_link
ReferenceSelectionAll_KnowledgeOrganization	All references in the Knowledge Organizer	知识整理器中的所有参考文献
SearchForm_CannotCreateSelectionKnowledgeItems	The selection cannot be generated, since none of the displayed knowledge items are present in the project. Presumably they have been deleted since the last search.	无法生成选择，因为所显示的知识条目都不在项目中。它们可能自上次搜索以来已被删除。
CopyEntity	Copying {0} …	正在复制 {0}…
OptionsDialogTransformerIsbn	ISBN download	ISBN 下载
CategoryImportSuccessful_Smart	{0} {0:category|categories} imported successfully.	
DesktopAlertChangeAttachmendPathFinishedText	All attached files were copied successfully. You can now delete the folder containing the attached files if you want.	所有附加文件均已成功复制。如果需要，您现在可以删除包含附加文件的文件夹。
DeleteUnusedItems_Periodicals	Periodicals({0})	期刊({0})
MoveFileToProject_Description	Select the files you want to move into the Citavi project:	选择要移动到 Citavi 项目中的文件：
RepairIntegrity_ReferenceEditor_PersonNull	{0} links between references and editors were removed because the link to the editor was empty.	由于与编者的链接为空，已移除 {0} 个参考文献与编者之间的链接。
DeletePersonsInUse_Smart	Warning: {0:The person or institution "{1}"|At least one of the {0} selected persons or institutions} has references or a series connected to it. If you delete {0:the person or institution "{1}", it|the {0} selected persons and/or institutions, they} will be permanently removed from all references. Do you want to delete {0:the person or institution "{1}"|the {0} selected persons or institutions} anyway?	
TemplateUseCaseNameLocalized_Contribution_BookEdited	Contribution in edited book	编著图书中的章节
TemplateUseCaseNameLocalized_Contribution_ConferenceProceedings	Contribution in conference proceedings	会议论文集文章
CheckScannerPort	Checking port: {0}	正在检查端口：{0}
OptionsImportOrderByEMail	E-mail addresses for orders	用于订单的电子邮件地址
PreparingCopyProgress	Preparing copying …	正在准备复制…
BackupFolderPath_SelectedNodeIsNull	Select a folder for backup files.	选择备份文件的文件夹。
MoveLocalFileHasFailed	You selected the option to move the file {0} into the Citavi project. The file was successfully copied and its location linked. However, an error occurred while deleting the original file. Please delete it manually in Windows Explorer.\r\n\r\nThe error that occurred while deleting is: {1}	您选择了将文件 {0} 移动到 Citavi 项目中的选项。该文件已成功复制并链接了其位置。但是删除原始文件时发生错误。请在 Windows 资源管理器中手动删除它。\r\n\r\n删除时发生的错误为：{1}
LookupLocations_OnlyDuplicates	This  location is already in your project.	此馆藏地已在您的项目中。
CannotOpenCitaviProjectFile	Citavi cannot open the project file.\r\n \r\nThis could be because the file is not a valid Citavi project file or the file is damaged.\r\n \r\nIf the file is a password-protected Citavi Team project, remove the password protection in Citavi 3 or Citavi 4. On the "File" menu, click "Project properties" > "Unprotect team project". Then, repeat the import.	Citavi 无法打开项目文件。\r\n \r\n这可能是因为该文件不是有效的 Citavi 项目文件，或者文件已损坏。\r\n \r\n如果该文件是受密码保护的 Citavi 团队项目，请在 Citavi 3 或 Citavi 4 中移除密码保护。在"文件"菜单中，点击"项目属性">"取消保护团队项目"。然后重新执行导入。
AddUnknownParentReference	You entered a parent reference that has not yet been added to Citavi. Do you want Citavi to add it as a "{0}"? Click the "Parent reference" link to complete its bibliographic information.	您输入的上级参考文献尚未添加到 Citavi。是否要让 Citavi 将其添加为"{0}"？点击"上级参考文献"链接以完善其书目信息。
MergePeriodicals_DragDropMessage_Multi	Do you want to merge the selected {1} periodicals into "{0}"?	是否要将所选的 {1} 个期刊合并到"{0}"？
ScannerNotFound	No compatible scanner was found, or the connected scanner does not contain any data.	未找到兼容的扫描仪，或者已连接的扫描仪不包含任何数据。
Multiple	(Multiple)	（多个）
LookupLocations_DummyLocationNotes	"Find Locations" in the following libraries on {0} did not return any results:\r\n{1}	在 {0} 上对以下图书馆执行"查找馆藏地"未返回任何结果：\r\n{1}
SaveCoverException	The cover could not be saved.\r\nThe error message is: {0}	无法保存封面。\r\n错误消息为：{0}
SqlServerInfo_LicensedFromAnotherDbServer_CannotOpenProject	You cannot open this project since you are currently using license information from another DBServer database.\r\nYou must close all projects before changing the connection.	由于您当前正在使用另一个 DBServer 数据库的许可证信息，无法打开此项目。\r\n更改连接前必须关闭所有项目。
WrongLicenseKeyC2	The license key you entered is valid only for an earlier version of Citavi. Please enter a license key for Citavi 6.	您输入的许可证密钥仅对较早版本的 Citavi 有效。请输入 Citavi 6 的许可证密钥。
FormattingInBibliography	Formatting bibliography	正在格式化参考文献目录
CleaningUpAmbiguousPlaceholders	Cleaning up ambiguous placeholders	正在清理不明确的占位符
ImportWizard_Title_23_Application	Select the reference management program you want to import from:	选择要从中导入的文献管理程序：
NoOutlineLevelsInThisWordDocument	This Word document does not contain an outline from which categories could be imported.	此 Word 文档不包含可从中导入类别的大纲。
ProjectNeedsConversionFromC2_Locked	This project was created with an earlier version of Citavi and must be converted before it can be opened. It cannot be converted because the file is in use by another process.\r\nMake sure no other process is using the project file, then try again.	此项目是用较早版本的 Citavi 创建的，必须先转换才能打开。由于文件正被另一个进程使用，无法转换。\r\n请确保没有其他进程正在使用该项目文件，然后重试。
DuplicateInfo	Duplicate	重复
BibTeXKeyDialog_GenerateKey	You have modified the template for BibTeX keys. How do you want to proceed?	您已修改 BibTeX 键的模板。您希望如何继续？
FreeMindDialogFilter	FreeMind files (*.mm)|*.mm|All files (*.*)|*.*	
RepairIntegrity_ReferenceOthersInvolved_ReferenceOrphaned	{0} links between references and others involved were removed because the reference does not exist.	由于参考文献不存在，已移除 {0} 个参考文献与其他参与人之间的链接。
MoveFileToProject_FileErrorDelete	[Error]             The file "{0}" of the reference "{1}" was successfully copied into the project, but could not be deleted to complete the move. The error message is:\r\n{2}	[错误]             参考文献"{1}"的文件"{0}"已成功复制到项目中，但无法删除以完成移动。错误消息为：\r\n{2}
NKnowledgeItemsSelectedForEditing	{0} knowledge items selected for editing	已选择 {0} 个知识条目进行编辑
PathTooLongWarning_CreateProjectDialog	The selected path and project name are too long.\r\n\r\n{0}\r\n\r\nShorten the project name or choose a target folder with a shorter path.	所选路径和项目名称过长。\r\n\r\n{0}\r\n\r\n请缩短项目名称，或选择路径更短的目标文件夹。
MergeGroupOption	Merge the edited group with existing group "{0}"	将编辑的组与现有组"{0}"合并
ProjectSaveError_DontClose	Don't close the project and try to save later	不关闭项目，稍后尝试保存
OptionsDialog_mainTabControl_Formatting	Formatting	正在格式化
ExceptionDialog_TelemetrySuccess	Thank you! The error message has been sent to the Citavi support team.	谢谢！错误消息已发送给 Citavi 支持团队。
TemplateUseCaseNameLocalized_Contribution_CollectedWorks	Contribution in collected work	文集中的篇章
RecycleBinContainsUnsavedEntitiesText	Some of the items marked for deletiion have not yet been saved in the cloud so they cannot be moved to the recycle bin.\r\n\r\nDo you want to permanently delete these items? This action cannot be undone.	部分标记为删除的项目尚未保存到云端，因此无法移动到回收站。\r\n\r\n是否要永久删除这些项目？此操作无法撤销。
MainForm_NavigationPaneCollapsedGroupArea_ToolTipText	Click to open the navigation pane	点击打开导航窗格
CRM_Email_ConfirmEmailAddressMailWithSignature_first_paragraph	Enter the following security code to confirm your email address.	输入以下安全代码以确认您的电子邮件地址。
HelpFileExistsButCannotBeShowDueToAnException	{0}\r\n\r\nThis file exists, but cannot be displayed because of an error. Please note the text in the field "Last error message".	{0}\r\n\r\n此文件存在，但由于错误无法显示。请注意"最后一条错误消息"字段中的文本。
FilterCategoryNotFound_ProjectShell	The category "{0}" ist not assigned to any references in the selection.	类别"{0}"未分配给所选内容中的任何参考文献。
TransformerHelpContext_ReplacesManyOrNo_2	replaces 0 or more characters	替换 0 个或多个字符
HelpFolderExists	{0}\r\n\r\nThis folder exists.	{0}\r\n\r\n此文件夹已存在。
MergeKeywords_DragDropMessage	Do you want to merge the keyword "{1}" into "{0}"?\r\n\r\nAll items currently using "{1}" will have "{0}" applied.	是否要将关键词"{1}"合并到"{0}"？\r\n\r\n所有当前使用"{1}"的项目都将应用"{0}"。
CRM_Email_ConfirmProjectInvitationDescriptionPrefix	Message:	消息：
Default	Default	默认
TransformerHelpContext_MiddleTruncation	Mid|*|le of a word	
RepairIntegrity_Location_InvalidLibrary	{0} locations were assigned to a non existent library. The invalid assignment was removed from the locations.	{0} 个馆藏地被分配给了一个不存在的图书馆。已从这些馆藏地移除该无效分配。
ConvertingWordToRTF	Converting to RTF	正在转换为 RTF
RecycleBinVersionConstraintMessage	Another user made changes to the recycle bin. For this reason, the recycle bin is being refreshed. Repeat the desired action once it has finished.	另一位用户对回收站做了更改。因此，正在刷新回收站。完成后请重复所需操作。
PreviewControl_StatusBar_PdfPermissionInfo	This PDF file contains restrictions. Some features cannot be used. 	此 PDF 文件包含限制。部分功能无法使用。 
TemplateUseCaseNameLocalized_ContributionInLegalCommentary_LegalCommentary	Contribution in legal commentary	法律评注中的篇章
DesktopAlertProjectArchiveTaskFinishedText	Finished archiving project	项目归档完成
SelectLocationsDialog_SelectedReferences	The files attached to the {0} selected references	附加到所选 {0} 条题录的文件
FindReplace_Question	Do you want to replace "{0}" with "{1}"?	是否要将"{0}"替换为"{1}"？
CategoryTextEditorDropDownForm_UpdateInfo_UseSelectedCategory	Press Tab to assign category:\r\n{0}	按 Tab 键以分配类别：\r\n{0}
ScannerFound	Communication with scanner succeeded.	与扫描仪的通信成功。
PdfExport_RenameOption	Rename file(s)	重命名文件
SaveFileAs_FileError	[Error]             An error occurred while saving the file "{0}" of the reference "{1}" . The error message is:\r\n{2}	[错误]             保存参考文献"{1}"的文件"{0}"时发生错误。错误消息为：\r\n{2}
RepairIntegrity_ReferenceCategory_ReferenceNull	{0} links between references and categories were removed because the link to the reference was empty.	由于与参考文献的链接为空，已移除 {0} 个参考文献与类别之间的链接。
SearchForm_NoResults_SeriesTitleList	No results in the list of series.	丛书列表中没有结果。
InvalidFolderPath	"{0}" is not a valid folder path.	"{0}" 不是有效的文件夹路径。
LookupLocations_ApplySuccessfully	The location information was completed successfully.	馆藏地信息已成功完善。
CannotDeletePersonsInUse_Smart	{0:The person or organization "{1}"|The {0} selected persons or organizations} cannot be deleted because {0:it is in use by one or more references or series|at least one of them is in use by one or more references or series}.\r\n\r\nSelect only unused persons or organizations to delete.	
ProjectSizeViolationText	<span style="font-size:-1pt;"><span style="color:Red;">This project uses {0} GB of Citavi Space</span> ( <a href="https://citaviweb.citavi.com/citavispace">more info</a> )</span>	<span style="font-size:-1pt;"><span style="color:Red;">此项目使用了 {0} GB 的 Citavi 空间</span> ( <a href="https://citaviweb.citavi.com/citavispace">更多信息</a> )</span>
CannotDeletePeriodicalsInUse_Smart	{0:The periodical "{1}"|The {0} selected periodicals} cannot be deleted because {0:it has a child reference|at least one of them has child references}.\r\n\r\nSelect only unused periodicals to delete.	
RepairIntegrity_ReferenceGroup_GroupOrphaned	{0} links between references and groups were removed because the group does not exist.	由于分组不存在，已移除 {0} 个参考文献与分组之间的链接。
CRM_Email_OrderProcessLicensee_button	Go to account	转到账户
NumberingTypeSmartRepeaterRowCaption_Other	Other numbering type:	其他编号类型：
YearFromToInvalid	Year To cannot be earlier than Year From	"截止年份"不能早于"起始年份"
NumberingTypeSmartRepeaterRowCaption_Margin	Margin nos. 	边距编号 
CharacterFormatControl_mainTabControl_Advanced	Advanced	高级
DBServerLicense_PerSeatExceeded	The number of database users is larger than the number in the license.	数据库用户数大于许可证中的数量。
ListOutputOptions_selectedItemsRadioButton	The selected items	所选项目
KnowledgeItemSortOption_Reference	Quotations by short title and page, then thoughts by modification date	引文按短标题和页码排序，然后想法按修改日期排序
ReadingOpenOfficeFile	Reading OpenOffice.org file…	正在读取 OpenOffice.org 文件…
Label2No	Red label: No	红色标签：否
Label1No	Blue label: No	蓝色标签：否
RepairIntegrity_ReferenceGroup_ReferenceNull	{0} links between references and groups were removed because the link to the reference was empty.	由于与参考文献的链接为空，已移除 {0} 个参考文献与分组之间的链接。
ProjectPermission_DesktopCloud_ReadOnly	The owner of this project has granted you read-only privileges for this project. You cannot make any changes to the project.	此项目的所有者已授予您对此项目的只读权限。您无法对项目进行任何更改。
FullText	Full text	全文
ImportSourceStatusCaption_NotSuccess	No references imported.	未导入任何参考文献。
CreateBibTeXBibliographyOK	BibTeX file created successfully.	BibTeX 文件已成功创建。
BackgroundTaskError_ProjectSaveFaulted	The project could not be saved	项目无法保存
SearchForm_NoResults_PublisherList	No results in the list of publishers.	出版商列表中没有结果。
DuplicatePersonInfoCancel	A person or organization with this name already exists. Enter a different name or cancel.	已存在使用此名称的人员或机构。请输入其他名称或取消。
AddTocFromWindowsPreviewFailed	Citavi was unable to extract a table of contents from the preview. Right-click the preview and see if the Copy command is available. If so, copy the table of contents by hand using the Clipboard.	Citavi 无法从预览中提取目录。右键点击预览，查看"复制"命令是否可用。如果可用，请使用剪贴板手动复制目录。
CRM_Email_CampusContractExtensionLoginShibboleth_button	Activate license	激活许可证
KnowledgeItemSortOption_CoreStatementAlphabetic	Alphabetical	按字母顺序
ReferenceSelectionDialogTitle_CreateFilter	Which references do you want to select?	您要选择哪些参考文献？
Editors	Editors	编者
ReferenceSelectionAll_Smart	{0:The reference|All {0} references} in this project	
CRM_Email_disclaimer	If you did not make this request, please ignore this message.	如果您未发起此请求,请忽略此消息。
CRM_Email_CampusContractExtension_second_paragraph	You can use the following verification method(s):\r\n##renewalEmail\r\n##renewalIP\r\n##renewalVoucher\r\n##newline\r\nNeed a license for a previous Citavi version? ##helpgetoldversion\r\n\r\n##addOn	您可以使用以下验证方式：\r\n##renewalEmail\r\n##renewalIP\r\n##renewalVoucher\r\n##newline\r\n需要旧版 Citavi 的许可证？##helpgetoldversion\r\n\r\n##addOn
OptionsImportUserName	User name	用户名
CannotImportLibrariesFromOwnProject	You have selected the project you are currently using. Libraries cannot be imported from this project.	您选择了当前正在使用的项目。无法从此项目导入图书馆。
SearchForm_InvalidQuery	Not a valid search string	不是有效的搜索字符串
CannotImportOpenLiteratDb	The database you want to import is open. Close it before importing.	您要导入的数据库已打开。请在导入前将其关闭。
SqlServerInfo_ProjectCouldNotBeFound_RemoveFromKnownProjects	The DBServer project "{0}" could not be found. Do you want to remove it from the list of recent projects?	找不到 DBServer 项目"{0}"。是否要从最近项目列表中移除它？
RepairIntegrity_Reference_DefaultLocationNonExistent	The link to the default location of the reference "{0}" (#{1})  was removed, because the default location does not exist any more.	已移除指向参考文献"{0}" (#{1}) 默认馆藏地的链接，因为该默认馆藏地已不存在。
ConflictingNoBibParameterMessage	One instance of the reference "{0}" contains the "/nobib" (do not add to bibliography) option, but in another instance it is missing.\r\n\r\nDo you want this reference to appear in the bibliography?	文献“{0}”的某一个实例包含“/nobib”（不添加到参考文献目录）选项，但另一个实例中缺少该选项。\r\n\r\n是否希望此文献出现在参考文献目录中？
DropCloudProject_StartingJob	Deleting project from the cloud	正在从云端删除项目
WorkingCopyOf	Working Copy of {0}	{0} 的工作副本
PreviewType_BibliographicOverviewHelp	For more options about an item on the Overview tab, right-click it.	如需查看“总览”选项卡中某项的更多选项，请右键单击该项。
AllowDuplicatePrivateCollectionItem	A Private Collection item with the same location and call number already exists. Do you want to add the identical item anyway?	已存在具有相同馆藏地和索书号的“私人收藏”条目。是否仍要添加完全相同的条目？
SendReferenceByEMailBodyText	References from Citavi project "{0}":\r\n{1}\r\n\r\nHint:\r\nThe RIS file attached contains the bibliographic information for the reference above. You can import this file into Citavi (see www.citavi.com/ris) or another reference management program.	来自 Citavi 项目“{0}”的文献：\r\n{1}\r\n\r\n提示：\r\n附件中的 RIS 文件包含上述文献的题录信息。您可以将此文件导入 Citavi（参见 www.citavi.com/ris）或其他文献管理程序。
DeleteSeriesTitleFromForm	Do you want to delete this series?	是否要删除此丛书？
AcceptListDuplicates2	This list contains the names "{0}" and "{1}" more than once. Is this correct?	此列表多次包含名称“{0}”和“{1}”。是否正确？
AcceptListDuplicates1	This list contains the name "{0}" more than once. Is this correct?	此列表多次包含名称“{0}”。是否正确？
CitaviVersionPro	Citavi for Windows {0}	Citavi for Windows {0}
TabStopType_Right	Right	右
MergePersons_DragDropMessage_Multi	Do you want to merge the selected {1} persons into "{0}"?	是否要将所选的 {1} 位人员合并为“{0}”？
UserDataFolderSelection_SpecifiedFolderContainsDataFromOlderCitaviVersion	The specified folder already contains data from an earlier version of Citavi. Using the same folder for user files from two different versions of Citavi can lead to unpredictable behavior.\r\n\r\nIf you are sure that you will no longer use the earlier version of Citavi, you can use this folder for the current Citavi installation. Otherwise we recommend that you cancel.\r\n\r\nDo you want to proceed?	指定的文件夹中已包含来自早期版本 Citavi 的数据。将同一文件夹用于两个不同版本 Citavi 的用户文件可能导致不可预测的行为。\r\n\r\n如果您确定不再使用早期版本的 Citavi，可以将此文件夹用于当前的 Citavi 安装。否则我们建议您取消。\r\n\r\n是否要继续？
Outlook_GroupByMode_Description_TwoWeeksAgo	Two weeks ago	两周前
FilterPeriodicalNotFound_Project	The periodical "{0}" ist not assigned to any references in the project.	期刊“{0}”未分配给项目中的任何文献。
CRM_Email_ConfirmProjectInvitationNewUser_first_paragraph	##inviter has invited you to work on the Citavi project "##projectname" with the following role: ##projectrole.\r\n\r\n##description\r\n\r\nLearn more about Citavi: https://www.citavi.com/about-citavi\r\nCitavi Account: https://www.citavi.com/your-account\r\nTeamwork with Citavi: https://www.citavi.com/collaboration	##inviter 邀请您以以下角色参与 Citavi 项目“##projectname”：##projectrole。\r\n\r\n##description\r\n\r\n了解有关 Citavi 的更多信息：https://www.citavi.com/about-citavi\r\nCitavi 账户：https://www.citavi.com/your-account\r\n使用 Citavi 协作：https://www.citavi.com/collaboration
CRM_Email_CampusContractExtensionLoginShibboleth_subject	Citavi: Activate your new license	Citavi：激活您的新许可证
LookupLocations_DummyLocationCallNumber	(No locations found)	（未找到馆藏地）
ProjectDuplicate	In project	在项目中
CRM_Email_CampusContractExtensionLicensfilePublicInstall_second_paragraph	The Citavi Manual describes how to use the file.	Citavi 手册介绍了如何使用该文件。
CriteriaCount	{0} criteria	{0} 个条件
EmailAddressInvalid	{0} is not a valid email address	{0} 不是有效的电子邮件地址
DesktopAlertAttachmentCachingStartedCaption	Caching started	已开始缓存
HelpFileCreateButtonCaption	Create…	新建…
CannotCopyDataIntoSameProject	The selected file cannot be used because you cannot copy entries into same project they came from.	无法使用所选文件，因为不能将条目复制到其来源项目。
DeletePdfLink_SourceItems	The {0:selected highlight|selected highlights} and {0:its corresponding Citavi item|their corresponding Citavi items}.	
DeleteParentReference	If you delete the reference "{0}" ({1}), the following child references will also be deleted:	如果删除文献“{0}”（{1}），以下子文献也将被删除：
DBServerLicense_LicenseWithIdUsedMultipleTimes	A license with the same ID has been used multiple times.	具有相同 ID 的许可证已被多次使用。
ResourceType_Error_LocationPrefix	[Error]	[错误]
ExceptionEMailText	Please describe what you were doing in Citavi when the error occurred:\r\n\r\n\r\n\r\n--------------------------------------------------\r\n\r\nInternal error message for the Citavi support team:\r\n\r\n{0}	请描述错误发生时您在 Citavi 中正在执行的操作：\r\n\r\n\r\n\r\n--------------------------------------------------\r\n\r\n提供给 Citavi 支持团队的内部错误信息：\r\n\r\n{0}
ImportGroup_NoInformationAvailable	No additional information is available for this import group.	此导入组没有可用的其他信息。
NoUnusedRecordsFound	No unused entries found.	未找到未使用的条目。
ProjectDeletetOrNoAccessText	This project was either deleted or your access was removed.	此项目已被删除，或者您的访问权限已被移除。
ImportSettingHelpContext_ReplacesOneOrMultiple	Truncation symbol {0}| replaces one or more characters.	
DesktopAlertSaveFaultedCaption	Saving failed	保存失败
SaveFileAs_Success_Smart	{0:The file was|{0} files were} saved to the destination folder.	
AutoExport	Export automatically when saving	保存时自动导出
LibraryWithoutName	Library (no name or abbreviation defined)	图书馆（未定义名称或缩写）
ProjectMismatchException	Items from another project cannot be added to this list.	无法将其他项目中的条目添加到此列表。
SqlAzure_SUserSName_Warning	You're using an SQL database in the Microsoft Azure Cloud. The database version that you are working with contains an error that Citavi cannot correct automatically. Please contact the Citavi Support team using the following subject line: "SQL Azure ListUsers" (citavi.com/ticket)	您正在使用 Microsoft Azure 云中的 SQL 数据库。您所使用的数据库版本存在一个 Citavi 无法自动修正的错误。请使用以下主题行联系 Citavi 支持团队：“SQL Azure ListUsers”（citavi.com/ticket）
DeleteCloudProjectQuestion	Do you really want to delete the cloud project "{0}"?\r\n\r\nEnter the name of the project to continue:	是否确实要删除云项目“{0}”？\r\n\r\n请输入项目名称以继续：
DeletePersonOption	Delete person.	删除人员。
CopyOrMoveToProjectLinkedReferences	References that were linked to	已链接到的文献
CRM_Email_ConfirmProjectInvitationNewUser_button	Accept invitation	接受邀请
Discard	Discard changes	放弃更改
BackgroundTask_DefaultErrorMessage	An unknown error occurred.<br />The internal error message is: {0}	发生未知错误。<br />内部错误信息为：{0}
UploadFileAttachmentTask_ErrorLabelAttachmentSizeExceeded	This attachment is too large to be uploaded to the cloud	此附件太大，无法上传到云端
LastNameFormatInfo_FontStyle	Font style	字体样式
TaskPlannerFilter_Any	Any	任意
FilterPeriodicalNotFound_ProjectShell	The periodical "{0}" ist not assigned to any references in the selection.	期刊“{0}”未分配给所选内容中的任何文献。
OpenDbServerProject_UnknownError_WithException	An unknown error occurred while opening the project. The internal error message is: {0}\r\n\r\nYou can also try opening the file at a later time (we recommend restarting your computer first). \r\n\r\nIf the problem continues to occur, please contact the Citavi Support: www.citavi.com/service.	打开项目时发生未知错误。内部错误信息为：{0}\r\n\r\n您也可以稍后重试打开该文件（我们建议先重新启动计算机）。\r\n\r\n如果问题仍然出现，请联系 Citavi 支持：www.citavi.com/service。
SqlServerInfo_InitialCatalogMissing	The "Initial Catalog" part of the connection string is missing.	连接字符串缺少“Initial Catalog”部分。
UpdateInstallationFullWritePermission	{\\rtf1\\ansi\\ansicpg1252\\deff0\\deflang1033{\\fonttbl{\\f0\\fswiss\\fcharset0 Arial;}}\r\n{\\*\\generator Msftedit 5.41.21.2508;}\\viewkind4\\uc1\\pard\\ul\\b\\f0\\fs20 Installation Tips\\ulnone\\b0\\par\r\n\\par\r\nClick \\b Install Update\\b0  to download the update. The update will be installed the next time you start Citavi.\\par\r\n}\r\n 	{\rtf1\ansi\ansicpg1252\deff0\deflang1033{\fonttbl{\f0\fswiss\fcharset0 Arial;}}\r\n{\*\generator Msftedit 5.41.21.2508;}\viewkind4\uc1\pard\ul\b\f0\fs20 安装提示\ulnone\b0\par\r\n\par\r\n点击 \b 安装更新\b0  下载更新。更新将在您下次启动 Citavi 时安装。\par\r\n}\r\n 
IdentifyingMultipleInTextCitations	Identify in-text references that appear multiple times	识别多次出现的文内文献
ElectronicAddressInfo_Removable_LocationLabel	Electronic: USB drive	电子版：USB 驱动器
QuitCitaviQuit	Yes	是
PersonalLicenseName	Personal	个人
InsertPlaceholderTeXNotRunning	This command inserts a placeholder or quotation into an open {0} document. Citavi could not find an open document. \r\nStart {0} first and then try again.	此命令会将占位符或引文插入打开的 {0} 文档中。Citavi 未找到打开的文档。\r\n请先启动 {0}，然后重试。
SaveForbiddenMessageBox_RemoveLocalChanges	Discard changes.	放弃更改。
Transformer_Text_Add_Smart	{0:The import filter "{1}" was|{0} import filters} added successfully.	
AllowOffline_Delete	Delete offline copy	删除脱机副本
CRM_Email_AccountCreatedViaProcessOrderMailBilling_Home_last_paragraph	<b>Step 2 – Install Citavi 6</b>\r\nInstall Citavi 6 if you haven't already:\r\nwww.citavi.com/download\r\n\r\n<b>Step 3 – Log in to Citavi 6</b>\r\nAfter you start Citavi you will be asked to log in to Citavi Account. Enter your email address and password. If you have trouble, please use our login tips: www.citavi.com/login-hints\r\n\r\nCitavi 6 will automatically pull your license information from your account.\r\n\r\nIf you run into any trouble, please get in touch:\r\nwww.citavi.com/ticket	<b>第 2 步 – 安装 Citavi 6</b>\r\n如果尚未安装，请安装 Citavi 6：\r\nwww.citavi.com/download\r\n\r\n<b>第 3 步 – 登录 Citavi 6</b>\r\n启动 Citavi 后，系统会要求您登录 Citavi 账户。请输入您的电子邮件地址和密码。如果遇到问题，请使用我们的登录提示：www.citavi.com/login-hints\r\n\r\nCitavi 6 将自动从您的账户获取许可证信息。\r\n\r\n如果遇到任何问题，请联系我们：\r\nwww.citavi.com/ticket
RenameFile_Error	{0} file(s) were successfully renamed.\r\n{1} file(s) could not be found.\r\nErrors occurred with {2} file(s).\r\n\r\nDo you want to open the log?	已成功重命名 {0} 个文件。\r\n未找到 {1} 个文件。\r\n{2} 个文件出错。\r\n\r\n是否要打开日志？
StatusBarNumberOfTasksDone_Smart	{0} completed {0:task|tasks}	
ImportProgressNoReferencesFound	No matches were found that meet the search criteria	未找到符合搜索条件的匹配项
ImportExportWizard_Option_ImportTabularData	File containing tabular data	包含表格数据的文件
CannotOpenCitavi2Project	Citavi 2 projects cannot be opened. Additional information can be found in the <a href="http://www.citavi.com/openc2inc6">Citavi manual</a>.	无法打开 Citavi 2 项目。其他信息可在 <a href="http://www.citavi.com/openc2inc6">Citavi 手册</a>中找到。
HelpFileChangeButtonCaption	Change…	更改…
DeleteGroupInUse	Warning: The group "{0}" is in use. If you delete the group, it will be permanently removed from all references and knowledge items that use it.\r\n\r\nDo you want to delete the group anyway?	警告：组“{0}”正在使用中。如果删除该组，它将从所有使用它的文献和知识项中永久移除。\r\n\r\n是否仍要删除该组？
AlertBoxIgnorableException	The error message is: "{0}". Usually you can continue working with Citavi without any problems. If the error occurs again, please restart Citavi.\r\nIf this error occurs frequently, please contact Citavi support for assistance: www.citavi.com/service.	错误信息为：“{0}”。通常您可以继续正常使用 Citavi。如果再次出现该错误，请重新启动 Citavi。\r\n如果该错误频繁出现，请联系 Citavi 支持寻求帮助：www.citavi.com/service。
BatchRemoveGroups_NoKnowledgeItemHasGroups	The selected knowledge items do not have any groups to remove.	所选知识项没有可移除的组。
AttachmentUploadTaskCanceled	The attachment upload was canceled	附件上传已取消
DeleteLibraryOption	Delete library.	删除图书馆。
RepairIntegrity_EntityLink_SourceReferenceOrphaned	{0} links were removed because the reference in the "Links to" field does not exist.	已移除 {0} 个链接，因为“链接到”字段中的文献不存在。
RepairIntegrity_ReferencePublisher_ReferenceNull	{0} links between references and publishers were removed because the link to the reference was empty.	已移除 {0} 个文献与出版商之间的链接，因为指向该文献的链接为空。
OpenUrlTooManyReferences	Do you want to open the OpenURL link for all {0} selected references? Citavi will open a separate browser window for each reference.	是否要为所有 {0} 篇所选文献打开 OpenURL 链接？Citavi 将为每篇文献打开单独的浏览器窗口。
InvalidProjectPath	The file path contains characters that are not valid.\r\nIf you are using Citavi in Parallels Desktop for Mac, make sure you are using Parallels 6 or later.	文件路径包含无效字符。\r\n如果您在 Mac 的 Parallels Desktop 中使用 Citavi，请确保使用的是 Parallels 6 或更高版本。
CreateProjectDialog_FolderBrowserDialogDescription	Select the folder you want to create the project in:	选择要在其中创建项目的文件夹：
DefaultSearches_ReferencesWithoutLocations	References without locations	无馆藏地的文献
RepairIntegrity_Periodical_Duplicate	Duplicate entries were found in the list of periodicals	在期刊列表中发现重复条目
AddAbstractFromWindowsPreviewFailed	Citavi was unable to extract an abstract from the preview. Right-click the preview and see if the Copy command is available. If so, copy the abstract by hand using the Clipboard.	Citavi 无法从预览中提取摘要。请右键单击预览，查看“复制”命令是否可用。如果可用，请手动通过剪贴板复制摘要。
DefaultSearches_ReferencesWithUnverifiedBibliographicInfo	References with unverified bibliographic information	题录信息未经核实的文献
CRM_Email_CloudSpaceWarning_subject	Your Citavi Cloud storage space will be used up soon	您的 Citavi Cloud 存储空间即将用尽
KeyItemPersonFormatTypeFirst	The first person	第一个人
PathTooLongWarning_LocationForm	The path '{0}' is too long.	路径“{0}”太长。
OverrideImportedBibTeXKeys	Replace BibTeX keys when importing	导入时替换 BibTeX 键
FreeMindExportSuccessful	Export completed successfully.	导出已成功完成。
ConfirmRemoveProjectMember	Do you want to remove {0:the selected team member|the {0} selected team members}?	
CopyOrMoveToProjectWizard_NoProjectSelected	Select a project to copy or move the references to. 	选择要将文献复制或移动到的项目。
CannotDeleteSeriesTitlesBecauseTheyHaveAssignedReferencesPlural	One or more of the selected entries cannot be deleted because they have child references. Do you want to delete the unused entries?	所选条目中的一个或多个无法删除，因为它们具有子文献。是否要删除未使用的条目？
EnterTaskName	Please select or enter a task name.	请选择或输入任务名称。
ImportAndProjectDuplicate	In import and project	在导入和项目中
CopyFileToProject_Description	Select the files you want to copy into the Citavi project:	选择要复制到 Citavi 项目中的文件：
CannotImportCategoriesFromOwnProject	The selection is not valid.\r\nYou have selected the project you are currently using. It is impossible to import categories from the same project.	所选内容无效。\r\n您选择了当前正在使用的项目。无法从同一项目导入分类。
ConvertCloudAttachment_Description	Select files for conversion	选择要转换的文件
BibTeXAutoExportNotSuccess	The BibTeX file\r\n{0}\r\ncould not be created.	无法创建 BibTeX 文件\r\n{0}。
ProxyAuthenticationRequired	A proxy server is preventing Citavi from connecting to the Internet (HTTP error 407). Please log in to the proxy server.	代理服务器阻止了 Citavi 连接到 Internet（HTTP 错误 407）。请登录代理服务器。
ProjectSizeText	<span style="font-size:-1pt;">This project uses {0} GB of Citavi Space ( <a href="">more info</a> )</span>	<span style="font-size:-1pt;">此项目使用了 {0} GB 的 Citavi 空间（ <a href="">更多信息</a> ）</span>
ListImportSuccessful_Smart	{0:1 entry|{0} entries} imported successfully.	
MainForm_NavigationPaneCollapsedGroupAreaText_ReferenceManagement	Reference Editor Navigation	文献编辑器导航
NoSuchCommand	No such command "{0}".	没有命令“{0}”。
ProjectInfo_NoErrorMessage	The project file can be accessed successfully.	可以成功访问项目文件。
EditBibliographyGroupingSetFromServerWarning	This grouping is linked to the Citavi server and is automatically updated when modifications are made by the Citavi team. \r\nIf you make changes to it, the grouping will no longer be linked to the server or automatically updated.	此分组已链接到 Citavi 服务器，当 Citavi 团队进行修改时会自动更新。\r\n如果您对其进行更改，该分组将不再链接到服务器，也不再自动更新。
OptionsDialog_CitationKey_Complete	Generate citation keys for all references that do not have one yet	为所有尚无引用键的文献生成引用键
RepairIntegrity_ReferenceKeyword_KeywordNull	{0} links between references and keywords were removed because the link to the keyword was empty.	已移除 {0} 个文献与关键词之间的链接，因为指向该关键词的链接为空。
DuplicateGroupInfo	A group with the name "{0}"already exists. How do you want to proceed?	已存在名为“{0}”的组。您希望如何继续？
CRM_Email_ConfirmProjectInvitation_button	Accept invitation	接受邀请
ProjectSaveError	An error occurred while saving the project. Recent changes could not be saved.\r\n\r\nThe internal error message is: {0}	保存项目时发生错误。最近的更改无法保存。\r\n\r\n内部错误信息为：{0}
UnusedRecordsFoundAndSelected_Smart	{0:1 unused entry has|{0} unused entries have} been found and highlighted.	
OptionsImportBookstore	Online booksellers	在线书店
HelpFileExistsButIsOverriden	{0}\r\n\r\nThis Quick Help file exists but is currently not displayed because a higher ranked Quick Help file is displayed.	{0}\r\n\r\n此快速帮助文件存在，但当前未显示，因为正在显示优先级更高的快速帮助文件。
BibliographySubheading	Bibliography Subheading	参考文献目录副标题
AttachmentsFolderNowAvailable	The Attachments folder can now be accessed. The attachments from the default folder will be copied to the Attachments folder.	现在可以访问附件文件夹。默认文件夹中的附件将被复制到附件文件夹。
LookupFullText_ReferenceSelectionSelected_Smart	for the selected references	用于所选文献
BackgroundTaskConcatenationExceptionMessage	One or more dependant tasks did not complete or were stopped.	一个或多个依赖任务未完成或已停止。
MassReferenceIdentifier_Doublet_Project	This identifier is already in the project.	此标识符已存在于项目中。
to	to	至
Ed	Ed.	编
In	In	收录于
NA	No information	无信息
No	No	否
Or	or	或
RepairIntegrity_OrphanedAnnotation_LocationNonExistent	{0} annotations were removed because the file or location no longer exists.	已移除 {0} 个批注，因为文件或馆藏地已不存在。
PrintForm_OutOfMemory	The print job is too large. \r\nPlease use the "Save" command instead.	打印作业太大。\r\n请改用“保存”命令。
CRM_Email_OrderProcessBilling_first_paragraph	Thank you for choosing Citavi! \r\nYou can now access your license in your online account.	感谢您选择 Citavi！\r\n您现在可以在您的在线账户中访问您的许可证。
ImportWizard_Title_12_Access	Select the Access table or query to import:	选择要导入的 Access 表或查询：
ProjectPermissions_License_ReadOnly	Your Citavi license limits your access to this project. You cannot make any changes to the project. (<a href="http://www.citavi.com/licenserestrictions">Why not?</a>)	您的 Citavi 许可证限制了对该项目的访问。您无法对项目进行任何更改。（<a href="http://www.citavi.com/licenserestrictions">为什么？</a>）
CannotOverwriteBaseCta	The file "Base.cta" cannot be overwritten.	无法覆盖文件“Base.cta”。
SelectExactlyOneLocation	Please select exactly one location with a local file.	请选择恰好一个具有本地文件的馆藏地。
ConvertC3ProjectProgressText	Citavi is converting your project for use with this version of Citavi. The original project in Citavi 3 format has been retained.	Citavi 正在转换您的项目以供此版本的 Citavi 使用。Citavi 3 格式的原始项目已保留。
DownloadRemoteAttachmentTask_ShortName	Download cloud attachment	下载云端附件
ErrMsgEditorValNotValid	The value is not valid.	该值无效。
WorkingCopyOfWithNumber	Working Copy {0} of {1}	{1} 的工作副本 {0}
LazyUpdateOfReferencesWithNoGroup	<b>No groups</b> will update as soon as you click a different group. This delay gives you the opportunity to assign the selected references to multiple groups.	当您单击其他组时，<b>无组</b>才会更新。此延迟让您有机会将所选文献分配给多个组。
CreateReferenceList_ReferencesWithNoCategories	(Not in any category)	（未归入任何分类）
DropBoxWarning_NewProject	The selected project appears to be synchronized by DropBox. For technical reasons <a href="http://www.citavi.com/dropbox">we do not recommend using DropBox to synchronize Citavi projects.\r\n\r\nDo you want to select this folder anyway?	所选项目似乎由 DropBox 同步。出于技术原因，<a href="http://www.citavi.com/dropbox">我们不建议使用 DropBox 同步 Citavi 项目。\r\n\r\n是否仍要选择此文件夹？
ConvertPaths	Convert paths to	将路径转换为
CRM_Email_AccountCreatedViaProcessOrderMailBilling_Business_first_paragraph	Here's how you can get everything set up:	以下是完成所有设置的方法：
SeriesTitlesLabelCaption	Series ({0}):	丛书（{0}）：
SqlServerInfo_DbVersionIsHigher	The database schema version is higher than the version of Citavi. You must upgrade your Citavi program in order to connect to this database.	数据库架构版本高于 Citavi 版本。您必须升级 Citavi 程序才能连接到此数据库。
ProjectNeedsConversionFromC2_MultiUser	This project was created with an earlier version of Citavi and must be converted before it can be opened. It cannot be converted because another user is currently using it. Make sure you are the only person using the project and then open it again.	此项目是使用早期版本的 Citavi 创建的，必须先转换才能打开。由于另一位用户正在使用它，因此无法转换。请确保只有您一人在使用该项目，然后重新打开它。
TransformerList_AddTransformer_Text	Add import filter	添加导入过滤器
DbServerUsersPerSeat	{0:{0} per seat user|{0} per seat users}	
QuotationPageCountPlausibility	You entered the page range "{0}" for this quotation, which falls outside the number of pages ("{1}") of the source.\r\n\r\nIs the page range of this quotation correct?	您为此引文输入的页码范围“{0}”超出了来源的页数（“{1}”）。\r\n\r\n此引文的页码范围是否正确？
SQLiteError_CantOpen_FriendlyText	An error occurred while accessing the project file.\r\n\r\nCommon causes include:\r\n\r\n1) The connection to the storage device (network share, USB flash drive, etc.) was interrupted. Try to re-establish the connection and try again.\r\n\r\n2) Another program may be blocking the project's journal file. Please wait a moment and try again.	访问项目文件时发生错误。\r\n\r\n常见原因包括：\r\n\r\n1) 与存储设备（网络共享、USB 闪存盘等）的连接中断。请尝试重新建立连接并重试。\r\n\r\n2) 其他程序可能正在阻止项目的日志文件。请稍候片刻，然后重试。
CitationKeyDialog_OverwriteExistingCitationKeys	Replace citation keys when importing	导入时替换引用键
ImportWizardDialogUseCitaviShortTitle	Use the short titles generated by Citavi	使用 Citavi 生成的短标题
DeleteSeriesTitles_Smart	Do you want to delete the {0:series "{1}"|{0} selected series}?	
LicenseExpiryWarningMessage2	Warning: This version of Citavi for Windows expired on the {0}. On our website, www.citavi.com, you can purchase a personal license key.	警告：此版本的 Citavi for Windows 已于 {0} 过期。您可以在我们的网站 www.citavi.com 上购买个人许可证密钥。
CloudAlertHeaderText	Important!	重要！
BatchRemoveCategories_NoReferenceHasCategories	The selected references do not have any categories to remove.	所选文献没有可移除的分类。
RepairIntegrity_KnowledgeItemCategory_KnowledgeItemOrphaned	{0} links between knowledge items and categories were removed because the knowledge item does not exist.	已移除 {0} 个知识项与分类之间的链接，因为该知识项不存在。
TransformerList_CreateNewTransformer_Text	Create text filter	创建文本筛选器
BibTeXItem	Field must not be empty (set the BibTeX option "required")	字段不能为空（设置 BibTeX 选项“required”）
RenameFile_Success_Smart	{0:The file was|All {0} files were} renamed successfully.	
UnknownOnlineException	An unknown error occurred during request.	请求期间发生未知错误。
HasLabel1_False	Does not have a blue label	没有蓝色标签
DirectoryNotFound	The folder "{0}" does not exist.	文件夹“{0}”不存在。
OpenSqliteProject_UnknownError	An unknown error occurred while opening the project. \r\n\r\nPlease try restarting your computer. If the project still cannot be opened after that, please use the automatically created backup copy. For instructions, read www.citavi.com/backup\r\n\r\nIf the problem persists, please contact the Citavi Support team: www.citavi.com/ticket	打开项目时发生未知错误。\r\n\r\n请尝试重新启动计算机。如果之后仍无法打开项目，请使用自动创建的备份副本。有关说明，请阅读 www.citavi.com/backup\r\n\r\n如果问题仍然存在，请联系 Citavi 支持团队：www.citavi.com/ticket
infinite	infinite	无限
ReplaceExistingTaskItemFilterWithSameName	There is already a saved selection with the name "{0}". Do you want to replace it?	已存在名为“{0}”的已保存选择。是否要替换它？
UpdateInstallationNoPermissionVista	{\\rtf1\\ansi\\ansicpg1252\\deff0\\deflang2055\\deflangfe2055{\\fonttbl{\\f0\\fswiss\\fprq2\\fcharset0 Arial;}}\r\n{\\*\\generator Msftedit 5.41.21.2508;}\\viewkind4\\uc1\\pard\\nowidctlpar\\lang1033\\ul\\b\\f0\\fs20 Installation Note\\ulnone\\b0\\par\r\n\\par\r\nCitavi cannot determine whether you are authorized to install program updates on this computer.\\par\r\n\\par\r\nIf you have administrator rights on this computer, click \\b Install Update\\b0 .\\par\r\nOtherwise click \\b Cancel \\b0 and sign in using an administrator account or ask your system administrator to install the update.\\par\r\n}\r\n 	{\rtf1\ansi\ansicpg1252\deff0\deflang2055\deflangfe2055{\fonttbl{\f0\fswiss\fprq2\fcharset0 Arial;}}\r\n{\*\generator Msftedit 5.41.21.2508;}\viewkind4\uc1\pard\nowidctlpar\lang1033\ul\b\f0\fs20 安装说明\ulnone\b0\par\r\n\par\r\nCitavi 无法确定您是否有权在此计算机上安装程序更新。\par\r\n\par\r\n如果您对此计算机拥有管理员权限，请单击 \b 安装更新\b0 。\par\r\n否则请单击 \b 取消 \b0 并使用管理员账户登录，或请系统管理员安装更新。\par\r\n}\r\n 
NewComponentPartScopeDescription	What should the component refer to?	该组件应引用什么？
LicenseLimitationExceeded_CloseAnyway	Close the project anyway.	仍要关闭项目。
KnowledgeItemsWithNoCategory	No categories	无分类
TemplateUseCaseNameLocalized_ArchiveMaterial_UnpublishedWork	Archive material in report or gray literature	报告或灰色文献中的档案资料
MiniToolbar_Edit	Edit	编辑
CloudSpaceExceeded	There is not enough Citavi Space available to complete this operation. You either need to free up space or increase your quota. Please see www.citavi.com/nospace for details.	可用 Citavi 空间不足，无法完成此操作。您需要释放空间或增加配额。有关详情，请参见 www.citavi.com/nospace。
KnownProjectHasOverdueTasks	The project contains overdue tasks. Click here to show the task planner for the project.	项目包含逾期任务。单击此处显示该项目的任务计划程序。
OpenOfficeWriter	OpenOffice.org Writer	OpenOffice.org Writer
LinkedResourceAttachmentAttaching	Adding attachment…	正在添加附件…
TransformerHelpContext_OnlineSearchOptions	Available wildcards and search options	可用的通配符和搜索选项
ReferenceGridForm_AllowUpdateInfo	This mode lets you edit references in the table.\r\n\r\nNote that not all fields can be edited in the table, including:\r\n- Formattable text fields (Abstract, Evaluation, and Table of contents)\r\n- Composite fields (Abstract, Quotations, and Locations)\r\n- Fields which are calculated or advanced (Year derived, Reference type, ISBN, etc.)	此模式允许您在表格中编辑文献。\r\n\r\n请注意，并非所有字段都能在表格中编辑，包括：\r\n- 可设置格式的文本字段（摘要、评价和目录）\r\n- 复合字段（摘要、引文和馆藏地）\r\n- 计算或高级字段（推导年份、文献类型、ISBN 等）
CRM_Email_CampusVoucherBlockAdded_button	Log in to your account	登录您的账户
OpenCloudProject_UnknownError_WithException	An unknown error occurred while opening the project. The internal error message is: {0}\r\n\r\nIf the problem continues to occur, please contact the Citavi Support: www.citavi.com/service.	打开项目时发生未知错误。内部错误信息为：{0}\r\n\r\n如果问题仍然出现，请联系 Citavi 支持：www.citavi.com/service。
RepairIntegrity_UserMessage_DBServer_Finished	Citavi repaired inconsistencies in the project "{0}".\r\n\r\nIf you still cannot open the project, please contact Citavi support for assistance:\r\nwww.citavi.com/support	Citavi 修复了项目“{0}”中的不一致之处。\r\n\r\n如果您仍然无法打开该项目，请联系 Citavi 支持寻求帮助：\r\nwww.citavi.com/support
DeleteImportGroups_Smart	Do you want to delete {0:the import group "{1}"|the {0} selected import groups}?\r\nPlease note: the references in the {0:group|groups} will not be deleted.	
HelpFileDoesNotExist	{0}\r\n\r\nThis Quick Help file does not exist.	{0}\r\n\r\n此快速帮助文件不存在。
AllKnowledgeItemsInAllKeywords	All knowledge items in all keywords	所有关键词中的所有知识项
ImportExportWizard_Option_ExportOtherProject	To another Citavi project	到另一个 Citavi 项目
TabStopType_Left	Left	左
ExceptionSubject	Citavi program error	Citavi 程序错误
CRM_Email_CampusServerLicenseAdded_subject	Your Citavi for DBServer license key	您的 Citavi for DBServer 许可证密钥
OpenUrlMetaTagMissing	You must define at least one OpenURL parameter.	您必须至少定义一个 OpenURL 参数。
CreateProjectNotAllowed	Your system administrator has configured Citavi in such a way that you cannot create projects.	您的系统管理员对 Citavi 的配置使您无法创建项目。
OptionsDialogTransformerLocation	Location search	馆藏地搜索
ProjectAddresses_HasProjectWriteAndAttachmentsFolderReadPermissionsMismatch	Project technical configuration error:\r\nYou have the Author role for the project but read-only access for the Attachments folder. Please ask your system administrator to give you Write permissions for the Attachments folder.	项目技术配置错误：\r\n您对项目拥有作者角色，但对附件文件夹只有只读访问权限。请让系统管理员为您授予附件文件夹的写入权限。
Outlook_GroupByMode_Description_LaterThisMonth	Later this month	本月晚些时候
CRM_Email_RecoverDeletedProject_subject	The project '##projectname' was deleted	项目“##projectname”已删除
RepairIntegrity_ReferenceAuthor_ReferenceOrphaned	{0} links between references and authors were removed because the reference does not exist.	已移除 {0} 个文献与作者之间的链接，因为该文献不存在。
ParentReference	Parent reference	父参考文献
LibreOfficeWriterNotFound	Citavi could not find a compatible version of LibreOffice Writer on this computer.	Citavi 在此计算机上找不到兼容版本的 LibreOffice Writer。
OrganizationSettingUrlCopyToClipboadSuccessfully	The URL was copied to the Clipboard.	URL 已复制到剪贴板。
OptionsDialog_CitationKey_None	Make no changes	不做任何更改
CRM_Email_AccountCreatedViaProcessOrderMailBilling_DbServer_subject	Welcome to Citavi 6!	欢迎使用 Citavi 6！
ReferenceDataCompletion_InvalidPmcId	The PMCID field does not contain a valid number.\r\nWith a valid PMCID, you can import bibliographic information automatically.	PMCID 字段不包含有效数字。\r\n使用有效的 PMCID，您可以自动导入题录信息。
CopyOrMoveToProject_Locations	Locations (including attachments)	馆藏地（包括附件）
OnlineOrderNotPossibleInvalidIsbn	The item cannot be ordered online through Citavi because it does not have a valid ISBN number.	无法通过 Citavi 在线订购该条目，因为它没有有效的 ISBN 号。
DeleteUnusedItems_Groups	Groups ({0})	组（{0}）
DeletePublishers_Smart	Do you want to delete the {0:publisher "{1}"|{0} selected publishers}?	
PreviewControl_StatusBar_SearchButton	Show or hide search bar (Ctrl+F3)	显示或隐藏搜索栏 (Ctrl+F3)
DBServerLicenseExpiryWarningMessage	<span style="font-weight:bold">Important: Your Citavi license is about to expire</span>\r\n\r\nIf you don’t enter a new license key, your Citavi will not run after {0}. <a href="https://www.citavi.com/licenses-overview">What that means for you.</a>\r\n\r\nPlease contact your Citavi administrator to renew the Citavi for DBServer license.\r\n\r\n\r\nRemind me again:	<span style="font-weight:bold">重要：您的 Citavi 许可证即将到期</span>\r\n\r\n如果您不输入新的许可证密钥，您的 Citavi 在 {0} 之后将无法运行。<a href="https://www.citavi.com/licenses-overview">这对您意味着什么。</a>\r\n\r\n请联系您的 Citavi 管理员以续订 Citavi for DBServer 许可证。\r\n\r\n\r\n再次提醒我：
CitaviCloudException_SupportWithJobId	If the error continues to occur, please contact the Citavi Support team with the following information:\r\nJob ID: {0}	如果该错误继续出现，请使用以下信息联系 Citavi 支持团队：\r\n作业 ID：{0}
CRM_Email_OrderProcessBilling_button	Log in to your account	登录您的账户
SQLiteError_Corrupt_FriendlyText	The project file is damaged. Please check your computer for disk, USB flash drive, or memory problems. \r\n\r\nYou can try to open the project again after restarting the computer. If it still fails, restore your project from the backup Citavi creates for you. If you need assistance, contact Citavi support: www.citavi.com/service.	项目文件已损坏。请检查您的计算机是否存在磁盘、USB 闪存盘或内存问题。\r\n\r\n您可以在重新启动计算机后尝试再次打开项目。如果仍然失败，请从 Citavi 为您创建的备份中恢复项目。如果您需要帮助，请联系 Citavi 支持：www.citavi.com/service。
DesktopAlertChangeAttachmendPathFinishedTitle	Finished Copying Attached Files	已完成附件复制
PeriodicalName	Periodical title	期刊标题
RetryAll	Alle erneut versuchen	全部重试
Eds	Eds.	编
And	and	和
All	All	全部
DVD	DVD	DVD
Cut	Cut	剪切
Not	Not	非
IOP	Institute of Physics	Institute of Physics
LOB	Lehmanns Fachbuchhandlung	Lehmanns Fachbuchhandlung
Yes	Yes	是
ResumeLabel2SearchAtEnd	The beginning of the list has been reached. No references with red labels were found. Do you want to continue searching from the end of the list?	已到达列表开头。未找到带有红色标签的文献。是否要从列表末尾继续搜索？
CRM_Email_ProjectRoleChanged_first_paragraph	##inviter has assigned you the role ##projectrole in the project "##projectname".\r\nLearn more about cloud project roles: www.citavi.com/roles	##inviter 在项目“##projectname”中为您分配了角色 ##projectrole。\r\n了解有关云项目角色的更多信息：www.citavi.com/roles
SaveBackupLogFinished	The log was saved successfully.	日志已成功保存。
Empty	empty	空
Error	Error	错误
DeleteKeyTemplate	Do you want to delete this template?	是否要删除此模板？
HasAttachment_True	Has a local attachment	具有本地附件
Files	files	文件
Found	Found	已找到
CRM_Email_SendFormattedReferences_subject	Citavi: Your formatted references	Citavi：您格式化的文献
DuplicatesFoundAndSelected	{0} duplicates were found and highlighted.	已找到并突出显示 {0} 个重复项。
GoTo2	Go to… (Ctrl+Alt+E)	转到… (Ctrl+Alt+E)
ImportWizard_DataIncomplete	The file does not contain any valid data to import.	该文件不包含任何可导入的有效数据。
ElectronicAddressInfo_Ram_LocationLabel	Electronic: RAM disk	电子版：RAM 磁盘
Merge	Merge	合并
Music	Music	音乐
Books	Books	图书
Never	(Never)	（从不）
Order	Order	订购
Later	Later	稍后
Local	Local	本地
SqlServerInfo_LicensePermissionNone	You do not have a DBServer license. Please purchase Citavi DBServer license in the <a href="https://citaviweb.citavi.com/shop">shop</a> to open this project.	您没有 DBServer 许可证。请在<a href="https://citaviweb.citavi.com/shop">商店</a>中购买 Citavi DBServer 许可证以打开此项目。
CRM_Email_CloudSpaceExceeded_subject	Your Citavi Cloud storage space has been used up	您的 Citavi Cloud 存储空间已用尽
OptionsDialog_CitationKey	You have activated citation key support. How do you want to proceed?	您已激活引用键支持。您希望如何继续？
NoCustomFieldLabel	[None]	[无]
Video	Video	视频
QuotationTextFormText	Text Quotation	文本引文
TaskNameUntilDate	{0} (finish by: {1})	{0}（截止日期：{1}）
Title	Title:	标题：
Today	Today	今天
Ready	Ready	就绪
CRM_Email_LicenseWithdrawal_first_paragraph	Your license administrator would like to transfer your Citavi license to another user and has withdrawn your license.	您的许可证管理员希望将您的 Citavi 许可证转让给另一位用户，并已收回您的许可证。
Paste	Paste	粘贴
TitleLabel	Sort knowledge items	排序知识条目
Sigel_Titelstichwort_Json	{\r\n  "AutoUpdate": true,\r\n  "CharsToRemove": [],\r\n  "Name": "Titelstichwort",\r\n  "Id": "C66A07EB-FC57-4460-9D5C-0D9309399D14",\r\n  "Items": [\r\n    {\r\n      "ReferenceTypeId": 0,\r\n      "KeyItems": [\r\n        {\r\n          "$type": "SwissAcademic.Citavi.BibTeXCitationKey.TextKeyItem, SwissAcademic.Citavi",\r\n          "NumberOfChars": 1,\r\n          "NumberOfWords": 1,\r\n          "TextKeyFormatType": 1,\r\n          "Lowercase": false,\r\n          "ReferencePropertyId": 192,\r\n          "TextAfter": "",\r\n          "TextBefore": "",\r\n          "Uppercase": false\r\n        }\r\n      ]\r\n    },\r\n    {\r\n      "ReferenceTypeId": 12,\r\n      "KeyItems": [\r\n        {\r\n          "$type": "SwissAcademic.Citavi.BibTeXCitationKey.TextKeyItem, SwissAcademic.Citavi",\r\n          "NumberOfChars": 0,\r\n          "NumberOfWords": 0,\r\n          "TextKeyFormatType": 2,\r\n          "Lowercase": false,\r\n          "ReferencePropertyId": 176,\r\n          "TextAfter": "",\r\n          "TextBefore": "",\r\n          "Uppercase": false\r\n        }\r\n      ]\r\n    },\r\n    {\r\n      "ReferenceTypeId": 26,\r\n      "KeyItems": [\r\n        {\r\n          "$type": "SwissAcademic.Citavi.BibTeXCitationKey.TextKeyItem, SwissAcademic.Citavi",\r\n          "NumberOfChars": 0,\r\n          "NumberOfWords": 0,\r\n          "TextKeyFormatType": 2,\r\n          "Lowercase": false,\r\n          "ReferencePropertyId": 179,\r\n          "TextAfter": "",\r\n          "TextBefore": "",\r\n          "Uppercase": false\r\n        }\r\n      ]\r\n    },\r\n    {\r\n      "ReferenceTypeId": 31,\r\n      "KeyItems": [\r\n        {\r\n          "$type": "SwissAcademic.Citavi.BibTeXCitationKey.TextKeyItem, SwissAcademic.Citavi",\r\n          "NumberOfChars": 0,\r\n          "NumberOfWords": 0,\r\n          "TextKeyFormatType": 2,\r\n          "Lowercase": false,\r\n          "ReferencePropertyId": 149,\r\n          "TextAfter": "",\r\n          "TextBefore": "",\r\n          "Uppercase": false\r\n        }\r\n      ]\r\n    },\r\n    {\r\n      "ReferenceTypeId": 13,\r\n      "KeyItems": [\r\n        {\r\n          "$type": "SwissAcademic.Citavi.BibTeXCitationKey.TextKeyItem, SwissAcademic.Citavi",\r\n          "NumberOfChars": 0,\r\n          "NumberOfWords": 0,\r\n          "TextKeyFormatType": 2,\r\n          "Lowercase": false,\r\n          "ReferencePropertyId": 149,\r\n          "TextAfter": "",\r\n          "TextBefore": "",\r\n          "Uppercase": false\r\n        }\r\n      ]\r\n    }\r\n  ],\r\n  "IsBibTeXKey": false,\r\n  "NormalizeKeys": false\r\n}	{\r\n  "AutoUpdate": true,\r\n  "CharsToRemove": [],\r\n  "Name": "标题关键词",\r\n  "Id": "C66A07EB-FC57-4460-9D5C-0D9309399D14",\r\n  "Items": [\r\n    {\r\n      "ReferenceTypeId": 0,\r\n      "KeyItems": [\r\n        {\r\n          "$type": "SwissAcademic.Citavi.BibTeXCitationKey.TextKeyItem, SwissAcademic.Citavi",\r\n          "NumberOfChars": 1,\r\n          "NumberOfWords": 1,\r\n          "TextKeyFormatType": 1,\r\n          "Lowercase": false,\r\n          "ReferencePropertyId": 192,\r\n          "TextAfter": "",\r\n          "TextBefore": "",\r\n          "Uppercase": false\r\n        }\r\n      ]\r\n    },\r\n    {\r\n      "ReferenceTypeId": 12,\r\n      "KeyItems": [\r\n        {\r\n          "$type": "SwissAcademic.Citavi.BibTeXCitationKey.TextKeyItem, SwissAcademic.Citavi",\r\n          "NumberOfChars": 0,\r\n          "NumberOfWords": 0,\r\n          "TextKeyFormatType": 2,\r\n          "Lowercase": false,\r\n          "ReferencePropertyId": 176,\r\n          "TextAfter": "",\r\n          "TextBefore": "",\r\n          "Uppercase": false\r\n        }\r\n      ]\r\n    },\r\n    {\r\n      "ReferenceTypeId": 26,\r\n      "KeyItems": [\r\n        {\r\n          "$type": "SwissAcademic.Citavi.BibTeXCitationKey.TextKeyItem, SwissAcademic.Citavi",\r\n          "NumberOfChars": 0,\r\n          "NumberOfWords": 0,\r\n          "TextKeyFormatType": 2,\r\n          "Lowercase": false,\r\n          "ReferencePropertyId": 179,\r\n          "TextAfter": "",\r\n          "TextBefore": "",\r\n          "Uppercase": false\r\n        }\r\n      ]\r\n    },\r\n    {\r\n      "ReferenceTypeId": 31,\r\n      "KeyItems": [\r\n        {\r\n          "$type": "SwissAcademic.Citavi.BibTeXCitationKey.TextKeyItem, SwissAcademic.Citavi",\r\n          "NumberOfChars": 0,\r\n          "NumberOfWords": 0,\r\n          "TextKeyFormatType": 2,\r\n          "Lowercase": false,\r\n          "ReferencePropertyId": 149,\r\n          "TextAfter": "",\r\n          "TextBefore": "",\r\n          "Uppercase": false\r\n        }\r\n      ]\r\n    },\r\n    {\r\n      "ReferenceTypeId": 13,\r\n      "KeyItems": [\r\n        {\r\n          "$type": "SwissAcademic.Citavi.BibTeXCitationKey.TextKeyItem, SwissAcademic.Citavi",\r\n          "NumberOfChars": 0,\r\n          "NumberOfWords": 0,\r\n          "TextKeyFormatType": 2,\r\n          "Lowercase": false,\r\n          "ReferencePropertyId": 149,\r\n          "TextAfter": "",\r\n          "TextBefore": "",\r\n          "Uppercase": false\r\n        }\r\n      ]\r\n    }\r\n  ],\r\n  "IsBibTeXKey": false,\r\n  "NormalizeKeys": false\r\n}
ChatUserOverview	Currently in the chat: {0}	当前在聊天中：{0}
DontShowMessageSession	Do not show this message again during the current session.	在当前会话中不再显示此消息。
LoadingProjectFromCache	Loading project from cache …	正在从缓存加载项目…
TransformerHelpContext_ReplacesManyOrOne	replaces 1 or more characters	替换 1 个或多个字符
ProxyConfigurationOK	This change will take effect the next time you restart Citavi.	此更改将在您下次重新启动 Citavi 时生效。
LiveUpdateIsAvailable	A Citavi update is available for download. Do you want to learn more?	有可下载的 Citavi 更新。是否要了解更多信息？
ElectronicAddressInfo_Empty_LocationLabel_short	Unknown	未知
RepairIntegrity_ReferenceKeyword_ReferenceOrphaned	{0} links between references and keywords were removed because the reference does not exist.	已移除 {0} 个文献与关键词之间的链接，因为该文献不存在。
ImportReferenceTypeNotAvailable	Not available	不可用
TextEditorFormatResetAllPictureWarning	The text you want to reset contains images or other graphics. These graphics will be deleted if you reset.\r\n\r\nAre you sure you want to continue?	您要重置的文本包含图像或其他图形。如果重置，这些图形将被删除。\r\n\r\n确定要继续吗？
Offline	Offline	脱机
CloudProgress_ProjectDownload	Preparing {0} …	正在准备 {0}…
CampusLicenseExpiryWarningMessageDontShow	Never	从不
RepairIntegrity_KnowledgeItemKeyword_KnowledgeItemNull	{0} links between knowledge items and keywords were removed because the link to the knowledge item was empty.	已移除 {0} 个知识项与关键词之间的链接，因为指向该知识项的链接为空。
OrderByEMail_EMailMissing	To order by email, you must first provide the email address of your preferred bookseller. \r\n\r\nDo you want to do this now?	如需通过电子邮件订购，您必须先提供首选书商的电子邮件地址。\r\n\r\n是否现在进行？
LazyUpdateOfReferencesWithNoKeywords	<b>No keywords</b> will update as soon as you click a different keyword. This delay gives you the opportunity to apply multiple keywords to references.	当您单击其他关键词时，<b>无关键词</b>才会更新。此延迟让您有机会为文献应用多个关键词。
Scope_Specific	Database-specific text filter	数据库特定的文本筛选器
WarningBackgroundTasksFaultedCloseProject_DontCloseAndShowList	Leave project open and display list of background task errors.	保持项目打开并显示后台任务错误列表。
DeleteLibrariesWithAssignedReferences_Smart	{0:The selected library is in use|The {0} selected libraries are in use} {1:as a location|as {1} locations}.\r\nThe corresponding {1:location|{1} locations} will also be deleted.\r\n\r\nDo you want to delete the {0:selected library|{0} selected libraries} anyway?	
MassReferenceIdentifier_ImportFromUserInput	Add to list	添加到列表
FunctionIsNotAvailable	This feature is not available in this beta version of Citavi.	此功能在此 Beta 版 Citavi 中不可用。
SortKnowledgeItemsByModifiedBy	{\\rtf1\\ansi\\ansicpg1252\\deff0\\deflang2055\\deflangfe2055{\\fonttbl{\\f0\\fswiss\\fprq2\\fcharset0 Arial;}}\r\n{\\colortbl ;\\red128\\green128\\blue128;}\r\n{\\*\\generator Msftedit 5.41.21.2508;}\\viewkind4\\uc1\\pard\\nowidctlpar\\sa80\\sl264\\slmult1\\cf1\\lang1033\\f0\\fs18 Knowledge items will not be grouped.\\par\r\n}	{\rtf1\ansi\ansicpg1252\deff0\deflang2055\deflangfe2055{\fonttbl{\f0\fswiss\fprq2\fcharset0 Arial;}}\r\n{\colortbl ;\red128\green128\blue128;}\r\n{\*\generator Msftedit 5.41.21.2508;}\viewkind4\uc1\pard\nowidctlpar\sa80\sl264\slmult1\cf1\lang1033\f0\fs18 知识项将不会被分组。\par\r\n}
CreateAllCategoriesInTargetProject	With complete category system	带有完整分类系统
PdfCopyNoPermission	The author of this PDF file has configured it so that its contents cannot be copied to the Clipboard.	此 PDF 文件的作者已将其配置为内容无法复制到剪贴板。
OptionsImportTransformerLocation	Location search	馆藏地搜索
RepairIntegrity_TaskItemReference_OrphanedReference	{0} tasks were assigned to a reference that does not exist any more. Citavi has created a new reference with the short title "!!Citavi Project Repair" and assigned the tasks to it.	{0} 个任务被分配给了已不存在的文献。Citavi 已创建短标题为“!!Citavi Project Repair”的新文献，并将这些任务分配给它。
ResumeLabel1SearchAtEnd	The beginning of the list has been reached. No references with blue labels were found. Do you want to continue searching from the end of the list?	已到达列表开头。未找到带有蓝色标签的文献。是否要从列表末尾继续搜索？
HelpFileUndefinedMissingHelpContext	Undefined because there is no Quick Help context.	未定义，因为没有快速帮助上下文。
AddOn_Deactivted_OK	The add-on will be disabled after you restart Citavi.	重新启动 Citavi 后，该加载项将被禁用。
ElectronicAddressInfo_Local_LocationLabel	Electronic: local file, unmanaged	电子版：本地文件，非托管
ImportWizard_Title_25_Progress	Searching for PDFs…	正在搜索 PDF…
LocationNotAnUri	The address could not be resolved. Do you still want to save the changes?	无法解析该地址。是否仍要保存更改？
SearchForm_CannotAddReferencesToSelection	The references cannot be added to the current selection because none of the selected elements exist in the current project. Presumably they have been deleted since the last search.	无法将文献添加到当前选择，因为所选元素均不存在于当前项目中。它们可能自上次搜索以来已被删除。
DesktopAlertAttachmentCachingStartedFooter	Show background tasks	显示后台任务
ChangeReferenceTypeFor	For which references do you want to change the reference type?	要为哪些文献更改文献类型？
CRM_Email_address	Swiss Academic Software GmbH - Florhofstrasse 2 - 8820 Waedenswil - Switzerland	Swiss Academic Software GmbH - Florhofstrasse 2 - 8820 Waedenswil - Switzerland
RemoveKeywordFromSelectedReferences	Do you want to remove the keyword "{0}" from the selected reference(s)?	是否要从所选文献中移除关键词“{0}”？
Sigel_Stuttgart_Json	{\r\n  "AutoUpdate": true,\r\n  "CharsToRemove": [],\r\n  "Name": "Stuttgart",\r\n  "Id": "92E9B115-636D-4BC0-AF5C-39F85185858E",\r\n  "Items": [\r\n    {\r\n      "ReferenceTypeId": 0,\r\n      "KeyItems": [\r\n        {\r\n          "$type": "SwissAcademic.Citavi.BibTeXCitationKey.PersonKeyItem, SwissAcademic.Citavi",\r\n          "PersonElement1": {\r\n            "FirstNameCharCount": 0,\r\n            "FormatEndIndex": -1,\r\n            "FormatStartIndex": 1,\r\n            "LastNameCharCount": 3,\r\n            "PersonNameFormatType": 0,\r\n            "TextBetweenFirstNameLastName": ". ",\r\n            "TextBetweenPersons": " & "\r\n          },\r\n          "PersonElement2": {\r\n            "FirstNameCharCount": 0,\r\n            "FormatEndIndex": 3,\r\n            "FormatStartIndex": -1,\r\n            "LastNameCharCount": 100,\r\n            "PersonNameFormatType": 0,\r\n            "TextBetweenFirstNameLastName": ". ",\r\n            "TextBetweenPersons": " & "\r\n          },\r\n          "PersonListElement": {\r\n            "AbbreviateAfterPersonIndex": 1,\r\n            "AbbreviateText": "",\r\n            "MaxPersonCount": 1\r\n          },\r\n          "PersonElementForOnePerson": {\r\n            "FirstNameCharCount": 0,\r\n            "FormatEndIndex": 3,\r\n            "FormatStartIndex": 1,\r\n            "LastNameCharCount": 100,\r\n            "PersonNameFormatType": 0,\r\n            "TextBetweenFirstNameLastName": ". ",\r\n            "TextBetweenPersons": " & "\r\n          },\r\n          "PersonElement1ForTwoPersons": {\r\n            "FirstNameCharCount": 0,\r\n            "FormatEndIndex": 3,\r\n            "FormatStartIndex": 1,\r\n            "LastNameCharCount": 100,\r\n            "PersonNameFormatType": 0,\r\n            "TextBetweenFirstNameLastName": ". ",\r\n            "TextBetweenPersons": " & "\r\n          },\r\n          "PersonElement2ForTwoPersons": {\r\n            "FirstNameCharCount": 0,\r\n            "FormatEndIndex": 3,\r\n            "FormatStartIndex": 1,\r\n            "LastNameCharCount": 100,\r\n            "PersonNameFormatType": 0,\r\n            "TextBetweenFirstNameLastName": ". ",\r\n            "TextBetweenPersons": " & "\r\n          },\r\n          "PersonElement1ForThreePersons": {\r\n            "FirstNameCharCount": 0,\r\n            "FormatEndIndex": 3,\r\n            "FormatStartIndex": 1,\r\n            "LastNameCharCount": 100,\r\n            "PersonNameFormatType": 0,\r\n            "TextBetweenFirstNameLastName": ". ",\r\n            "TextBetweenPersons": " & "\r\n          },\r\n          "PersonElement2ForThreePersons": {\r\n            "FirstNameCharCount": 0,\r\n            "FormatEndIndex": 3,\r\n            "FormatStartIndex": 1,\r\n            "LastNameCharCount": 100,\r\n            "PersonNameFormatType": 0,\r\n            "TextBetweenFirstNameLastName": ". ",\r\n            "TextBetweenPersons": " & "\r\n          },\r\n          "UseDifferentSetsForDifferentNumberOfPersons": false,\r\n          "Lowercase": false,\r\n          "ReferencePropertyId": 108,\r\n          "TextAfter": "",\r\n          "TextBefore": "",\r\n          "Uppercase": true\r\n        },\r\n        {\r\n          "$type": "SwissAcademic.Citavi.BibTeXCitationKey.DateKeyItem, SwissAcademic.Citavi",\r\n          "DateTimePattern": "yyyy",\r\n          "FormatDate": true,\r\n          "Lowercase": false,\r\n          "ReferencePropertyId": 201,\r\n          "TextAfter": "",\r\n          "TextBefore": "",\r\n          "Uppercase": false\r\n        }\r\n      ]\r\n    }\r\n  ],\r\n  "IsBibTeXKey": false,\r\n  "NormalizeKeys": false\r\n}	{\r\n  "AutoUpdate": true,\r\n  "CharsToRemove": [],\r\n  "Name": "Stuttgart",\r\n  "Id": "92E9B115-636D-4BC0-AF5C-39F85185858E",\r\n  "Items": [\r\n    {\r\n      "ReferenceTypeId": 0,\r\n      "KeyItems": [\r\n        {\r\n          "$type": "SwissAcademic.Citavi.BibTeXCitationKey.PersonKeyItem, SwissAcademic.Citavi",\r\n          "PersonElement1": {\r\n            "FirstNameCharCount": 0,\r\n            "FormatEndIndex": -1,\r\n            "FormatStartIndex": 1,\r\n            "LastNameCharCount": 3,\r\n            "PersonNameFormatType": 0,\r\n            "TextBetweenFirstNameLastName": ". ",\r\n            "TextBetweenPersons": " & "\r\n          },\r\n          "PersonElement2": {\r\n            "FirstNameCharCount": 0,\r\n            "FormatEndIndex": 3,\r\n            "FormatStartIndex": -1,\r\n            "LastNameCharCount": 100,\r\n            "PersonNameFormatType": 0,\r\n            "TextBetweenFirstNameLastName": ". ",\r\n            "TextBetweenPersons": " & "\r\n          },\r\n          "PersonListElement": {\r\n            "AbbreviateAfterPersonIndex": 1,\r\n            "AbbreviateText": "",\r\n            "MaxPersonCount": 1\r\n          },\r\n          "PersonElementForOnePerson": {\r\n            "FirstNameCharCount": 0,\r\n            "FormatEndIndex": 3,\r\n            "FormatStartIndex": 1,\r\n            "LastNameCharCount": 100,\r\n            "PersonNameFormatType": 0,\r\n            "TextBetweenFirstNameLastName": ". ",\r\n            "TextBetweenPersons": " & "\r\n          },\r\n          "PersonElement1ForTwoPersons": {\r\n            "FirstNameCharCount": 0,\r\n            "FormatEndIndex": 3,\r\n            "FormatStartIndex": 1,\r\n            "LastNameCharCount": 100,\r\n            "PersonNameFormatType": 0,\r\n            "TextBetweenFirstNameLastName": ". ",\r\n            "TextBetweenPersons": " & "\r\n          },\r\n          "PersonElement2ForTwoPersons": {\r\n            "FirstNameCharCount": 0,\r\n            "FormatEndIndex": 3,\r\n            "FormatStartIndex": 1,\r\n            "LastNameCharCount": 100,\r\n            "PersonNameFormatType": 0,\r\n            "TextBetweenFirstNameLastName": ". ",\r\n            "TextBetweenPersons": " & "\r\n          },\r\n          "PersonElement1ForThreePersons": {\r\n            "FirstNameCharCount": 0,\r\n            "FormatEndIndex": 3,\r\n            "FormatStartIndex": 1,\r\n            "LastNameCharCount": 100,\r\n            "PersonNameFormatType": 0,\r\n            "TextBetweenFirstNameLastName": ". ",\r\n            "TextBetweenPersons": " & "\r\n          },\r\n          "PersonElement2ForThreePersons": {\r\n            "FirstNameCharCount": 0,\r\n            "FormatEndIndex": 3,\r\n            "FormatStartIndex": 1,\r\n            "LastNameCharCount": 100,\r\n            "PersonNameFormatType": 0,\r\n            "TextBetweenFirstNameLastName": ". ",\r\n            "TextBetweenPersons": " & "\r\n          },\r\n          "UseDifferentSetsForDifferentNumberOfPersons": false,\r\n          "Lowercase": false,\r\n          "ReferencePropertyId": 108,\r\n          "TextAfter": "",\r\n          "TextBefore": "",\r\n          "Uppercase": true\r\n        },\r\n        {\r\n          "$type": "SwissAcademic.Citavi.BibTeXCitationKey.DateKeyItem, SwissAcademic.Citavi",\r\n          "DateTimePattern": "yyyy",\r\n          "FormatDate": true,\r\n          "Lowercase": false,\r\n          "ReferencePropertyId": 201,\r\n          "TextAfter": "",\r\n          "TextBefore": "",\r\n          "Uppercase": false\r\n        }\r\n      ]\r\n    }\r\n  ],\r\n  "IsBibTeXKey": false,\r\n  "NormalizeKeys": false\r\n}
CRM_Email_CampusContractExtensionLicensfileExportData_subject	License key for Citavi settings file export for ##organization	用于 ##organization 的 Citavi 设置文件导出许可证密钥
TransformerHelpContext_RightTruncation	at the en|*| of a word	
Label2Yes	Red label: Yes	红色标签：是
Label1Yes	Blue label: Yes	蓝色标签：是
SearchForm_InvalidQuotationMarks	The quotation marks are incomplete or not valid.	引号不完整或无效。
InvalidDateFormatStringInComponent	[Date format "{0}" in component "{1}" is not valid]	[组件“{1}”中的日期格式“{0}”无效]
PdfExport_DocumentPermissionViolationException	The requested authorization '{0}' was rejected.	请求的授权“{0}”被拒绝。
DragOnNoKeywordsNode	You dragged one or more items to "No keywords". Do you want to remove the keywords currently applied to these items?	您将一个或多个条目拖到了“无关键词”。是否要移除当前应用于这些条目的关键词？
SortOrderDateDescending	Most recent first	最新优先
BookOrderTitle	You can order the book from the following online booksellers:	您可以从以下在线书商订购该书：
ReferenceGrid_VirtualColumnLabel_EntityLinksAsTarget	Links from	链接自
OpenProjectProgressText	Opening project…	正在打开项目…
RepairIntegrity_EntityLink_SourceKnowledgeItemOrphaned	{0} links were removed because the knowledge item in the "Links to" field does not exist.	已移除 {0} 个链接，因为“链接到”字段中的知识项不存在。
CRM_Email_CampusVoucherBlockAdded_subject	Your Citavi voucher codes	您的 Citavi 优惠券代码
MassReferenceIdentifier_Result	Search results	搜索结果
RepairIntegrity_ReferenceReference_ChildReferenceOrphaned	{0} links between references were removed because the child reference does not exist.	已移除 {0} 个文献之间的链接，因为子文献不存在。
SearchReplace_FormatsWarning_Replace	Replace and discard formatting	替换并放弃格式
ElectronicAddressInfo_Remote_LocationLabel	Electronic: online	电子版：在线
TemplateHasNoComponentParts	[Cannot display reference "{1}": Template "{0}" is not defined.]	[无法显示文献“{1}”：未定义模板“{0}”。]
MassReferenceIdentifier_InsertISBNText2	Enter additional identifiers here or paste from Clipboard.	在此输入其他标识符，或从剪贴板粘贴。
MassReferenceIdentifier_InsertISBNText1	Enter identifier here or paste from Clipboard.	在此输入标识符，或从剪贴板粘贴。
ImportDuplicate	In import	导入中
BugReport_Subject	Problem in Citavi {0} in {1}	Citavi {0} 在 {1} 中发生问题
CRM_Email_PasswordResetRequested_first_paragraph	To choose a new password, you need to confirm your email address.	要选择新密码，您需要确认您的电子邮件地址。
DeleteUnusedItems_Publishers	Publishers ({0})	出版社（{0}）
CRM_Email_PasswordResetRequested_second_paragraph	To do so, click the blue button:	为此，请点击蓝色按钮：
CRM_Email_AccountCreatedViaProcessOrderMailBilling_second_paragraph	To complete your Citavi account registration, choose a password for logging in to your account by clicking the blue button:	要完成 Citavi 账户注册，请点击蓝色按钮为您的账户设置登录密码：
UserDataFolderSelection_ManualCall	Citavi startup was interrupted because the shift key was pressed.\r\n\r\nIf this was not intentional, click Cancel.\r\n\r\nIf you pressed shift to change the location for user files, enter the new location and then click OK to continue starting Citavi.\r\n	Citavi 启动已中断，因为按下了 Shift 键。\r\n\r\n如果这不是您有意为之，请点击“取消”。\r\n\r\n如果您按下 Shift 是为了更改用户文件的位置，请输入新位置，然后点击“确定”以继续启动 Citavi。\r\n
BackgroundTaskError_SQLiteFileMissing	The project could not be found	找不到该项目
DbServerLicense	{0}\r\n{1:{1} per seat license|{1} per seat licenses}\r\n{2:{2} concurrent license|{2} concurrent licenses}\r\n{3:{3} concurrent reader license|{3} concurrent reader licenses}	
PleaseProvideUserName	The user name cannot be empty. Please enter your name.	用户名不能为空。请输入您的姓名。
SuccessfulTextBaseSelectionValidation	The syntax test was successful.\r\n\r\nThe search returned {0} results.	语法测试成功。\r\n\r\n搜索返回了 {0} 条结果。
LookupFullText_NoReferencesFound	Full text search is only available for journal articles and newspaper articles. This project does not contain any journal or newspaper articles, so no full text can be found.	全文搜索仅适用于期刊论文和报纸文章。此项目不包含任何期刊或报纸文章，因此无法找到全文。
SearchForm_InvalidParentheses	The parentheses are incomplete or not valid.	括号不完整或无效。
SearchDropDownExistsText	Is present (*)	存在（*）
NumberingTypeSmartRepeaterRowCaption_Page	pp. 	页 
OrderLabel	Order:	顺序：
SyncRefreshButton	Refresh	刷新
PasteReferenceAsDuplicate_Smart	Pasting the {0:reference will create a duplicate|references will create duplicates}.\r\nDo you want to continue?	
LicenseExpiryWarningMessage	Warning: This version of Citavi for Windows will only be usable without restrictions \r\nuntil {0}. On our website, www.citavi.com, you can purchase a personal, non-expiring license key.	警告：此版本的 Citavi for Windows 仅在 {0} 之前可不受限制地使用。\r\n您可以在我们的网站 www.citavi.com 上购买永不过期的个人许可证密钥。
ProjectPermissions_Error_None	The project could not be opened for unknown reasons. Please contact Citavi support for assistance: www.citavi.com/service	由于未知原因，无法打开该项目。请联系 Citavi 支持团队获取帮助：www.citavi.com/service
CitaviCloudException_Unknown	An operation in the Citavi Cloud failed for unknown reasons.	Citavi Cloud 中的某项操作因未知原因失败。
CitationStyleReplacements_FindAndReplacementTextsMustNotBeIdentical	Replacement not valid: "Search for" text and "Replace with" text must not be identical.	替换无效：“查找内容”文本和“替换为”文本不能相同。
PdfPermissions_ModifyAnnotations	Modify annotations	修改注释
DeletePersonFromForm	Do you want to delete this person?	您要删除此人吗？
ImportExportWizard_Option_ImportOPAC	New online search	新建在线检索
TemplateUseCaseNameLocalized_StatuteOrRegulation_None	Statute or regulation in a periodical	期刊中的法规或规章
LicenseTextCampusInfo	{\\rtf1\\ansi\\ansicpg1252\\deff0\\deflang1031\\deflangfe1031{\\fonttbl{\\f0\\fswiss\\fprq2\\fcharset0 Arial;}}\r\n{\\colortbl ;\\red0\\green0\\blue0;}\r\n{\\*\\generator Msftedit 5.41.21.2508;}\\viewkind4\\uc1\\pard\\sa80\\sl264\\slmult1\\cf1\\lang2055\\f0\\fs18 During the period of the Campus License Agreement you can utilize the full range of functions of Citavi\\~Pro, provided you work on your campus and are connected to the Internet.\\par\r\nYou would like to utilize the full range of functions of Citavi also from home or on the move? Just <a href="CampusLinkWithParameter">purchase Citavi\\~Pro at a greatly reduced price</a>.\\par\r\nIf you have already purchased a personal license, click <a fref="EnterLicenseKey">Enter License Key…</a>\\par\r\n}	{\\rtf1\\ansi\\ansicpg1252\\deff0\\deflang1031\\deflangfe1031{\\fonttbl{\\f0\\fswiss\\fprq2\\fcharset0 Arial;}}\r\n{\\colortbl ;\\red0\\green0\\blue0;}\r\n{\\*\\generator Msftedit 5.41.21.2508;}\\viewkind4\\uc1\\pard\\sa80\\sl264\\slmult1\\cf1\\lang2055\\f0\\fs18 在校园许可协议期间，只要您在校内工作并连接到 Internet，就可以使用 Citavi\\~Pro 的全部功能。\\par\r\n您也想在家中或外出时使用 Citavi 的全部功能？只需<a href="CampusLinkWithParameter">以大幅优惠价格购买 Citavi\\~Pro</a>。\\par\r\n如果您已经购买了个人许可证，请点击<a fref="EnterLicenseKey">输入许可证密钥…</a>\\par\r\n}
LinkedResource_AttachmentsAttaching_LocationLabel_short	Attaching	正在附加
CompanyLicenseName	Organization	组织
CacheException	The offline copy is damaged and cannot be opened.	离线副本已损坏，无法打开。
DeletePersons_Smart	Do you want to delete the {0:person "{1}"|{0} selected persons}?	
ImportExportWizard_Option_ImportBibliography	Formatted bibliography	已格式化的参考文献
DesktopAlertElementCutCaption	Element cut	已剪切元素
NumberingTypeSmartRepeaterRowCaption_Column	col. 	栏 
ReferenceGrid_VirtualColumnLabel_EntityLinksAsSource	Links to	链接到
MainForm_NavigationPaneCollapsedGroupAreaText_KnowledgeOrganizer	Knowledge Organizer Navigation	知识管理器导航
FootnoteRuleSet_DefaultReferenceFormatInfo	Default	默认
CRM_Email_AccountCreatedViaProcessOrderMailBilling_DbServer_first_paragraph	Here's how you can get everything set up:\r\n\r\n<b>Step 1 – Install Citavi for DBServer</b>\r\nSee our checklist for setting up Citavi for DBServer:\r\nwww.citavi.com/dbserver_checklist\r\n\r\n<b>Step 2 – Create an account</b>\r\nCreate a password you can use to log in to your account.\r\nClick the blue button:	以下是如何完成全部设置：\r\n\r\n<b>步骤 1 – 安装 Citavi for DBServer</b>\r\n请查看我们为设置 Citavi for DBServer 提供的检查清单：\r\nwww.citavi.com/dbserver_checklist\r\n\r\n<b>步骤 2 – 创建账户</b>\r\n创建可用于登录账户的密码。\r\n点击蓝色按钮：
StartFormHtml_Reload	Reload	重新加载
CRM_Email_OrderProcessBilling_DbServer_subject	Welcome to Citavi 6!	欢迎使用 Citavi 6！
ForceCategoryUpdate	Your action was canceled because another Team member made changes to the category system. Changes were refreshed. Please repeat the action.	您的操作已取消，因为另一位团队成员更改了分类系统。更改已刷新。请重复该操作。
AddUnknownParentReference_InitialVowel	You entered a parent reference that has not yet been added to Citavi. Do you want Citavi to add it as an "{0}"? Click the "Parent reference" link to complete its bibliographic information.	您输入的上级文献尚未添加到 Citavi。您要让 Citavi 将其添加为“{0}”吗？点击“上级文献”链接以补全其书目信息。
BatchLogger_Warnings	Warnings	警告
YouNeedToRestartCitaviAfterChangingTheUserDataFolderPath	You have changed the location of the folder for user data. You must restart Citavi for this change to take effect.\r\n\r\nNote that Citavi will not copy any data from the current folder for user files to the new folder. To continue using the existing data and settings, exit Citavi and then transfer the contents of the previous folder into the new folder.	您更改了用户数据文件夹的位置。必须重启 Citavi 才能使此更改生效。\r\n\r\n请注意，Citavi 不会将当前用户文件文件夹中的任何数据复制到新文件夹。要继续使用现有数据和设置，请退出 Citavi，然后将原文件夹的内容转移到新文件夹中。
ImportExportWizardTextExport	Export	导出
AddressInfo_LocationTypeLibrary_LocationLabel	Libraries	图书馆
RepairIntegrity_ReferenceReference_IllegalParentChildRelation	Reference “{0}” cannot be the parent reference for “{1}” since the reference type “{2}” cannot contain references of the type “{3}”. The relationship has been deleted.	文献“{0}”不能作为“{1}”的上级文献，因为文献类型“{2}”不能包含类型为“{3}”的文献。该关系已被删除。
Outlook_GroupByMode_Description_LastWeek	Last week	上周
NumberingTypeFormCaption_Page	Page range	页码范围
TabStopType_Decimal	Decimal	十进制
LicenseLimitationExceededFreeDBServerProject	Your DBServer project now contains {0} references. Your Citavi Free license lets you save up to 100 references. To save your project, delete the extra references. <br /><br />Ask your Citavi administrator to provide you with a license for Citavi for DBServer and then restart Citavi.<br /><br />If you are the Citavi administrator, you can purchase DBServer licenses <a href="http://www.citavi.com/shop">in our shop</a> and enter them in DBServer Manager.	您的 DBServer 项目现在包含 {0} 条文献。您的 Citavi Free 许可证最多可保存 100 条文献。要保存项目，请删除多余的文献。<br /><br />请向您的 Citavi 管理员索取 Citavi for DBServer 许可证，然后重启 Citavi。<br /><br />如果您是 Citavi 管理员，可以<a href="http://www.citavi.com/shop">在我们的商店</a>购买 DBServer 许可证，并在 DBServer Manager 中输入。
PdfExport_InvalidOperationException	This feature cannot be used with this location.	此功能不能用于此位置。
Sigel_Titelstichwort	Short title	短标题
KeyItemConfigurationDialog_PersonsNameFormatSettings	Settings…	设置…
ExportProgress	Exporting references…	正在导出文献…
OpenProjectFromCloud_PreparingDownload	Citavi Cloud is preparing the download information…	Citavi Cloud 正在准备下载信息…
ReferenceGrid_VirtualColumnLabel_LocationsInLibraryCallNumber	Call number (in library)	索书号（在图书馆中）
OptionsDialog_BibTeXKey	You have activated TeX support. How do you want to proceed?	您已激活 TeX 支持。您希望如何继续？
CRM_Email_ConcurrentLicenseExceeded_subject	Citavi for DBServer: Failed attempt to access concurrent license	Citavi for DBServer：访问并发许可证的尝试失败
MergeGroups_DragDropMessage_Multi	Do you want to merge the selected {1} groups into "{0}"?	您要将选定的 {1} 个分组合并到“{0}”中吗？
IllegalFilePath	"{0}" is not a valid file path.	"{0}" 不是有效的文件路径。
ConfigRenameOptions	To use the feature enable the renaming options. Do you want to open the Options dialog now?	要使用此功能，请启用重命名选项。您要现在打开“选项”对话框吗？
StartScreen_CitaviWeb_Login	Citavi Web: login	Citavi Web：登录
BibliographyImport_NotFound_Title	The data from the template is in the Notes field.	模板中的数据位于“笔记”字段中。
DetailsText	Details	详细信息
RepairCorruptedDatabase_RepairInCustomFolderSuccessful_InconsistenciesFound	Citavi was able to repair the project. Try to open the repaired project in Citavi. If you can, verify that you have write permissions to the original project folder, then replace the damaged project file with the repaired project file.\r\n\r\nCitavi determined that some data loss occurred. A log with details has been saved and opened in a separate program.\r\n\r\nTo recover lost data, restore from one of the backups Citavi created for you. If necessary, contact Citavi support for assistance: www.citavi.com/service.	Citavi 能够修复该项目。请尝试在 Citavi 中打开已修复的项目。如果可以打开，请确认您对原始项目文件夹具有写入权限，然后用修复后的项目文件替换损坏的项目文件。\r\n\r\nCitavi 确定发生了一些数据丢失。详细信息日志已保存并在单独的程序中打开。\r\n\r\n要恢复丢失的数据，请从 Citavi 为您创建的某个备份中还原。如有必要，请联系 Citavi 支持团队获取帮助：www.citavi.com/service。
BatchLogger_Informations	Information	信息
LicenseExpiryDateOver	The license key cannot be used because it has expired.	该许可证密钥已过期，无法使用。
KnowledgeItemDelete	Delete knowledge item	删除知识条目
RepairIntegrity_ReferenceReference_ChildReferenceNull	{0} links between references were removed because the link to the child reference was empty.	由于指向子文献的链接为空，已移除 {0} 个文献之间的链接。
RepairIntegrity_ReferenceTranslator_PersonNonExistent	{0} links between references and translators were removed because the translator does not exist.	由于译者不存在，已移除 {0} 个文献与译者之间的链接。
ImportWizard_Title_23_Text	Select the format the bibliographic entries in the text file are in:	请选择文本文件中书目条目所用的格式：
EditFormLabelPrefix_Quotation	Quotation	引文
CRM_Email_OrderProcessBilling_Home_first_paragraph	Here's how you can get everything set up:\r\n\r\n<b>Step 1 – Install Citavi 6</b>\r\nPlease take a look at our upgrade information: http://www.citavi.com/c6upgrade\r\nInstall Citavi 6 if you haven't already. Download: www.citavi.com/download\r\n\r\n<b>Step 2 – Log in to Citavi 6</b>\r\nAfter you start Citavi you will be asked to log in to Citavi Account. Enter your email address and password. If you have trouble, please use our login tips: www.citavi.com/login-hints\r\n\r\nCitavi 6 will automatically pull your license information from your account.\r\n\r\nIf you run into any trouble, please get in touch:\r\nwww.citavi.com/ticket	以下是如何完成全部设置：\r\n\r\n<b>步骤 1 – 安装 Citavi 6</b>\r\n请查看我们的升级信息：http://www.citavi.com/c6upgrade\r\n如果尚未安装 Citavi 6，请安装。下载：www.citavi.com/download\r\n\r\n<b>步骤 2 – 登录 Citavi 6</b>\r\n启动 Citavi 后，系统会要求您登录 Citavi 账户。请输入您的电子邮件地址和密码。如果遇到问题，请使用我们的登录提示：www.citavi.com/login-hints\r\n\r\nCitavi 6 将自动从您的账户获取许可证信息。\r\n\r\n如果遇到任何问题，请联系我们：\r\nwww.citavi.com/ticket
ImportWizard_fieldMappingFinishNewFieldMappingRadioButton	Yes	是
CopyFileToProject_Error	{0} file(s) were successfully copied.\r\n{1} file(s) could not be found.\r\nErrors occurred with {2} file(s).\r\n\r\nDo you want to open the log?	已成功复制 {0} 个文件。\r\n{1} 个文件未找到。\r\n{2} 个文件发生错误。\r\n\r\n您要打开日志吗？
OpenCopyInAssociatedExe	Open copy in {0}	在 {0} 中打开副本
ImportCompleteTitleData	Adding bibliographic information…	正在添加书目信息…
DownloadUpdateInfo	{\\rtf1\\ansi\\ansicpg1252\\deff0\\deflang2055{\\fonttbl{\\f0\\fnil\\fcharset0 Segoe UI;}{\\f1\\fnil\\fcharset0 Calibri;}}\r\n{\\*\\generator Msftedit 5.41.21.2509;}\\viewkind4\\uc1\\pard\\sa200\\sl276\\slmult1\\lang7\\f0\\fs18 A progress bar will appear at the top right and will change to \\b Install update \\b0 when ready.\\f1\\fs22\\par\r\n}	{\\rtf1\\ansi\\ansicpg1252\\deff0\\deflang2055{\\fonttbl{\\f0\\fnil\\fcharset0 Segoe UI;}{\\f1\\fnil\\fcharset0 Calibri;}}\r\n{\\*\\generator Msftedit 5.41.21.2509;}\\viewkind4\\uc1\\pard\\sa200\\sl276\\slmult1\\lang7\\f0\\fs18 进度条将出现在右上角，准备就绪后会变为 \\b 安装更新 \\b0。\\f1\\fs22\\par\r\n}
ProjectNeedsConversionFromC2_MultiUser_Shift	You held the Shift key while opening the project, which tells Citavi to ignore the lock placed on the project because it is in use by other users. Use this command only when instructed to do so by Citavi technical support because of problems with the Windows database interface. \r\n\r\nPlease make sure that no other users are accessing the project now.\r\n\r\nAre you sure you want to continue?	您在打开项目时按住了 Shift 键，这会告诉 Citavi 忽略因其他用户正在使用而对该项目设置的锁定。仅在 Citavi 技术支持因 Windows 数据库接口问题而指示您这样做时，才使用此命令。\r\n\r\n请确保现在没有其他用户正在访问该项目。\r\n\r\n确定要继续吗？
IdentifyingMultipleFootnoteCitations	Identify footnote references that appear multiple times	识别多次出现的脚注文献
MainForm_referencesRightPaneCollapsedHelpLabel	Help	帮助
DeleteGroupingSet	Do you want to delete the "{0}" grouping?	是否要删除“{0}”分组？
FISName	FIS Bildung bibliographic database	FIS Bildung 书目数据库
BibliographyGroupingSet_Import_IDConflict	The selected file has the same internal ID as the existing grouping "{0}". How do you want to proceed?	所选文件与现有分组“{0}”具有相同的内部 ID。您希望如何继续？
ImportProgressStatusChangedCaption_Notes	LiteRat import in progress: Assigning comments to the imported references…	LiteRat 导入进行中：正在为导入的文献分配评论…
ImportProgressStatusChangedCaption_Tasks	LiteRat import in progress: Assigning tasks to the imported references…	LiteRat 导入进行中：正在为导入的文献分配任务…
Execute	Execute	执行
OptionsImportProxyConfigurationDisabledByAdmin	Proxy settings (disabled by system administrator)	代理设置（已被系统管理员禁用）
SqlServerInfo_ProjectCouldNotBeFound	The DBServer project "{0}" could not be found.	找不到 DBServer 项目“{0}”。
CRM_Email_CitaviGiftCard_first_paragraph	Thank you for your order! Please see the attachment for a gift certificate that you can send as a PDF file or print out.	感谢您的订购！请查看附件中的礼品券，您可以将其作为 PDF 文件发送或打印出来。
PasswordsDontMatch	The passwords you entered did not match.	您输入的密码不匹配。
DeleteUnusedItems_SeriesTitles	Series ({0})	丛书（{0}）
BibliographyCompositionEditorRowToolTip_ShowFirstLocationOnly	First location only	仅第一个位置
RemoveBackgroundTaskList	Remove list	移除列表
BuiltInCitationStyleEditWarningInternal	You want to edit the citation style '{0}'. This is a built-in style that all Citavi users can download from the Internet.\r\n\r\nWhen you are finished editing the style, please do not forget to upload the file to the Citavi Cloud again in order to make changes available to all users.	您要编辑引文样式“{0}”。这是所有 Citavi 用户都可以从 Internet 下载的内置样式。\r\n\r\n编辑完样式后，请不要忘记将文件重新上传到 Citavi Cloud，以便让所有用户都能使用这些更改。
CannotOverwriteManuscript	You cannot replace the unformatted manuscript. Please save the formatted publication with a new name.	您不能替换未格式化的稿件。请用新名称保存已格式化的出版物。
LazyUpdateOfReferencesWithNoCategories	<b>No categories</b> will update as soon as you click a different category. This delay gives you the opportunity to assign multiple categories to references.	一旦您点击其他分类，<b>无分类</b>就会更新。此延迟让您有机会为文献分配多个分类。
BarcodeScannerException_NotFound	No scanner found.	未找到扫描仪。
DesktopAlertCloudConnectivityFooter_moreInfo	More information: citavi.com/status	更多信息：citavi.com/status
RepairCorruptedDatabase_NoWritePermissionInProjectFolder	Citavi could not repair the project automatically because Citavi could not create a file in the project folder "{0}". It may be write-protected, or you may not have the necessary permissions in Windows.\r\n\r\nDo you want to try to save a repaired copy of the project to another location?	Citavi 无法自动修复该项目，因为 Citavi 无法在项目文件夹“{0}”中创建文件。该文件夹可能被写保护，或者您可能没有 Windows 中所需的权限。\r\n\r\n您要尝试将项目的修复副本保存到其他位置吗？
DuplicateSeriesTitleInfo	A series with the name "{0}" already exists. How do you want to proceed?	已存在名为“{0}”的丛书。您希望如何继续？
DeleteKeywordInUse	Warning: The keyword "{0}" is in use. If you delete the keyword, it will be permanently removed from all references and knowledge items that use it.\r\n\r\nDo you want to delete the keyword anyway?	警告：关键词“{0}”正在使用中。如果删除该关键词，它将从使用它的所有文献和知识条目中永久移除。\r\n\r\n您仍要删除该关键词吗？
EditFormLabelPrefix_Reference	Reference	参考文献
PeriodicalWithoutName	[No title of the periodical!]	[没有期刊标题！]
CitationStyleOverride	The citation style "{0}" already exists. Do you want to replace it?	引文样式“{0}”已存在。您要替换它吗？
LicenseLimitationExceededFreeLocalProject	Your project contains {0} references. Your Citavi Free license lets you save up to 100 references. To save your project, delete the extra references. <br /><br />With a full Citavi for Windows license you can save an unlimited number of references. Purchase a license <a href="http://www.citavi.com/shop">in our shop</a> and then restart Citavi.	您的项目包含 {0} 条文献。您的 Citavi Free 许可证最多可保存 100 条文献。要保存项目，请删除多余的文献。<br /><br />使用完整的 Citavi for Windows 许可证，您可以保存无限数量的文献。请<a href="http://www.citavi.com/shop">在我们的商店</a>购买许可证，然后重启 Citavi。
CoreStatementAsDateTimeDescending	By date found in the core statement, newest first	按核心陈述中找到的日期，最新在前
BibliographyCompositionEditorRowToolTip_ShowAllQuotations	All quotations	所有引文
CRM_Email_CampusContractExtensionLoginShibboleth_first_paragraph	Your current license for Citavi will expire soon. Get your new license now.	您当前的 Citavi 许可证即将过期。立即获取新许可证。
CriticalExternalException	An external component caused an error to occur. We recommend saving the open projects and restarting Citavi.\r\nThis error did not occur within Citavi but in an external component such as the embedded Internet Explorer, which Citavi uses to display websites.\r\nThe error message is: "{0}"\r\nIf this error occurs frequently, please contact Citavi support for assistance: www.citavi.com/service.	某个外部组件导致了错误。我们建议保存已打开的项目并重启 Citavi。\r\n此错误并非发生在 Citavi 内部，而是发生在外部组件中，例如 Citavi 用于显示网站的内嵌 Internet Explorer。\r\n错误消息为：“{0}”\r\n如果此错误频繁发生，请联系 Citavi 支持团队获取帮助：www.citavi.com/service。
ConnectionToCitaviServerFailed	Citavi cannot establish a connection with the Citavi server. Please check your Internet connection or try again later.	Citavi 无法与 Citavi 服务器建立连接。请检查您的 Internet 连接，或稍后重试。
CRM_Email_regards_firstline	Best regards,	此致,
BackgroundTaskError_WebApiRequestTooLarge	Too much data. Please contact the Citavi Support team.	数据过多。请联系 Citavi 支持团队。
ElectronicAddressInfo_Remote_LocationLabel_withDomain_short	Online at {0}	在线于 {0}
OptionsDialog_mainTabControl_OrderInformation	Ordering	排序
RepairIntegrity_EntityLink_TargetReferenceOrphaned	{0} links were removed because the reference in the "Linked from" field does not exist.	由于“链接自”字段中的文献不存在，已移除 {0} 个链接。
LicenseTextCampusInfo2	{\\rtf1\\ansi\\ansicpg1252\\deff0\\deflang1031\\deflangfe1031{\\fonttbl{\\f0\\fswiss\\fprq2\\fcharset0 Arial;}}\r\n{\\colortbl ;\\red0\\green0\\blue0;}\r\n{\\*\\generator Msftedit 5.41.21.2508;}\\viewkind4\\uc1\\pard\\sa80\\sl264\\slmult1\\cf1\\lang2055\\f0\\fs18 This license allows you to use the all the Citavi for Windows features until the expiration date shown. After this date, the site license will expire. As long as your organization extends the license agreement on time, you will be able to continue using Citavi for Windows. If your organization renews its license agreement, you will receive a new license key by email or can request one from the Citavi website. \\par\r\nIf your organization does not renew its license agreement, or if you leave the organization, you can <a href="CampusLinkWithParameter">purchase a personal license key at the reduced upgrade price</a>. All of your project information will be preserved.\\par\r\nIf you have already purchased a personal license, click <a fref="EnterLicenseKey">Enter License Key\\'85</a>\\par\r\n}\r\n 	{\\rtf1\\ansi\\ansicpg1252\\deff0\\deflang1031\\deflangfe1031{\\fonttbl{\\f0\\fswiss\\fprq2\\fcharset0 Arial;}}\r\n{\\colortbl ;\\red0\\green0\\blue0;}\r\n{\\*\\generator Msftedit 5.41.21.2508;}\\viewkind4\\uc1\\pard\\sa80\\sl264\\slmult1\\cf1\\lang2055\\f0\\fs18 此许可证允许您在所示到期日期之前使用 Citavi for Windows 的全部功能。在此日期之后，站点许可证将过期。只要您的组织按时续签许可协议，您就可以继续使用 Citavi for Windows。如果您的组织续签了许可协议，您将通过电子邮件收到新的许可证密钥，也可以从 Citavi 网站申请一个。 \\par\r\n如果您的组织未续签许可协议，或者您离开了该组织，您可以<a href="CampusLinkWithParameter">以优惠的升级价格购买个人许可证密钥</a>。您的所有项目信息都将保留。\\par\r\n如果您已经购买了个人许可证，请点击<a fref="EnterLicenseKey">输入许可证密钥\\'85</a>\\par\r\n}\r\n 
RequiredFieldReplacement	[{0} is missing!]	[缺少 {0}！]
CompareType_DateTime	By a date inside the field	按字段内的日期
ImportExportWizardTextImport	Import	导入
DataExchangeProperty_Rename	Rename	重命名
ReferenceSelectionAllImportForm_Smart	{0:The imported reference|All {0} imported references}	
RepairIntegrity_UserMessage_Failed	Citavi could not repair the project "{0}". Please contact Citavi support for assistance: www.citavi.com/support.	Citavi 无法修复项目“{0}”。请联系 Citavi 支持团队获取帮助：www.citavi.com/support。
FullTextSearchNotIndexedWarning_Sqlite	The full text search will search your files individually. If you have a large number of files in your project, this may take several minutes. \r\n\r\nThe edition "Citavi for DBServer" includes full text indexing and can search files much faster. (This edition is not available for individual users.)\r\n\r\n<a href="http://www.citavi.com/fulltextsearch">Please see the online manual for additional information.</a>	全文搜索将逐个搜索您的文件。如果项目中文件数量很大，这可能需要几分钟。 \r\n\r\n“Citavi for DBServer”版本包含全文索引，可以更快地搜索文件。（此版本不适用于个人用户。）\r\n\r\n<a href="http://www.citavi.com/fulltextsearch">请参阅在线手册以了解更多信息。</a>
OrderByEMailBodyTextISBNMissing	<not given>	<未提供>
IOPConcentrationArea	Physics	物理学
ResetAttachmentsFolderPath_Local	Do you want to reset the path for attachments?\r\n\r\nThe default folder for attachments is the folder where the project database is located.	您要重置附件的路径吗？\r\n\r\n附件的默认文件夹是项目数据库所在的文件夹。
BackgroundTaskError_SQLServerError	Error while accessing the SQL database. The internal error message is: {0}	访问 SQL 数据库时出错。内部错误消息为：{0}
CRM_Email_SendFormattedReferences_second_paragraph	##dynamicHtml	##dynamicHtml
DeleteLibrariesWithAssignedReferences	At least one of the selected libraries is in use in this project. Do you want to delete the {0} selected libraries anyway? (The corresponding locations will also be deleted.)	所选图书馆中至少有一个正在此项目中使用。您仍要删除所选的 {0} 个图书馆吗？（相应的位置也将被删除。）
CopyProject_Successful	The project copy has been created. The current project will be closed and the new project copy will open.	项目副本已创建。当前项目将关闭，新的项目副本将打开。
EditFormLabelPrefix_Thought	Thought	想法
ConceptDrawDialogFilter	MS Project XML Documents  (*.xml)|*.xml|All files (*.*)|*.*	
CRM_Email_CloudSpaceExceeded_first_paragraph	You can currently save up to ##description GB in the Citavi Cloud. This amount has now been used up.We recommend deleting attachments you no longer need or purchasing more space:	您目前在 Citavi Cloud 中最多可保存 ##description GB。此容量现已用完。我们建议删除不再需要的附件或购买更多空间：
FindFullText	Finding full text…	正在查找全文…
LookupLocations_FoundLocations	New locations were found.	找到了新位置。
MoveFileToProject_FileSuccess_Repetition	[Success]             The file "{0}" of the reference "{1}" was successfully moved into the project (this file already exists for another reference, so it was linked to this reference as well).	[成功]             文献“{1}”的文件“{0}”已成功移入项目（该文件已存在于另一条文献，因此也链接到了此文献）。
UsernameMissing	No username	无用户名
EspacenetConcentrationArea	Law	法律
MassReferenceIdentifier_ImportFromClipboard	Paste from Clipboard	从剪贴板粘贴
SQLiteError_ReadOnly_FriendlyText	Citavi could not access the project file because the file is read-only.\r\n\r\nThis problem can occur if a background program (such as an online backup program) set the project file to read-only after Citavi opened it.\r\n\r\nYou can try the following steps:\r\n\r\n1) Wait a few minutes for the background program to finish and release the file.\r\n2) Identify and close the background program.\r\n3) Identify the background program and set it to ignore the Citavi project file.	Citavi 无法访问项目文件，因为该文件为只读。\r\n\r\n如果在 Citavi 打开项目文件后，某个后台程序（例如在线备份程序）将项目文件设置为只读，就可能出现此问题。\r\n\r\n您可以尝试以下步骤：\r\n\r\n1) 等待几分钟，让后台程序完成并释放该文件。\r\n2) 找出并关闭该后台程序。\r\n3) 找出该后台程序并将其设置为忽略 Citavi 项目文件。
CRM_Email_AccountMerging_subject	Merging your Citavi accounts	合并您的 Citavi 账户
KnowledgeItemSortOption_CoreStatementAsDateTimeAscending	By a date in the core statement, newest first	按核心陈述中的日期，最新在前
CutEntitiesOfflineCloudWarning	You used "Ctrl+X" and "Ctrl+Y" to copy the reference(s) from a cloud project. Since you are currently offline, the attachments could be permanently deleted. Do you want to continue?	您使用了“Ctrl+X”和“Ctrl+Y”从云项目复制文献。由于您当前处于离线状态，附件可能会被永久删除。您要继续吗？
ChangesetMismatchException_OnClosing	The synchronization between the database and your Citavi instance is not possible because it has been too long since you last accessed the database. The project will be closed but your changes will not be saved.	由于距离您上次访问数据库已过了太久，无法在数据库与您的 Citavi 实例之间进行同步。项目将关闭，但您的更改不会被保存。
CategoryTextEditorDropDownForm_UpdateInfo_InsertCategory	Press Tab to insert category:\r\n{0}	按 Tab 键插入分类：\r\n{0}
RepairCorruptedDatabase_RepairInProjectFolderSuccessful_InconsistenciesFound	Citavi was able to repair the project. \r\n\r\nCitavi determined that some data loss occurred. A log with details has been saved <a href="{0}">in the project folder</a>.\r\n\r\nTo recover lost data, restore from one of the backups Citavi created for you. If necessary, contact Citavi support for assistance: www.citavi.com/service.\r\n\r\nCitavi renamed the damaged project to "{1}". If you are sure the repaired project is correct, delete the damaged project file.	Citavi 能够修复该项目。 \r\n\r\nCitavi 确定发生了一些数据丢失。详细信息日志已保存<a href="{0}">在项目文件夹中</a>。\r\n\r\n要恢复丢失的数据，请从 Citavi 为您创建的某个备份中还原。如有必要，请联系 Citavi 支持团队获取帮助：www.citavi.com/service。\r\n\r\nCitavi 已将损坏的项目重命名为“{1}”。如果您确定修复后的项目正确无误，请删除损坏的项目文件。
ElectronicAddressInfo_Lan_LocationLabel	Electronic: local network	电子版：局域网
BatchRemoveCategories_NoKnowledgeItemHasCategories	The selected knowledge items do not have any categories to remove.	所选知识条目没有任何可移除的分类。
TestConnectionFailedInitialCatalogMissing	The connection test failed. The error message is:\r\n{0} \r\n\r\nThe connection information does not contain a database (Initial Catalog). This could be one of multiple sources of the error.	连接测试失败。错误消息为：\r\n{0} \r\n\r\n连接信息不包含数据库（初始目录）。这可能是错误的多个来源之一。
FindReplace_SpaceQuestion_Smart	Do you want to replace "{1}" with {0:a space|{0} spaces}?	
NewKeyword	New keyword	新建关键词
ImportWizard_tabularDefinitionDelimiterOtherRadioButton	Other:	其他：
RepairIntegrity_KnowledgeItemGroup_GroupNull	{0} links between knowledge items and groups were removed because the link to the group was empty.	由于指向分组的链接为空，已移除 {0} 个知识条目与分组之间的链接。
PublicationAssistant_mainTabControl_References	References	文献条目
URLWhoIsBehindCitavi	http://www.citavi.com/aboutus/	http://www.citavi.com/aboutus/
Espacenet	Espacenet	Espacenet
CitaviCloudException_Support	If the error continues to occur, please contact the Citavi Support team.	如果错误持续发生，请联系 Citavi 支持团队。
CRM_Email_OrderProcessBilling_second_paragraph	Go to your account by clicking the blue button:	点击蓝色按钮前往您的账户:
NoPrinterInstalledPrint	Printing is unavailable because no printer is set up.	由于未设置打印机，无法打印。
RepairCorruptedDatabase_DBCorrupt	The project file is damaged.\r\n\r\nHint: File damage should only happen exceedingly rarely. So that we can gauge how often this occurs, we would highly appreciate it if you would send us a note via www.citavi.com/service.\r\n\r\nDo you want Citavi to attempt to repair the project?	项目文件已损坏。\r\n\r\n提示：文件损坏应极少发生。为了便于我们评估其发生频率，如果您能通过 www.citavi.com/service 告知我们，我们将不胜感激。\r\n\r\n您要让 Citavi 尝试修复该项目吗？
StartScreen	Citavi Welcome Screen	Citavi 欢迎屏幕
StartSearch	Start search	开始搜索
CRM_Email_OrderProcessLicensee_first_paragraph	Your administrator recently assigned a license key to your email address "##email".	您的管理员最近为您的电子邮件地址“##email”分配了一个许可证密钥。
DeletePeriodical	Do you want to delete the selected periodical?	您要删除所选期刊吗？
PreviewControl_StatusBar_SearchTool	Search	搜索
CRM_Email_CampusNewsletterStatisticMail_first_paragraph	##news	##news
ImportQuery_DisplayName_File	File import: {0}	文件导入：{0}
RepairIntegrity_Reference_SeriesTitleOrphaned	The link to the series of the reference "{0}" (#{1})  was removed, because the series does not exist any more.	已移除指向文献“{0}”（#{1}）所属丛书的链接，因为该丛书不再存在。
PdfPermissions_ExtractContent	Copy contents	复制内容
PdfExportProgressText	Exportiere {0} …	导出 {0} …
MustSpecifyAtLeastOneSortCriterion	Specify at least one sort criterion.	请至少指定一个排序条件。
CitationStyle_BibliographyRuleSet	Bibliography	文献目录
SortKnowledgeItemsByCoreStatementDateTime	{\\rtf1\\ansi\\ansicpg1252\\deff0\\deflang2055\\deflangfe2055{\\fonttbl{\\f0\\fswiss\\fprq2\\fcharset0 Arial;}}\r\n{\\colortbl ;\\red128\\green128\\blue128;}\r\n{\\*\\generator Msftedit 5.41.21.2508;}\\viewkind4\\uc1\\pard\\nowidctlpar\\sa80\\sl264\\slmult1\\cf1\\lang1033\\f0\\fs18 Citavi extracts dates from the text of the core statement. Knowledge items without dates are placed at the top of the list.\\par\r\n}\r\n 	{\\rtf1\\ansi\\ansicpg1252\\deff0\\deflang2055\\deflangfe2055{\\fonttbl{\\f0\\fswiss\\fprq2\\fcharset0 Arial;}}\r\n{\\colortbl ;\\red128\\green128\\blue128;}\r\n{\\*\\generator Msftedit 5.41.21.2508;}\\viewkind4\\uc1\\pard\\nowidctlpar\\sa80\\sl264\\slmult1\\cf1\\lang1033\\f0\\fs18 Citavi 从核心陈述的文本中提取日期。没有日期的知识条目会放在列表顶部。\\par\r\n}\r\n 
DeleteCategoriesInUse	Warning: One or more of the selected categories (or one of their subcategories) are in use.  If you delete these categories, they will be permanently removed from all references and knowledge items that use them.\r\n\r\nDo you want to delete the categories anyway?	警告：所选分类中的一个或多个（或其某个子分类）正在使用中。如果删除这些分类，它们将从使用它们的所有文献和知识条目中永久移除。\r\n\r\n您仍要删除这些分类吗？
CannotImportKeywordsFromOwnProject	You have selected the project you are currently using. Keywords cannot be imported from this project.	您选择了当前正在使用的项目。无法从该项目导入关键词。
ConvertToUtcMessageBox_ManualDescription	{\\rtf1\\ansi\\ansicpg1252\\deff0\\nouicompat\\deflang1031{\\fonttbl{\\f0\\fswiss\\fprq2\\fcharset0 Calibri;}{\\f1\\fnil\\fcharset0 Calibri;}}\r\n{\\*\\generator Riched20 10.0.17134}\\viewkind4\\uc1 \r\n\\pard\\widctlpar\\sa160\\sl252\\slmult1\\f0\\fs22 You can also make the correction here:\\line File > This project > Properties > General > Convert time zones.\\par\r\n\r\n\\pard\\sa200\\sl276\\slmult1\\f1\\lang7\\par\r\n}	{\\rtf1\\ansi\\ansicpg1252\\deff0\\nouicompat\\deflang1031{\\fonttbl{\\f0\\fswiss\\fprq2\\fcharset0 Calibri;}{\\f1\\fnil\\fcharset0 Calibri;}}\r\n{\\*\\generator Riched20 10.0.17134}\\viewkind4\\uc1 \r\n\\pard\\widctlpar\\sa160\\sl252\\slmult1\\f0\\fs22 您也可以在此处进行更正：\\line 文件 > 此项目 > 属性 > 常规 > 转换时区。\\par\r\n\r\n\\pard\\sa200\\sl276\\slmult1\\f1\\lang7\\par\r\n}
AuthorsToEditors	You are changing from a reference type with authors to a reference type with editors. Do you want to move the content of the Author field into the Editor field?	您正在从带作者的文献类型更改为带编者的文献类型。您要将“作者”字段的内容移入“编者”字段吗？
ResetAttachmentsFolderPath_DbServer	Do you want to reset the path for attachments?\r\n\r\nThe default folder for attachments is "Documents\\Citavi 6 Attachments\\<Project name>	您要重置附件的路径吗？\r\n\r\n附件的默认文件夹是“Documents\Citavi 6 Attachments\<项目名称>
ImportAccounts_NoTeamProject	You cannot import users from the selected project because it is not a team project.	无法从所选项目导入用户，因为它不是团队项目。
MergePeriodicalOption	Merge the edited periodical with the existing periodical "{0}" 	将已编辑的期刊与现有期刊“{0}”合并
DuplicateGroupInfoCancel	A group with this name already exists. Enter a different group name or cancel.	已存在同名的分组。请输入其他分组名称或取消。
Country_RO	Romania	罗马尼亚
Country_RS	Serbia	塞尔维亚
Country_RU	Russia	俄罗斯
Country_QA	Qatar	卡塔尔
Country_VE	Venezuela	委内瑞拉
Country_VN	Vietnam	越南
Country_SA	Saudi Arabia	沙特阿拉伯
Country_SE	Sweden	瑞典
Country_SG	Singapore	新加坡
Country_SI	Slovenia	斯洛文尼亚
Country_SK	Slovakia	斯洛伐克
Country_SN	Senegal	塞内加尔
Country_SV	El Salvador	萨尔瓦多
Country_PA	Panama	巴拿马
Country_PE	Peru	秘鲁
Country_PK	Pakistan	巴基斯坦
Country_PH	Philippines	菲律宾
Country_PL	Poland	波兰
Country_PR	Puerto Rico	波多黎各
Country_PT	Portugal	葡萄牙
Country_PY	Paraguay	巴拉圭
Country_UA	Ukraine	乌克兰
Country_US	United States	美国
Country_UZ	Uzbekistan	乌兹别克斯坦
Country_UY	Uruguay	乌拉圭
Country_ZA	South Africa	南非
Country_TN	Tunisia	突尼斯
Country_TJ	Tajikistan	塔吉克斯坦
Country_TH	Thailand	泰国
Country_TW	Taiwan	台湾
Country_TR	Turkey	土耳其
Country_BR	Brazil	巴西
Country_BY	Belarus	白俄罗斯
Country_BZ	Belize	伯利兹
Country_BA	Bosnia and Herzegovina	波斯尼亚和黑塞哥维那
Country_BD	Bangladesh	孟加拉国
Country_BE	Belgium	比利时
Country_BG	Bulgaria	保加利亚
Country_BH	Bahrain	巴林
Country_BO	Bolivia	玻利维亚
Country_AR	Argentina	阿根廷
Country_AU	Australia	澳大利亚
Country_AT	Austria	奥地利
Country_AZ	Azerbaijan	阿塞拜疆
Country_AE	U.A.E.	阿联酋
Country_AM	Armenia	亚美尼亚
Country_AL	Albania	阿尔巴尼亚
Country_FR	France	法国
Country_FI	Finland	芬兰
Country_CR	Costa Rica	哥斯达黎加
Country_CU	Cuba	古巴
Country_CZ	Czech Republic	捷克共和国
Country_CA	Canada	加拿大
Country_CI	Côte d'Ivoire	科特迪瓦
Country_CH	Switzerland	瑞士
Country_CM	Cameroon	喀麦隆
Country_CL	Chile	智利
Country_CO	Colombia	哥伦比亚
Country_CN	China	中国
Country_ES	Spain	西班牙
Country_EG	Egypt	埃及
Country_EE	Estonia	爱沙尼亚
Country_EC	Ecuador	厄瓜多尔
Country_JP	Japan	日本
Country_GT	Guatemala	危地马拉
Country_GR	Greece	希腊
Country_GE	Georgia	格鲁吉亚
Country_GF	French Guiana	法属圭亚那
Country_GB	United Kingdom	英国
Country_DZ	Algeria	阿尔及利亚
Country_DE	Germany	德国
Country_DO	Dominican Republic	多米尼加共和国
Country_DK	Denmark	丹麦
Country_IS	Iceland	冰岛
Country_IR	Iran	伊朗
Country_IQ	Iraq	伊拉克
Country_IT	Italy	意大利
Country_IN	India	印度
Country_IL	Israel	以色列
Country_IE	Ireland	爱尔兰
Country_ID	Indonesia	印度尼西亚
Country_NZ	New Zealand	新西兰
Country_NP	Nepal	尼泊尔
Country_NL	Netherlands	荷兰
Country_NO	Norway	挪威
Country_NI	Nicaragua	尼加拉瓜
Country_NG	Nigeria	尼日利亚
Country_KR	Korea	韩国
Country_KW	Kuwait	科威特
Country_KH	Cambodia	柬埔寨
Country_KE	Kenya	肯尼亚
Country_HR	Croatia	克罗地亚
Country_HT	Haiti	海地
Country_HU	Hungary	匈牙利
Country_HK	Hong Kong	中国香港
Country_HN	Honduras	洪都拉斯
Country_MY	Malaysia	马来西亚
Country_MX	Mexico	墨西哥
Country_MT	Malta	马耳他
Country_MN	Mongolia	蒙古
Country_MA	Morocco	摩洛哥
Country_LY	Libya	利比亚
Country_LV	Latvia	拉脱维亚
Country_LT	Lithuania	立陶宛
Country_LU	Luxembourg	卢森堡
Country_LK	Sri Lanka	斯里兰卡
Country_LI	Liechtenstein	列支敦士登
Country_LB	Lebanon	黎巴嫩
CitationStyle_FootnoteRuleSet	Footnote	脚注
LinkedResourceAttachingCanceled	Adding the attachment was canceled.	添加附件已取消。
Sigel_LNI_Json	{\r\n  "AutoUpdate": true,\r\n  "CharsToRemove": [],\r\n  "Name": "LNI",\r\n  "Id": "FCD6C890-1D64-487E-BFB9-6D5F57C14DBD",\r\n  "Items": [\r\n    {\r\n      "ReferenceTypeId": 0,\r\n      "KeyItems": [\r\n        {\r\n          "$type": "SwissAcademic.Citavi.BibTeXCitationKey.PersonKeyItem, SwissAcademic.Citavi",\r\n          "PersonElement1": {\r\n            "FirstNameCharCount": 0,\r\n            "FormatEndIndex": 1,\r\n            "FormatStartIndex": 1,\r\n            "LastNameCharCount": 2,\r\n            "PersonNameFormatType": 0,\r\n            "TextBetweenFirstNameLastName": "",\r\n            "TextBetweenPersons": ""\r\n          },\r\n          "PersonElement2": {\r\n            "FirstNameCharCount": 0,\r\n            "FormatEndIndex": 3,\r\n            "FormatStartIndex": 2,\r\n            "LastNameCharCount": 4,\r\n            "PersonNameFormatType": 0,\r\n            "TextBetweenFirstNameLastName": "",\r\n            "TextBetweenPersons": ""\r\n          },\r\n          "PersonListElement": {\r\n            "AbbreviateAfterPersonIndex": 1,\r\n            "AbbreviateText": "",\r\n            "MaxPersonCount": 3\r\n          },\r\n          "PersonElementForOnePerson": {\r\n            "FirstNameCharCount": 0,\r\n            "FormatEndIndex": 1,\r\n            "FormatStartIndex": 1,\r\n            "LastNameCharCount": 2,\r\n            "PersonNameFormatType": 0,\r\n            "TextBetweenFirstNameLastName": "",\r\n            "TextBetweenPersons": ""\r\n          },\r\n          "PersonElement1ForTwoPersons": {\r\n            "FirstNameCharCount": 0,\r\n            "FormatEndIndex": 1,\r\n            "FormatStartIndex": 1,\r\n            "LastNameCharCount": 1,\r\n            "PersonNameFormatType": 0,\r\n            "TextBetweenFirstNameLastName": "",\r\n            "TextBetweenPersons": ""\r\n          },\r\n          "PersonElement2ForTwoPersons": {\r\n            "FirstNameCharCount": 0,\r\n            "FormatEndIndex": 3,\r\n            "FormatStartIndex": 2,\r\n            "LastNameCharCount": 1,\r\n            "PersonNameFormatType": 0,\r\n            "TextBetweenFirstNameLastName": "",\r\n            "TextBetweenPersons": ""\r\n          },\r\n          "PersonElement1ForThreePersons": {\r\n            "FirstNameCharCount": 0,\r\n            "FormatEndIndex": 1,\r\n            "FormatStartIndex": 1,\r\n            "LastNameCharCount": 1,\r\n            "PersonNameFormatType": 0,\r\n            "TextBetweenFirstNameLastName": "",\r\n            "TextBetweenPersons": ""\r\n          },\r\n          "PersonElement2ForThreePersons": {\r\n            "FirstNameCharCount": 0,\r\n            "FormatEndIndex": 3,\r\n            "FormatStartIndex": 2,\r\n            "LastNameCharCount": 1,\r\n            "PersonNameFormatType": 0,\r\n            "TextBetweenFirstNameLastName": "",\r\n            "TextBetweenPersons": ""\r\n          },\r\n          "UseDifferentSetsForDifferentNumberOfPersons": true,\r\n          "Lowercase": false,\r\n          "ReferencePropertyId": 108,\r\n          "TextAfter": "",\r\n          "TextBefore": "",\r\n          "Uppercase": false\r\n        },\r\n        {\r\n          "$type": "SwissAcademic.Citavi.BibTeXCitationKey.DateKeyItem, SwissAcademic.Citavi",\r\n          "DateTimePattern": "yy",\r\n          "FormatDate": true,\r\n          "Lowercase": false,\r\n          "ReferencePropertyId": 201,\r\n          "TextAfter": "",\r\n          "TextBefore": "",\r\n          "Uppercase": false\r\n        }\r\n      ]\r\n    },\r\n    {\r\n      "ReferenceTypeId": 31,\r\n      "KeyItems": [\r\n        {\r\n          "$type": "SwissAcademic.Citavi.BibTeXCitationKey.TextKeyItem, SwissAcademic.Citavi",\r\n          "NumberOfChars": 0,\r\n          "NumberOfWords": 0,\r\n          "TextKeyFormatType": 2,\r\n          "Lowercase": false,\r\n          "ReferencePropertyId": 149,\r\n          "TextAfter": "",\r\n          "TextBefore": "",\r\n          "Uppercase": false\r\n        }\r\n      ]\r\n    }\r\n  ],\r\n  "IsBibTeXKey": false,\r\n  "NormalizeKeys": false\r\n}	{\r\n  "AutoUpdate": true,\r\n  "CharsToRemove": [],\r\n  "Name": "LNI",\r\n  "Id": "FCD6C890-1D64-487E-BFB9-6D5F57C14DBD",\r\n  "Items": [\r\n    {\r\n      "ReferenceTypeId": 0,\r\n      "KeyItems": [\r\n        {\r\n          "$type": "SwissAcademic.Citavi.BibTeXCitationKey.PersonKeyItem, SwissAcademic.Citavi",\r\n          "PersonElement1": {\r\n            "FirstNameCharCount": 0,\r\n            "FormatEndIndex": 1,\r\n            "FormatStartIndex": 1,\r\n            "LastNameCharCount": 2,\r\n            "PersonNameFormatType": 0,\r\n            "TextBetweenFirstNameLastName": "",\r\n            "TextBetweenPersons": ""\r\n          },\r\n          "PersonElement2": {\r\n            "FirstNameCharCount": 0,\r\n            "FormatEndIndex": 3,\r\n            "FormatStartIndex": 2,\r\n            "LastNameCharCount": 4,\r\n            "PersonNameFormatType": 0,\r\n            "TextBetweenFirstNameLastName": "",\r\n            "TextBetweenPersons": ""\r\n          },\r\n          "PersonListElement": {\r\n            "AbbreviateAfterPersonIndex": 1,\r\n            "AbbreviateText": "",\r\n            "MaxPersonCount": 3\r\n          },\r\n          "PersonElementForOnePerson": {\r\n            "FirstNameCharCount": 0,\r\n            "FormatEndIndex": 1,\r\n            "FormatStartIndex": 1,\r\n            "LastNameCharCount": 2,\r\n            "PersonNameFormatType": 0,\r\n            "TextBetweenFirstNameLastName": "",\r\n            "TextBetweenPersons": ""\r\n          },\r\n          "PersonElement1ForTwoPersons": {\r\n            "FirstNameCharCount": 0,\r\n            "FormatEndIndex": 1,\r\n            "FormatStartIndex": 1,\r\n            "LastNameCharCount": 1,\r\n            "PersonNameFormatType": 0,\r\n            "TextBetweenFirstNameLastName": "",\r\n            "TextBetweenPersons": ""\r\n          },\r\n          "PersonElement2ForTwoPersons": {\r\n            "FirstNameCharCount": 0,\r\n            "FormatEndIndex": 3,\r\n            "FormatStartIndex": 2,\r\n            "LastNameCharCount": 1,\r\n            "PersonNameFormatType": 0,\r\n            "TextBetweenFirstNameLastName": "",\r\n            "TextBetweenPersons": ""\r\n          },\r\n          "PersonElement1ForThreePersons": {\r\n            "FirstNameCharCount": 0,\r\n            "FormatEndIndex": 1,\r\n            "FormatStartIndex": 1,\r\n            "LastNameCharCount": 1,\r\n            "PersonNameFormatType": 0,\r\n            "TextBetweenFirstNameLastName": "",\r\n            "TextBetweenPersons": ""\r\n          },\r\n          "PersonElement2ForThreePersons": {\r\n            "FirstNameCharCount": 0,\r\n            "FormatEndIndex": 3,\r\n            "FormatStartIndex": 2,\r\n            "LastNameCharCount": 1,\r\n            "PersonNameFormatType": 0,\r\n            "TextBetweenFirstNameLastName": "",\r\n            "TextBetweenPersons": ""\r\n          },\r\n          "UseDifferentSetsForDifferentNumberOfPersons": true,\r\n          "Lowercase": false,\r\n          "ReferencePropertyId": 108,\r\n          "TextAfter": "",\r\n          "TextBefore": "",\r\n          "Uppercase": false\r\n        },\r\n        {\r\n          "$type": "SwissAcademic.Citavi.BibTeXCitationKey.DateKeyItem, SwissAcademic.Citavi",\r\n          "DateTimePattern": "yy",\r\n          "FormatDate": true,\r\n          "Lowercase": false,\r\n          "ReferencePropertyId": 201,\r\n          "TextAfter": "",\r\n          "TextBefore": "",\r\n          "Uppercase": false\r\n        }\r\n      ]\r\n    },\r\n    {\r\n      "ReferenceTypeId": 31,\r\n      "KeyItems": [\r\n        {\r\n          "$type": "SwissAcademic.Citavi.BibTeXCitationKey.TextKeyItem, SwissAcademic.Citavi",\r\n          "NumberOfChars": 0,\r\n          "NumberOfWords": 0,\r\n          "TextKeyFormatType": 2,\r\n          "Lowercase": false,\r\n          "ReferencePropertyId": 149,\r\n          "TextAfter": "",\r\n          "TextBefore": "",\r\n          "Uppercase": false\r\n        }\r\n      ]\r\n    }\r\n  ],\r\n  "IsBibTeXKey": false,\r\n  "NormalizeKeys": false\r\n}
GroupByButtonToolTip	Click to reverse sort order	单击可反转排序顺序
CategoryTextEditorDropDownForm_UpdateInfo_Duplicate	Category is already assigned:\r\n{0}	已分配该分类：\r\n{0}
LookupFullText_UrlFound_AlreadyExists	The found URL already exists.	找到的 URL 已存在。
ImportProgressRunning	 {0} out of {1} references fetched	 已获取 {1} 条文献中的 {0} 条
New person	New person	新建人员
CRM_Email_OrderProcessBilling_DbServer_first_paragraph	Here's how you can get everything set up:\r\n\r\n<b>Step 1 – Install Citavi for DBServer</b>\r\nSee our checklist for setting up Citavi for DBServer:\r\nwww.citavi.com/dbserver_checklist\r\n\r\n<b>Step 2 – Download the license file</b>\r\nLog in to your Citavi account at www.citavi.com/login. There you can download the Citavi for DBServer license file.\r\n\r\n<b>Step 3 – Apply the license file</b>\r\nStart Citavi DBServer Manager and use it to load the license file in your Citavi database.\r\n\r\nIf you run into any trouble, please get in touch:\r\nwww.citavi.com/ticket	下面介绍如何完成全部设置：\r\n\r\n<b>第 1 步 – 安装 Citavi for DBServer</b>\r\n请查看我们的 Citavi for DBServer 设置清单：\r\nwww.citavi.com/dbserver_checklist\r\n\r\n<b>第 2 步 – 下载许可证文件</b>\r\n在 www.citavi.com/login 登录您的 Citavi 账户。在那里可以下载 Citavi for DBServer 许可证文件。\r\n\r\n<b>第 3 步 – 应用许可证文件</b>\r\n启动 Citavi DBServer Manager，用它把许可证文件加载到您的 Citavi 数据库中。\r\n\r\n如果遇到任何问题，请联系我们：\r\nwww.citavi.com/ticket
UnparsedRegexException	Regex expression not valid. The regex parser reported the following error:\r\n\r\n{0}	正则表达式无效。正则表达式解析器报告了以下错误：\r\n\r\n{0}
ProjectCloudUpload_EndUpload	Project created.	项目已创建。
SearchForm_CannotDisplayPreview	The preview cannot be displayed. The search does not allow a preview or the element was changed such that it does not contain the search term anymore.	无法显示预览。该搜索不允许预览，或者元素已被修改，不再包含搜索词。
CreateTaskList_CopySuccessful	The task list was copied to the Clipboard.	任务列表已复制到剪贴板。
ProjectPermissions_FilePermission_None	The file cannot be opened. Windows permissions are likely preventing you from reading the file. Please contact your network administrator. 	无法打开该文件。可能是 Windows 权限阻止您读取该文件。请联系您的网络管理员。 
SearchForm_CannotAddKnowledgeItemsToSelection	The knowledge items cannot be added to the current selection because none of the selected elements exist in the current project. Presumably they have been deleted since the last search.	无法将知识项添加到当前选择中，因为所选元素均不存在于当前项目中。它们可能自上次搜索后已被删除。
LaTeXProjectFolder_NoWritePermission	You do not have write permissions for the folder "{0}" where images for use in your preferred LaTeX editor are to be stored. \r\n\r\nCorrect the permissions or set a valid LaTeX project folder under Tools > Settings.	您没有文件夹 "{0}" 的写入权限，该文件夹用于存储供您的首选 LaTeX 编辑器使用的图片。 \r\n\r\n请更正权限，或在“工具 > 设置”下设置有效的 LaTeX 项目文件夹。
FilterLabel2NotFound_ProjectShell	No red labels found in the current selection.	当前选择中未找到红色标签。
ImportWizardTabularCancel	Are you sure you want to cancel the import?	确定要取消导入吗？
CRM_Email_CampusContractExtensionVerifyAccount_button	Activate license	激活许可证
BackgroundTaskError_LicenseLimationExceededMessage	This project contains more than 100 references	此项目包含 100 条以上的文献
ImportSettingHelpContext_AutoAndQuery	Join:| multiple search terms are automatically joined by AND.	
NoBibTeXKey	(No BibTeX key)	（无 BibTeX 键）
CitationKeyDialog_GenerateCitationKeysSaving	Generate missing citation keys automatically when saving	保存时自动生成缺失的引文键
StartFormHtml_LoadFailed	The contents of this column cannot be displayed because there is currently no Internet connection. 	当前没有 Internet 连接，因此无法显示此列的内容。 
ShowIsbnTransformerDialogHelpContextPart	<a fref="ShowIsbnTransformerFavoriteDialog">Click here</a> to select other catalogs.	<a fref="ShowIsbnTransformerFavoriteDialog">单击此处</a>选择其他目录。
DragKnowledgeItemsOnNoGroupsNode	Do you want to delete the selected knowledge items from all groups?	是否要从所有组中删除所选知识项？
ExternalClipboardError	The requested data could not be copied to the clipboard. The Windows Clipboard reported an internal error.	无法将请求的数据复制到剪贴板。Windows 剪贴板报告了一个内部错误。
HtmlToPdfConversionFailed_NoDocumentStream	PDF conversion has failed. The page does not appear to be an HTML file.	PDF 转换失败。该页面似乎不是 HTML 文件。
SQLiteError_Error_FriendlyText	An error occurred while reading or writing the project file ("SQL error or missing database").\r\n\r\nIt is possible that the connection to the storage device (network share, USB flash drive, etc.) was interrupted. Try to re-establish the connection and try again.\r\n\r\nIf this error persists, please contact Citavi support for assistance: www.citavi.com/service.	读取或写入项目文件时出错（“SQL 错误或数据库缺失”）。\r\n\r\n可能是与存储设备（网络共享、USB 闪存盘等）的连接中断。请尝试重新建立连接后重试。\r\n\r\n如果此错误持续出现，请联系 Citavi 支持人员寻求帮助：www.citavi.com/service。
CRM_Email_AccountMerging_second_paragraph	##code	##code
LicenseLimitationExceeded_DontClose	Do not close the project so that references can be deleted.	请勿关闭项目，以便删除文献。
ImportSettingHelpContext_SearchField_PubMedID	18219378| finds the article with this PubMed ID.	
RepairIntegrity_ReferencePublisher_PublisherOrphaned	{0} links between references and publishers were removed because the publisher does not exist.	由于出版商不存在，已移除 {0} 个文献与出版商之间的链接。
StartScreenLicensedForCampus	Citavi site license for {0}	{0} 的 Citavi 站点许可证
ShareWithNvivo_Running	This project is being shared with NVivo	此项目正与 NVivo 共享
CopyProject_FailureWithLog	The project copy could not be saved.\r\n\r\nAn error occurred while saving the new project or attached files. Please see the <a href="{0}">log</a> in the Projects folder for more information.	无法保存项目副本。\r\n\r\n保存新项目或附加文件时出错。更多信息请参阅“Projects”文件夹中的 <a href="{0}">日志</a>。
Sigel_Balzert	Balzert	Balzert
BookOrderWaitDialogFavoriteSelection	Citavi is compiling the list of online booksellers…	Citavi 正在编译在线书商列表……
SaveAsCloudProject_ProjectNameSuffix	(cloud)	（云）
TabStopType_Centered	Centered	居中
NullDate	None	无
CRM_Email_OrderProcessBilling_Billomat_Business_subject	Welcome to Citavi 6!	欢迎使用 Citavi 6！
ElectronicAddressInfo_Lan_LocationPrefix	[LAN]	[LAN]
OpeningProject	Opening project "{0}"	正在打开项目 "{0}"
SortByType_Reference	Quotations by short title or page, then thoughts by modification date	引文按短标题或页码，然后想法按修改日期
CompilationSelection_Category_2	The knowledge items in the selected category (excluding child categories)	所选分类中的知识项（不包括子分类）
CompilationSelection_Category_3	The knowledge items in the selected category	所选分类中的知识项
FilterSeriesTitleNotFound_ProjectShell	The series "{0}" ist not assigned to any references in the selection.	丛书 "{0}" 未分配给选择中的任何文献。
UserDataFolderPath_FolderBrowserDialogDescription	Select the folder for Citavi user files. 	选择 Citavi 用户文件的文件夹。 
CannotUseSameSortCriterionTwice	You cannot define the same sort criterion twice.	不能重复定义相同的排序条件。
CRM_Email_regards_secondline	Your Citavi Team	您的 Citavi 团队
TextComplexityReadOnlyWarning	Read-only to prevent loss of formatting. <a href="EnableEditor">Edit</a> | <a href="https://www.citavi.com/manual-readonlyinfo">More information</a>	
StudentLicenseName	Student	学生
EmailAddressDuplicate	{0} exists multiple times	{0} 存在多次
CopyOrMoveToProjectWizard_InsufficientLicensePermission	Your Citavi license does not permit you to copy or move data into this project. (<a href="http://www.citavi.com/licenserestrictions">Why not?</a>)	您的 Citavi 许可证不允许您将数据复制或移动到该项目中。（<a href="http://www.citavi.com/licenserestrictions">为何不能？</a>）
BibliographyCompositionEditorRowToolTip_ShowFirstQuotationOnly	First quotation only	仅第一个引文
CRM_Email_ProjectDeleted_first_paragraph	##inviter deleted a cloud project you were collaborating on: "##projectname". If necessary, please ask ##inviter to restore the project. This is possible for up to 10 days after a project was deleted.	##inviter 删除了您正在协作的云项目："##projectname"。如有必要，请让 ##inviter 恢复该项目。项目删除后最多 10 天内可以恢复。
ReferenceSelectionFiltered_Smart	The {0:reference|{0} references} in the current selection	
Transformer_Application_Add_Smart	{0:The import filter "{1}" was|{0} import filters} added successfully.	
CRM_Email_Salutation	Dear {0},	尊敬的 {0}:
CitaviSettingsImportOK	The settings were imported successfully.	设置已成功导入。
InsertPlaceholderWordNotRunning	This command inserts a placeholder or quotation into an open Word document. Citavi could not find an open document. Do you want to start Word now?	此命令会将占位符或引文插入打开的 Word 文档中。Citavi 找不到打开的文档。要立即启动 Word 吗？
SortKnowledgeItems_MessageText	Are you sure you want to sort the knowledge items automatically?\r\n\r\nWarning: This cannot be undone and any manual sort order will be permanently lost.	确定要自动排序知识项吗？\r\n\r\n警告：此操作无法撤销，任何手动排序顺序都将永久丢失。
CitationKeyDialog_NoGenerateKey	Do not apply new template to any existing references	不要将新模板应用于任何现有文献
ElectronicAddressInfo_CDRom_LocationLabel_short	Optical media	光学介质
PleaseProvideInitials	The initials cannot be empty. Please enter your initials.	首字母缩写不能为空。请输入您的首字母缩写。
FilterYearNotFound_ProjectShell	No references in the selection were published in {0} or later.	选择中没有文献是在 {0} 或之后出版的。
AddOn_InstallRemove_Failed	The following error occurred:\r\n{0}	发生了以下错误：\r\n{0}
FormattedDocumentMissing	The document "{0}" cannot be opened in the word processor because the file could not be found.\r\n\r\nAn unknown error occurred during formatting. Try again and if the problem persists, contact Citavi support for assistance: www.citavi.com/service.	无法在文字处理程序中打开文档 "{0}"，因为找不到该文件。\r\n\r\n格式化过程中发生未知错误。请重试，如果问题仍然存在，请联系 Citavi 支持人员寻求帮助：www.citavi.com/service。
SearchForm_NoResults_MainFormTasks	No results in the Task Planner.	任务规划器中没有结果。
SaveFileUnknownError	Unknown error occurred while saving.	保存时发生未知错误。
WhichReferencesDoYouWantToRemove	Which references do you want to remove?	您要移除哪些文献？
DesktopAlertSaveFaultedText	An error occurred. The project could not be saved.	发生错误。无法保存项目。
CRM_Email_CampusContractExtensionVerifyLicense_subject	Citavi: Activate your new license	Citavi：激活您的新许可证
DeleteTasks_Smart	Do you want to delete the {0:selected task|{0} selected tasks}?	
Import_File_CancelPending	Canceling import…	正在取消导入……
RootDoesNotExist	The root directory for the path"{0}" is incorrect or does not exist.	路径 "{0}" 的根目录不正确或不存在。
USBInstallationCancelled	The installation was canceled.	安装已取消。
TagDefinitionNotFound	Text filter not found!	未找到文本过滤器！
ImportWizard_fieldMappingFinishSaveRadioButton	No	否
OptionsDialog_mainTabControl_Updates	Updates	更新
OptionsImportCitationStyle	Citation style	引文样式
PlaceholdersFeatureDisallowedMessage	Due to patent regulations, this feature is not available in certain regions and has been automatically deactivated.	由于专利法规，此功能在某些地区不可用，并已被自动停用。
DuplicateLibraryInfo	The library "{0}" already exists. How do you want to proceed?	该库 "{0}" 已存在。您要如何继续？
SearchFieldDropDownForm_InfoLabel	Search inside the following fields:	在以下字段中搜索：
ImportSettingHelpContext_Port	Port:	端口：
CRM_Email_AccountCreatedViaProcessOrderMailBilling_DbServer_button	Choose a password	选择密码
RepairIntegrity_KnowledgeItemCategory_CategoryNull	{0} links between knowledge items and categories were removed because the link to the category was empty.	由于指向分类的链接为空，已移除 {0} 个知识项与分类之间的链接。
ElectronicAddressInfo_Remote_LocationLabel_withDomain	Online at {0}	在线于 {0}
CRM_Email_CampusContractExtensionLicensfileExportData_second_paragraph	To learn more about creating settings files, please see the Citavi Manual.	要了解有关创建设置文件的更多信息,请参阅 Citavi 手册。
ListOutputOptions_includeItemsGroupBox	Select the items to output:	选择要输出的项：
AddQuotationFromWindowsPreviewFailed	Citavi was unable to extract a quotation from the preview. Right-click the preview and see if the Copy command is available. If so, copy the quotation by hand using the Clipboard.	Citavi 无法从预览中提取引文。请右键单击预览，查看是否有“复制”命令。如果有，请使用剪贴板手动复制引文。
Overdue	Overdue	已逾期
NoCitationKey	(No citation key)	（无引文键）
SaveFileAs_FileSuccess_Repetition	[Success]             The file "{0}" of the reference "{1}" did not need to be saved because it was already saved for an existing location.	[成功]             文献 "{1}" 的文件 "{0}" 无需保存，因为它已为现有位置保存过。
MassReferenceIdentifier_ImportFromScanner	Read scanner memory	读取扫描仪内存
ConversionToCitavi5Failed_NotAProjectLeader	You do not have sufficient rights to convert this protected team project to Citavi 6 format. Only the project leader can convert the team project.	您没有足够的权限将此受保护的团队项目转换为 Citavi 6 格式。只有项目负责人才能转换团队项目。
WrongWordVersion	This feature requires Microsoft Word to be installed. Citavi could not find a compatible version of Word on this computer.\r\n\r\nIf you have Microsoft Word installed and this error still occurs, there might be a problem with the Office installation. Try to repair the Office installation (Control Panel > Software > Microsoft Office) or reinstall Microsoft Office. If necessary, contact Citavi support for assistance: www.citavi.com/service.	此功能需要安装 Microsoft Word。Citavi 在此计算机上找不到兼容的 Word 版本。\r\n\r\n如果您已安装 Microsoft Word 但仍出现此错误，则可能是 Office 安装有问题。请尝试修复 Office 安装（控制面板 > 软件 > Microsoft Office）或重新安装 Microsoft Office。如有必要，请联系 Citavi 支持人员寻求帮助：www.citavi.com/service。
PreviewControl_StatusBar_PdfPageUp	Show previous page	显示上一页
AvailableOnlineLibraries	Available online: {0}	可在线获取：{0}
CitaviSqlServerOutOfDate	The DBServer database is configured for an earlier Citavi version. You cannot connect to this database or open projects in this database.\r\n\r\nContact your Citavi administrator so that he or she can convert the databse to the current format.	该 DBServer 数据库是为较早版本的 Citavi 配置的。您不能连接到此数据库，也不能打开此数据库中的项目。\r\n\r\n请联系您的 Citavi 管理员，让其将数据库转换为当前格式。
FilterYearNotFound_Project	No references in the project were published in {0} or later.	项目中没有文献是在 {0} 或之后出版的。
USBInstallationPickFolderTitle	Select the folder where Citavi should be installed.	选择 Citavi 的安装文件夹。
NoCategoryAssigned	No categories	无分类
LinkedResource_Cover_Attaching	Attaching …	正在附加……
MassReferenceIdentifier_Title	Title	标题
AnyFormal	Any	任意
CloudSpaceExceededMessage	There is no more storage space available for attachments. Please go to www.citavi.com/nospace for more information.	附加文件已没有更多可用存储空间。更多信息请访问 www.citavi.com/nospace。
DeletePeriodicalFromForm	Do you want to delete this periodical?	是否删除此期刊？
BatchRemoveKeywords_NoKnowledgeItemHasKeywords	The selected knowledge items do not have any keywords to remove.	所选知识项没有可移除的关键词。
MassReferenceIdentifier_Found	found	已找到
OnlineSearchAttribute_Title1Label	Title:	标题：
Connection_Failed	Connection could not be established.	无法建立连接。
DoubleClick	Double-click	双击
RepairIntegrity_KnowledgeItemCategory_KnowledgeItemNull	{0} links between knowledge items and categories were removed because the link to the knowledge item was empty.	由于指向知识项的链接为空，已移除 {0} 个知识项与分类之间的链接。
CRM_Email_AccountMergingCleanup_second_paragraph	##email	##email
DeleteKeyword	Do you want to delete the keyword "{0}"?	是否删除关键词 "{0}"？
RepairCorruptedDatabase_RepairInProjectFolderSuccessfulButCantReplaceOriginal_InconsistenciesFound	Citavi was able to repair the project. However, the damaged project could not be replaced with the repaired copy. It may be in use by another program. Citavi has saved the repaired copy in the project folder as "{0}". Try to open the repaired project in Citavi. If you can, verify that the original project is not in use by any other program, then replace it with the repaired project.\r\n\r\nCitavi determined that some data loss occurred. A log with details has been saved and opened in a separate program.\r\n\r\nTo recover lost data, restore from one of the backups Citavi created for you. If necessary, contact Citavi support for assistance: www.citavi.com/service.	Citavi 已修复该项目。但是，无法用修复后的副本替换损坏的项目。它可能正被另一个程序使用。Citavi 已将修复后的副本以 "{0}" 为名保存在项目文件夹中。请尝试在 Citavi 中打开修复后的项目。如果可以打开，请确认原项目未被任何其他程序使用，然后用修复后的项目替换它。\r\n\r\nCitavi 判定发生了一些数据丢失。详细信息日志已保存并在单独的程序中打开。\r\n\r\n要恢复丢失的数据，请从 Citavi 为您创建的备份之一还原。如有必要，请联系 Citavi 支持人员寻求帮助：www.citavi.com/service。
CreateBibliography_CopySuccessful	The bibliography has been copied to the clipboard.	参考文献目录已复制到剪贴板。
ChatUserOnline	{0} is online	{0} 在线
CRM_Email_OrderProcessBilling_Billomat_Home_first_paragraph	Here's how you can get everything set up:\r\n\r\n<b>Step 1 – Install Citavi 6</b>\r\nPlease take a look at our upgrade information: http://www.citavi.com/c6upgrade\r\nInstall Citavi 6 if you haven't already. Download: www.citavi.com/download\r\n\r\n<b>Step 2 – Log in to Citavi 6</b>\r\nAfter you start Citavi you will be asked to log in to Citavi Account. Enter your email address and password. If you have trouble, please use our login tips: www.citavi.com/login-hints\r\n\r\nCitavi 6 will automatically pull your license information from your account.\r\n\r\nIf you run into any trouble, please get in touch:\r\nwww.citavi.com/ticket\r\n\r\n##invoicenumber\r\n##customerordernumber\r\n	下面介绍如何完成全部设置：\r\n\r\n<b>第 1 步 – 安装 Citavi 6</b>\r\n请查看我们的升级信息：http://www.citavi.com/c6upgrade\r\n如果尚未安装，请安装 Citavi 6。下载地址：www.citavi.com/download\r\n\r\n<b>第 2 步 – 登录 Citavi 6</b>\r\n启动 Citavi 后，系统会要求您登录 Citavi 账户。请输入您的电子邮件地址和密码。如果遇到问题，请使用我们的登录提示：www.citavi.com/login-hints\r\n\r\nCitavi 6 将自动从您的账户获取许可证信息。\r\n\r\n如果遇到任何问题，请联系我们：\r\nwww.citavi.com/ticket\r\n\r\n##invoicenumber\r\n##customerordernumber\r\n
BackgroundTask_ErrorLabelWebJobException	A cloud operation failed	云操作失败
ProjectPermissions_FilePermission_ReadOnly	The project file cannot be written to, so you cannot make changes to the project.	无法写入项目文件，因此您无法更改项目。
ElectronicAddressInfo_NotAnUri_LocationLabel_short	Unknown	未知
DeletePublishersInUse_Smart	Warning: {0:The publisher "{1}"|At least one of the {0} selected publishers} has references connected to it. If you delete {0:the publisher "{1}", it|the {0} selected publishers, they} will be permanently removed from all references. Do you want to delete {0:the publisher "{1}"|the {0} selected publishers} anyway?	
RtfForm_Abstract	Abstract	摘要
SearchFieldDropDownForm_ColumnHeader_Shortcut	Shortcut	快捷键
CorrectEntryOption	Change the entry	更改条目
License	License	许可证
WarningReferencesMoveWithoutAttachments	Warning: you are about to delete attachments!\r\nYou cleared the "Locations (including attachments)" checkbox.\r\nCitavi will now delete all attachments for the selected reference(s). Do you want to proceed?	警告：您即将删除附件！\r\n您清除了 "位置（包括附件）" 复选框。\r\nCitavi 现在将删除所选文献的所有附件。是否继续？
AttachmentsFolderPathChanged	You changed the Attachments folder for this project. All files will be moved from the previous folder to the new folder.\r\n\r\nWarning: Make sure that no other team member currently has the project open.\r\n\r\nDo you want to continue?	您更改了此项目的附件文件夹。所有文件将从之前的文件夹移动到新文件夹。\r\n\r\n警告：请确保当前没有其他团队成员打开该项目。\r\n\r\n是否继续？
ImportExportWizard_Option_ImportBibliographix	Bibliographix	Bibliographix
HelpInformationFormNoCommandsAvailable	No commands available for this window.	此窗口没有可用命令。
ShortTitleMissing	[No short title!]	[无短标题！]
MergeWithThisReferenceType	…with these reference types	……使用这些文献类型
CitaviBackup	Citavi Backup	Citavi 备份
SearchForm_CannotCreateSelection3	The selection cannot be generated becuase none of the displayed references are present in the project. Presumably they have been deleted since the last search.	无法生成选择，因为显示的文献均不存在于项目中。它们可能自上次搜索后已被删除。
ReferenceSelectionDialogTitle_Copy	Which references do you want to copy?	您要复制哪些文献？
FileIsOpenedMessage	The file is open in another program. Close it before you open it with Citavi.	该文件已在另一个程序中打开。请先关闭它，再用 Citavi 打开。
LinkedResource_Cover_WaitingForServerTransaction	Waiting …	正在等待 …
ReplaceCreatedByModifiedQuestion	Are you sure you want to replace '{0}' with '{1}'? This action cannot be undone.	确定要用 '{1}' 替换 '{0}' 吗？此操作无法撤销。
ImportWizard_Title_21	Select the separator between references:	选择文献之间的分隔符：
ImportWizard_Title_20	Select the pattern the field delimiters follow:	选择字段分隔符遵循的模式：
ImportWizard_Title_23	Select filter	选择过滤器
ImportWizard_Title_22	Select the references you want to import:	选择要导入的参考文献：
ImportWizard_Title_25	Select the PDFs you want to import:	选择要导入的 PDF：
ImportWizard_Title_24	Source for PDF import	PDF 导入源
ImportWizard_Title_26	Search bibliography	搜索参考文献目录
ImportWizard_Title_18	Do you want to save this field mapping?	是否保存此字段映射？
ImportWizard_Title_12	Select the column delimiting character:	选择列分隔字符：
ImportWizard_Title_13	Does the first row contain headers?	第一行是否包含标题？
ImportWizard_Title_11	Select the character encoding:	选择字符编码：
ImportWizard_Title_17	Do you want to define the field mappings for another reference type?	是否要定义其他文献类型的字段映射？
ImportWizard_Title_14	Map the reference types from the source file:	映射源文件中的文献类型：
ImportWizard_Title_15	Select the reference type you want to define the field mappings for:	选择要为其定义字段映射的文献类型：
WrapperDllNotFoundException	Citavi has detected a damaged installation of the .NET Framework on your computer. Contact your system administrator. You can usually fix the problem by downloading and reinstalling the .NET Framework 2.0. Refer to <a href="http://www.citavi.com/softlink?linkid=enterprisewrapperdllnotfound">our support website</a> for more information.	Citavi 检测到您计算机上的 .NET Framework 安装已损坏。请联系系统管理员。通常可以通过下载并重新安装 .NET Framework 2.0 来解决此问题。更多信息请参阅<a href="http://www.citavi.com/softlink?linkid=enterprisewrapperdllnotfound">我们的支持网站</a>。
HelpFileExistsAndIsActive	{0}\r\n\r\nThis file is currently displayed as the Quick Help text.	{0}\r\n\r\n此文件当前显示为快速帮助文本。
KnowledgeItemRtfConversionError	An error occurred while converting a knowledge item from a Citavi 2 project. The text could not be recognized as valid RTF.	转换 Citavi 2 项目中的知识项时出错。无法将文本识别为有效的 RTF。
ReferenceDataCompletion_InvalidDoi	The DOI name field does not contain a valid DOI name.\r\nWith a valid DOI name, you can import bibliographic information automatically.	DOI 名称字段不包含有效的 DOI 名称。\r\n使用有效的 DOI 名称，您可以自动导入文献信息。
LicenseTextCampus	You are using a Citavi for Windows site license.	您使用的是 Citavi for Windows 站点许可证。
YouWantToCancelAllBackgroundTasks	Do you really want to cancel all background tasks of this type?	确定要取消此类型的所有后台任务吗？
ReferenceSelectionCategoryWithChildren_Smart	The {0:reference|{0} references} in the selected category (including child categories)	
ElectronicAddressInfo_Local_LocationLabel_short	Local file, unmanaged	本地文件，非托管
RepairIntegrity_ReferencePublisher_ReferenceOrphaned	{0} links between references and publishers were removed because the reference does not exist.	由于文献不存在，已移除 {0} 个文献与出版商之间的链接。
InsertIntoWord_NoAssignedDocument	The project is not assigned to an open Word document.	该项目未分配给任何打开的 Word 文档。
InsertPlaceholderNoDocumentOpen	This command inserts a placeholder or quotation into an open Word document. Citavi could not find an open document. Do you want to create one now?	此命令会将占位符或引文插入打开的 Word 文档中。Citavi 找不到打开的文档。要立即创建一个吗？
LookupFullText_Downloading	Downloading full text…	正在下载全文……
CitaviVersion	Citavi version	Citavi 版本
LookupProgressCancel	Canceling search…	正在取消搜索…
CRM_Email_CampusVoucherBlockAdded_second_paragraph	Go to your account by clicking the blue button:	点击蓝色按钮前往您的账户:
ProjectFileCouldNotBeFound	The project file could not be found. Do you want to remove it from the list of recent projects?	找不到项目文件。是否从最近项目列表中移除它？
CannotDeleteLicense	An error occurred while deleting the license.	删除许可证时出错。
SearchForm_ClickOnRowToShowPreview	Click a row to show the preview here.	单击某一行可在此处显示预览。
LookupFullText_PDFFound_AlreadyExists	The found full text already exists.	找到的全文已存在。
SqlServerProjectConversionSuccessful	The project was successfully updated	项目已成功更新
LookupLocations_ReferenceSelectionAll_Smart	The {0:reference with an ISBN number|{0} references with ISBN numbers} in this project	
AddUnknownSeriesTitle	The series "{0}" is new. If this is correct, click OK and it will be added to the series list.	丛书 "{0}" 是新条目。如果正确，请单击“确定”，它将被添加到丛书列表中。
KeyFilter	Citavi Key Template files (*.ckd)|*.ckd	
CharacterFormatControl_mainTabControl_Font	Font	字体
CreateCloudProject_StartingJob	Creating project in the cloud	正在云中创建项目
PdfExport_DocumentSecurityException	The password is incorrect.	密码不正确。
ProjectNeedsConversion_InsufficientPermissions	This project was created with an earlier version of Citavi and must be converted before it can be opened. It cannot be converted because you either do not have permission to access the file or you only have read-only access to the file.\r\n\r\nThe system error message is:\r\n{0}	此项目是用较早版本的 Citavi 创建的，必须先转换才能打开。无法转换，因为您要么没有访问该文件的权限，要么只有该文件的只读访问权限。\r\n\r\n系统错误消息为：\r\n{0}
BookOrderProgress	Searching {0}…	正在搜索 {0}……
Descending	Descending	降序
ListImportNoListItemsImported	No entries imported.	未导入任何条目。
Import_Online_CancelPending	Canceling search…	正在取消搜索…
CriticalExternalClrException	An external component has caused a serious error to occur. Citavi will try to save the open projects and will then close automatically. \r\nThis error did not occur within Citavi but in an external component such as the embedded Internet Explorer, which Citavi uses to display websites.\r\nThe error message is: "{0}"\r\nIf this error occurs frequently, please contact Citavi support for assistance: www.citavi.com/service.	外部组件导致发生了严重错误。Citavi 将尝试保存打开的项目，然后自动关闭。\r\n此错误并非发生在 Citavi 内部，而是发生在外部组件中，例如 Citavi 用于显示网站的嵌入式 Internet Explorer。\r\n错误消息为："{0}"\r\n如果此错误频繁发生，请联系 Citavi 支持人员寻求帮助：www.citavi.com/service。
ImportFormAddReferences	The selected references are being added to the project. This can take a few minutes.	正在将所选文献添加到项目中。这可能需要几分钟。
DesktopAlertProjectArchiveTaskStartedText	Archiving project...	正在归档项目……
PdfExport_InvalidDocument	The path entered '{0}' is not a valid PDF file.	输入的路径 '{0}' 不是有效的 PDF 文件。
DuplicateKeywordInfo	The keyword "{0}"already exists. How do you want to proceed?	关键词 "{0}" 已存在。您要如何继续？
ScannerNotFound2	No compatible scanner was found, or the connected scanner does not contain any data.\r\nDo you want to configure the scanner settings?	未找到兼容的扫描仪，或者连接的扫描仪不包含任何数据。\r\n是否配置扫描仪设置？
PreferredTextEditorMessageTeX	Citavi can insert text into a word processor. Select your default word processor.\r\n(You can change this later on Tools > Settings at any time.)	Citavi 可以将文本插入文字处理程序。请选择您的默认文字处理程序。\r\n（您可以稍后随时在“工具 > 设置”中更改此项。）
ImportProgressStatusChangedCaption_Keywords	LiteRat import in progress: Assigning keywords to the imported references…	正在导入 LiteRat：正在为导入的文献分配关键词……
RepairIntegrity_EntityLink_SourceTypeNull	{0} links were removed because the "Links to" field was empty.	由于 "链接到" 字段为空，已移除 {0} 个链接。
NewPeriodical	New periodical	新建期刊
PleaseProvideOrganisationNameForVolumeLicenses	Enter the organization.	输入机构。
ProcessStartFailedWithError	Opening the file "{0}" in an external program failed with errors.	在外部程序中打开文件 "{0}" 失败，出现错误。
HelpFileNotFound	Citavi could not find the Quick Help file "{0}".	Citavi 找不到快速帮助文件 "{0}"。
ElectronicAddressInfo_Lan_LocationLabel_short	Local network	局域网
ElectronicAddressInfo_UnknownDriveType_LocationPrefix	[Unknown]	[未知]
NoReferencesWithLabel1Found	No references with blue labels found.	未找到带蓝色标签的文献。
DataExchangeProperty_Delete_OnlineImport	Are you sure you want to delete the saved search "{0}"?	确定要删除已保存的搜索“{0}”吗？
RepairIntegrity_Reference_PeriodicalOrphaned	The link to the periodical of the reference "{0}" (#{1})  was removed, because the periodical does not exist any more. 	由于期刊已不存在，已移除文献 "{0}"（#{1}）与期刊的链接。 
MiniToolbar_Preview	Show in preview pane	在预览窗格中显示
RepairCorruptedDatabase_RepairInProjectFolderSuccessfulButCantReplaceOriginal_NoInconsistenciesFound	Citavi was able to repair the project. However, the damaged project could not be replaced with the repaired copy. It may be in use by another program. Citavi has saved the repaired copy in the project folder as "{0}". Try to open the repaired project in Citavi. If you can, verify that the original project is not in use by any other program, then replace it with the repaired project.\r\n\r\nPlease check your project for any data loss. While Citavi did not detect any errors, it is still possible.\r\n\r\nTo recover lost data, restore from one of the backups Citavi created for you. If necessary, contact Citavi support for assistance: www.citavi.com/service.	Citavi 已修复该项目。但是，无法用修复后的副本替换损坏的项目。它可能正被另一个程序使用。Citavi 已将修复后的副本以 "{0}" 为名保存在项目文件夹中。请尝试在 Citavi 中打开修复后的项目。如果可以打开，请确认原项目未被任何其他程序使用，然后用修复后的项目替换它。\r\n\r\n请检查您的项目是否有任何数据丢失。虽然 Citavi 未检测到任何错误，但仍有可能发生。\r\n\r\n要恢复丢失的数据，请从 Citavi 为您创建的备份之一还原。如有必要，请联系 Citavi 支持人员寻求帮助：www.citavi.com/service。
CopyOrMoveToProjectWizard_CannotCopyToCitavi2Project	You cannot copy to the project "{0}" because it is a Citavi 2 project. Open the project in Citavi 6 first, then copy to the Citavi 6 project.	无法复制到项目 "{0}"，因为它是 Citavi 2 项目。请先在 Citavi 6 中打开该项目，然后再复制到 Citavi 6 项目。
Location_DownloadingFullText	Downloading full text …	正在下载全文……
OnlineSearchAttribute_AuthorLabel	Author:	作者：
MoveReferenceToProject_DuplicateNotDeleted	1 reference with the same identifier (ISBN, DOI name, PubMed ID, PMCID, or arXiv ID) was not moved to the destination project, in accordance with your settings.\r\n\r\nTo prevent loss of data, this reference was not removed from the source project.\r\n\r\nWhen you finish this assistant, this reference will be applied as a selection in the source project.	根据您的设置，有 1 条具有相同标识符（ISBN、DOI 名称、PubMed ID、PMCID 或 arXiv ID）的文献未被移动到目标项目。\r\n\r\n为防止数据丢失，此文献未从源项目中移除。\r\n\r\n当您完成此助手后，此文献将在源项目中应用为选择。
ResetCitationKeyTemplates	Do you want to restore the default template for citation keys?	是否恢复引文键的默认模板？
ExportSuccessful	Export completed successfully.	导出已成功完成。
CRM_Email_CampusContractExtension_button	Activate license	激活许可证
FindFullText_Progress	Searching…	正在搜索……
NavigationQuickCustomizeMenu_ShowFewerButtons	Show less	收起
ReferenceDataCompletion_NotFound	No references found.	未找到文献。
ImportExportWizard_Option_ImportBibTeX	BibTeX	BibTeX
MassReferenceIdentifier_Author	Author or editor	作者或编者
DeleteKeyTemplateToolTip	Delete template…	删除模板……
FormText	Sort knowledge items	排序知识条目
NoCustomCitationStylesAvailable	(No citation styles available)	（无可用引文样式）
ImportSettingHelpContext_MaxCount	Maximum number of hits:	最大命中数：
FileImportHelpContextPart	Instructions can be found in the <a href="https://www.citavi.com/c6prg/importfilter">Citavi manual</a>.	说明可在 <a href="https://www.citavi.com/c6prg/importfilter">Citavi 手册</a>中找到。
DuplicatePersonException	A person with the same first, middle and last name already exists in this project.	此项目中已存在名字、中间名和姓氏相同的人员。
DeletePdfLink_EntityLink	Only the {0:selected highlight|selected highlights}.	
CRM_Email_LicenseWithdrawal_subject	Your Citavi license has been withdrawn	您的 Citavi 许可证已被撤回
Attachment	Attachment:	附件：
ClickToShowChat	Click to view chat	单击查看聊天
ReferenceGrid_VirtualColumnLabel_Library	Library	图书馆
IsLoading	Loading…	正在加载……
VersionNotSupportedException	The project you want to open was created with a later version of Citavi. It cannot be opened with the version of Citavi you are currently using.\r\n\r\nClick Help > Check for updates or refer to our website www.citavi.com to see if an update to Citavi is available.	您要打开的项目是用更高版本的 Citavi 创建的。无法用您当前使用的 Citavi 版本打开。\r\n\r\n请单击“帮助 > 检查更新”，或访问我们的网站 www.citavi.com，查看是否有可用的 Citavi 更新。
NoKeywordAssigned	No keywords applied	未应用关键词
BackgroundTask_ErrorMessageFileSizeExceeded	The file is too large	文件太大
DeleteUnusedItems_Keywords	Keywords ({0})	关键词（{0}）
ImportWizard_Title_12_Excel	Select the worksheet to import:	选择要导入的工作表：
NewComponentPart	New component	新建组件
AddFullTextSuccessfully_Smart	Full {0:text|texts} added successfully.	
CRM_Email_SubscriptionLicenseDeactivated_subject	[EN]Lizenz wurde deaktiviert	[EN]许可证已停用
UnknownOrIllegalImageFormat	The image format is unknown or not valid.	图像格式未知或无效。
DeleteImportSetting	Do you want to delete "{0}"?	是否删除 "{0}"？
RepairIntegrity_Reference_PeriodicalNonExistent	{0} relationships between references and periodicals were removed because the periodical no longer exists.	由于期刊已不存在，已移除 {0} 个文献与期刊之间的关系。
SearchForm_UnexpectedToken	Unexpected character in the search string. Expected: "{0}", Found: "{1}"	搜索字符串中出现意外字符。应为："{0}"，实际为："{1}"
LOBConcentrationArea	Medicine, pharmacy and nursing science; mathematics and computer science; veterinary medicine; natural science; economics; law	医学、药学与护理学；数学与计算机科学；兽医学；自然科学；经济学；法学
KnowledgeItemSelectionListPlural	The {0} knowledge items in the current list	当前列表中的 {0} 个知识项
WarningBackgroundTasksRunningCloseProject_DontCloseAndShowList	Leave project open and display list of background tasks.	使项目保持打开并显示后台任务列表。
ConceptDrawExportDialogFilter	Text documents with outlines (*.txt)|*.txt|All files (*.*)|*.*	
SmartTagDelete	Delete	删除
StartFormClosing_ProjektCloudUploadActive	Do you want to cancel the upload?	是否取消上传？
DBServerLicense_InvalidXml	License file could not be read:\r\n\r\n{0}	无法读取许可证文件：\r\n\r\n{0}
OpenProjectFromCloud_ForwardingJob	Sending download job to Citavi Cloud…	正在向 Citavi 云发送下载任务……
TransformerList_CreateNewTransformer_BibTeXExport	Create BibTeX export filter	创建 BibTeX 导出过滤器
SearchFieldDropDownForm_GroupHeader_CommonFields	Frequently used fields	常用字段
CannotLoginWithCachedPrincipal	Login was not possible because Citavi could not connect to the server. Please check your Internet connection.\r\nCitavi projects cannot be opened without logging in.	无法登录，因为 Citavi 无法连接到服务器。请检查您的 Internet 连接。\r\n不登录则无法打开 Citavi 项目。
RepairIntegrity_KnowledgeItemGroup_KnowledgeItemOrphaned	{0} links between knowledge items and groups were removed because the knowledge item does not exist.	由于知识项不存在，已移除 {0} 个知识项与组之间的链接。
LocalToDbServerCopyHelper_InsertingTableData	Copying project information: {0}	正在复制项目信息：{0}
ParentToolboxPaneCaptionNeutral	Parent reference type components	父文献类型组件
RepairIntegrity_ReferenceCollaborator_PersonNull	{0} links between references and collaborators were removed because the link to the collaborator was empty.	由于指向协作人的链接为空，已移除 {0} 个文献与协作人之间的链接。
Location_PreparingFullTextUpload	Preparing upload …	正在准备上传……
ImportProgressError	An error occurred, no references were retrieved	发生错误，未检索到任何文献
DesktopAlertCaption_Hint	Hint	提示
SavedSearchAlreadyExists	The saved search "{0}" already exists. Do you want to replace it?	已保存的搜索“{0}”已存在。是否要替换它？
AddOn_Activted_OK	The add-on will be enabled after you restart Citavi.	重新启动 Citavi 后，此加载项将启用。
PasswordUnchanged	[Unchanged]	[未更改]
SQLServerSecurity_AD	Windows (Active Directory)	Windows（Active Directory）
ImportProgressError2	An error occurred after {0} of {1} references	处理 {1} 条文献中的第 {0} 条后出错
Citavi4ReaderUpgradeCitavi3Reader	Citavi 4 Reader (Upgrade Citavi 3 Reader)	Citavi 4 Reader（升级 Citavi 3 Reader）
SaveFileUnknownError_WithDetails	An unknown error occurred while saving.\r\n\r\nThe internal error message is: {0}	保存时发生未知错误。\r\n\r\n内部错误消息为：{0}
Sigel_GRS_Json	{\r\n  "AutoUpdate": true,\r\n  "CharsToRemove": [],\r\n  "Name": "GRS",\r\n  "Id": "449AAFAE-36C1-4674-8D45-665788E0B19E",\r\n  "Items": [\r\n    {\r\n      "ReferenceTypeId": 0,\r\n      "KeyItems": [\r\n        {\r\n          "$type": "SwissAcademic.Citavi.BibTeXCitationKey.PersonKeyItem, SwissAcademic.Citavi",\r\n          "PersonElement1": {\r\n            "FirstNameCharCount": 0,\r\n            "FormatEndIndex": -1,\r\n            "FormatStartIndex": 1,\r\n            "LastNameCharCount": 3,\r\n            "PersonNameFormatType": 0,\r\n            "TextBetweenFirstNameLastName": " ",\r\n            "TextBetweenPersons": ""\r\n          },\r\n          "PersonElement2": {\r\n            "FirstNameCharCount": 0,\r\n            "FormatEndIndex": 3,\r\n            "FormatStartIndex": -1,\r\n            "LastNameCharCount": 100,\r\n            "PersonNameFormatType": 0,\r\n            "TextBetweenFirstNameLastName": ". ",\r\n            "TextBetweenPersons": " & "\r\n          },\r\n          "PersonListElement": {\r\n            "AbbreviateAfterPersonIndex": 1,\r\n            "AbbreviateText": "",\r\n            "MaxPersonCount": 1\r\n          },\r\n          "PersonElementForOnePerson": {\r\n            "FirstNameCharCount": 0,\r\n            "FormatEndIndex": 3,\r\n            "FormatStartIndex": 1,\r\n            "LastNameCharCount": 100,\r\n            "PersonNameFormatType": 0,\r\n            "TextBetweenFirstNameLastName": ". ",\r\n            "TextBetweenPersons": " & "\r\n          },\r\n          "PersonElement1ForTwoPersons": {\r\n            "FirstNameCharCount": 0,\r\n            "FormatEndIndex": 3,\r\n            "FormatStartIndex": 1,\r\n            "LastNameCharCount": 100,\r\n            "PersonNameFormatType": 0,\r\n            "TextBetweenFirstNameLastName": ". ",\r\n            "TextBetweenPersons": " & "\r\n          },\r\n          "PersonElement2ForTwoPersons": {\r\n            "FirstNameCharCount": 0,\r\n            "FormatEndIndex": 3,\r\n            "FormatStartIndex": 1,\r\n            "LastNameCharCount": 100,\r\n            "PersonNameFormatType": 0,\r\n            "TextBetweenFirstNameLastName": ". ",\r\n            "TextBetweenPersons": " & "\r\n          },\r\n          "PersonElement1ForThreePersons": {\r\n            "FirstNameCharCount": 0,\r\n            "FormatEndIndex": 3,\r\n            "FormatStartIndex": 1,\r\n            "LastNameCharCount": 100,\r\n            "PersonNameFormatType": 0,\r\n            "TextBetweenFirstNameLastName": ". ",\r\n            "TextBetweenPersons": " & "\r\n          },\r\n          "PersonElement2ForThreePersons": {\r\n            "FirstNameCharCount": 0,\r\n            "FormatEndIndex": 3,\r\n            "FormatStartIndex": 1,\r\n            "LastNameCharCount": 100,\r\n            "PersonNameFormatType": 0,\r\n            "TextBetweenFirstNameLastName": ". ",\r\n            "TextBetweenPersons": " & "\r\n          },\r\n          "UseDifferentSetsForDifferentNumberOfPersons": false,\r\n          "Lowercase": false,\r\n          "ReferencePropertyId": 108,\r\n          "TextAfter": "",\r\n          "TextBefore": "",\r\n          "Uppercase": true\r\n        },\r\n        {\r\n          "$type": "SwissAcademic.Citavi.BibTeXCitationKey.DateKeyItem, SwissAcademic.Citavi",\r\n          "DateTimePattern": "yy",\r\n          "FormatDate": true,\r\n          "Lowercase": false,\r\n          "ReferencePropertyId": 201,\r\n          "TextAfter": "",\r\n          "TextBefore": " ",\r\n          "Uppercase": false\r\n        }\r\n      ]\r\n    }\r\n  ],\r\n  "IsBibTeXKey": false,\r\n  "NormalizeKeys": false\r\n}	{\r\n  "AutoUpdate": true,\r\n  "CharsToRemove": [],\r\n  "Name": "GRS",\r\n  "Id": "449AAFAE-36C1-4674-8D45-665788E0B19E",\r\n  "Items": [\r\n    {\r\n      "ReferenceTypeId": 0,\r\n      "KeyItems": [\r\n        {\r\n          "$type": "SwissAcademic.Citavi.BibTeXCitationKey.PersonKeyItem, SwissAcademic.Citavi",\r\n          "PersonElement1": {\r\n            "FirstNameCharCount": 0,\r\n            "FormatEndIndex": -1,\r\n            "FormatStartIndex": 1,\r\n            "LastNameCharCount": 3,\r\n            "PersonNameFormatType": 0,\r\n            "TextBetweenFirstNameLastName": " ",\r\n            "TextBetweenPersons": ""\r\n          },\r\n          "PersonElement2": {\r\n            "FirstNameCharCount": 0,\r\n            "FormatEndIndex": 3,\r\n            "FormatStartIndex": -1,\r\n            "LastNameCharCount": 100,\r\n            "PersonNameFormatType": 0,\r\n            "TextBetweenFirstNameLastName": ". ",\r\n            "TextBetweenPersons": " & "\r\n          },\r\n          "PersonListElement": {\r\n            "AbbreviateAfterPersonIndex": 1,\r\n            "AbbreviateText": "",\r\n            "MaxPersonCount": 1\r\n          },\r\n          "PersonElementForOnePerson": {\r\n            "FirstNameCharCount": 0,\r\n            "FormatEndIndex": 3,\r\n            "FormatStartIndex": 1,\r\n            "LastNameCharCount": 100,\r\n            "PersonNameFormatType": 0,\r\n            "TextBetweenFirstNameLastName": ". ",\r\n            "TextBetweenPersons": " & "\r\n          },\r\n          "PersonElement1ForTwoPersons": {\r\n            "FirstNameCharCount": 0,\r\n            "FormatEndIndex": 3,\r\n            "FormatStartIndex": 1,\r\n            "LastNameCharCount": 100,\r\n            "PersonNameFormatType": 0,\r\n            "TextBetweenFirstNameLastName": ". ",\r\n            "TextBetweenPersons": " & "\r\n          },\r\n          "PersonElement2ForTwoPersons": {\r\n            "FirstNameCharCount": 0,\r\n            "FormatEndIndex": 3,\r\n            "FormatStartIndex": 1,\r\n            "LastNameCharCount": 100,\r\n            "PersonNameFormatType": 0,\r\n            "TextBetweenFirstNameLastName": ". ",\r\n            "TextBetweenPersons": " & "\r\n          },\r\n          "PersonElement1ForThreePersons": {\r\n            "FirstNameCharCount": 0,\r\n            "FormatEndIndex": 3,\r\n            "FormatStartIndex": 1,\r\n            "LastNameCharCount": 100,\r\n            "PersonNameFormatType": 0,\r\n            "TextBetweenFirstNameLastName": ". ",\r\n            "TextBetweenPersons": " & "\r\n          },\r\n          "PersonElement2ForThreePersons": {\r\n            "FirstNameCharCount": 0,\r\n            "FormatEndIndex": 3,\r\n            "FormatStartIndex": 1,\r\n            "LastNameCharCount": 100,\r\n            "PersonNameFormatType": 0,\r\n            "TextBetweenFirstNameLastName": ". ",\r\n            "TextBetweenPersons": " & "\r\n          },\r\n          "UseDifferentSetsForDifferentNumberOfPersons": false,\r\n          "Lowercase": false,\r\n          "ReferencePropertyId": 108,\r\n          "TextAfter": "",\r\n          "TextBefore": "",\r\n          "Uppercase": true\r\n        },\r\n        {\r\n          "$type": "SwissAcademic.Citavi.BibTeXCitationKey.DateKeyItem, SwissAcademic.Citavi",\r\n          "DateTimePattern": "yy",\r\n          "FormatDate": true,\r\n          "Lowercase": false,\r\n          "ReferencePropertyId": 201,\r\n          "TextAfter": "",\r\n          "TextBefore": " ",\r\n          "Uppercase": false\r\n        }\r\n      ]\r\n    }\r\n  ],\r\n  "IsBibTeXKey": false,\r\n  "NormalizeKeys": false\r\n}
FilterByIllegalRating	"{0}" is not a valid rating. Enter a value between 0 and 5.	"{0}" 不是有效的评分。请输入 0 到 5 之间的值。
UnhandledError	An unhandled exception has occurred.\r\n\r\nThe system error message is: {0}.\r\n\r\nThe error occurred in :\r\n{1}	发生了未经处理的异常。\r\n\r\n系统错误消息为：{0}。\r\n\r\n错误发生在：\r\n{1}
CacheRemoteUriAttachmentTask_ShortName	Download online attachment	下载在线附件
CitationStyleNoLayout	No layout assigned	未分配版式
ImportExportWizardUseCitaviShortTitle	Use the short titles generated by Citavi	使用 Citavi 生成的短标题
TemplateUseCaseNameLocalized_ArchiveMaterial_BookEdited	Archive material in edited book	编著图书中的档案资料
ImportExportWizard_Option_ImportReferenceManagementSoftware	Another reference management program	其他文献管理程序
CitationNodeText	Multiple citation: {0}	多重引用：{0}
CoverYes	Has cover art	有封面图
DeleteCustomCitationStyle	Do you really want to delete the selected citation style?	确定要删除所选的引文样式吗？
ImportWizard_pdfImportMultipleFilesRadioButton	Folder of files:	文件文件夹：
ReferenceTypeHierarchyException	A {0} reference type cannot contain children of the type "{1}".	{0} 文献类型不能包含类型为 "{1}" 的子项。
CutEntitiesDeleteWarning	You used "Ctrl+X" and "Ctrl+Y" to copy the reference(s). The reference(s) will now be deleted from the source project.\r\nDo you want to continue?	您使用了 "Ctrl+X" 和 "Ctrl+Y" 来复制文献。这些文献现在将从源项目中删除。\r\n是否继续？
CRM_Email_ConcurrentLicenseExceeded_first_paragraph	Your organization uses Citavi for DBServer with concurrent licenses. This is an automatic message to let you know that one of your users unsucessfully tried to access a license while all concurrent licenses were in use. If you receive this notification often, we recommend purchasing additional licenses.	您的机构使用 Citavi for DBServer 的并发许可证。这是一条自动消息，用于通知您：在全部并发许可证都在使用期间，您的一位用户尝试访问许可证但未成功。如果您经常收到此通知，我们建议购买更多许可证。
Location_UploadingFullText	Uploading full text to the cloud …	正在将全文上传到云……
CRM_Email_RecoverDeletedProject_first_paragraph	You deleted the project '##projectname'. After 10 days all project information will be deleted from our system and the project can no longer be recovered. To recover the project within the next 10 days, click here:	您删除了项目 '##projectname'。10 天后，所有项目信息将从我们的系统中删除，项目将无法再恢复。要在接下来的 10 天内恢复项目，请单击此处：
RepairIntegrity_ReferenceCategory_ReferenceOrphaned	{0} links between references and categories were removed because the reference does not exist.	由于文献不存在，已移除 {0} 个文献与分类之间的链接。
DuplicateListEntryException	This entry already exists in this list.	此条目已存在于该列表中。
ProjectCloudUpload_OpenCloudProject	Open project in browser…	在浏览器中打开项目……
WhichReferencesDoYouWantToDelete	Which reference do you want to delete?	您要删除哪条文献？
OpenCloudProjectOffline	A connection to the Citavi Cloud could not be established. Should the project be opened offline?	无法建立到 Citavi 云的连接。是否脱机打开项目？
EmptyPersonLastName	[No last name!]	[无姓氏！]
SubtitleLabel	Select the knowledge items you want to sort:	选择要排序的知识条目:
HelpFileExists	{0}\r\n\r\nThis file exists.	{0}\r\n\r\n此文件已存在。
DataErrorCellUpdateUnableToUpdateValue	The data could not be updated: {0}	无法更新数据：{0}
ShowLocationTransformerDialogHelpContextPart	<a fref="ShowLocationTransformerFavoriteDialog">Click here</a> to select other libraries.	<a fref="ShowLocationTransformerFavoriteDialog">单击此处</a>选择其他库。
ExceptionMaxAttachmentSizeExceeded	The maximum file size of {0}MB was exceeded.	已超过 {0}MB 的最大文件大小。
CRM_Email_ConfirmEmailAddressCampusContractLicenseMail_button	Confirm email	确认电子邮件
MassItemDownload_Filter	Supported formats (*.rtf; *.txt; *.doc; *.docx; *.odt)|*.txt;*.rtf;*.doc;*docx;*.odt|RTF format (*.rtf)|*.rtf|ASCII-Text (*.txt)|*.txt|Unicode text (*.txt)|*.txt|Word format (*.doc; *.docx)|*.doc;*.docx|OpenOffice Writer format (*.odt)|*.odt|All files (*.*)|*.*	
ImportProgressCancel	Cancel search	取消搜索
CRM_Email_AccountCreatedViaProcessOrderMailBilling_DbServer_last_paragraph	<b>Step 3 – Download the license file</b>\r\nIf you haven't done so already, log in to your Citavi account at www.citavi.com/login. There you can download the Citavi for DBServer license file.\r\n\r\n<b>Step 4 – Apply the license file</b>\r\nStart Citavi DBServer Manager and use it to load the license file in your Citavi database.\r\n\r\nIf you run into any trouble, please get in touch:\r\nwww.citavi.com/ticket	<b>第 3 步 – 下载许可证文件</b>\r\n如果您尚未这样做，请在 www.citavi.com/login 登录您的 Citavi 账户。在那里可以下载 Citavi for DBServer 许可证文件。\r\n\r\n<b>第 4 步 – 应用许可证文件</b>\r\n启动 Citavi DBServer Manager，用它把许可证文件加载到您的 Citavi 数据库中。\r\n\r\n如果遇到任何问题，请联系我们：\r\nwww.citavi.com/ticket
NoReferencesWithLabel2Found	No references with red labels found	未找到带红色标签的文献
CRM_Email_RecoverDeletedProject_button	Recover project	恢复项目
NoDuplicatesFound	No duplicates found.	未找到重复项。
RenameFile_FileError	[Error]             An error occurred while renaming the file "{0}" of the reference "{1}" . The error message is:\r\n{2}	[错误]             重命名文献"{1}"的文件"{0}"时发生错误。错误信息为：\r\n{2}
TaskItemCollectionComposer_SortedBy	Sorted by	排序方式
AddressInfo_LocationTypePrivateCollection_LocationLabel_withCollection	Private Collection {0}	私人收藏 {0}
RepairIntegrity_ReferenceAuthor_PersonOrphaned	{0} links between references and authors were removed because the author does not exist.	由于作者不存在，文献与作者之间的 {0} 个链接已被移除。
SaveProjectBackgroundTask_ShortName	Save project	保存项目
SearchDropDownNullText	Is not present (!)	不存在（！）
BackupFolderBrowserDialog_Caption	Where do you want to store backup files?	您希望将备份文件存储在何处？
USBInstallationMultipleRemovableDrivesFound	More than one removable drive (USB flash drives, etc.) was found. Please select the removable drive where Citavi should be installed.	找到多个可移动驱动器（USB 闪存盘等）。请选择应安装 Citavi 的可移动驱动器。
CopyOrMoveToProjectChildReferences	Child references (for example, all contributions in an edited book)	子文献（例如编著中的全部章节）
LinkedResource_AttachmentsAttaching_LocationLabel	electronic, adding attachment 	电子版，正在添加附件 
SqlServerProjectIsNewerThanEngine	This project was created with a later version of Citavi and cannot be deleted using this version of DBServer Manager.	此项目由更高版本的 Citavi 创建，无法使用此版本的 DBServer Manager 删除。
CategoriesFromProject	Categories from project {0}, {1}	来自项目 {0} 的类别，{1}
LookupFullText_UrlFound	URL found for a website with linked full text	找到链接了全文的网站的 URL
Recover	Recover changes	恢复更改
ReferenceSelectionDialogTitle_RemoveFromFilter	Which references do you want to exclude from the selection?	您希望从选择中排除哪些文献？
YearFieldWarning_ReplaceByYearResolved	Automatically replace the "year" field with the "year derived" field.	自动将"年份"字段替换为"推导年份"字段。
ChatUserOffline	{0} is offline	{0} 处于离线状态
EmailAddressesNotValid	Please correct the following email addresses:\r\n\r\n{0}	请更正以下电子邮件地址：\r\n\r\n{0}
RepairIntegrity_ReferenceOrganization_ReferenceNull	{0} links between references and organizations were removed because the link to the reference was empty.	由于指向文献的链接为空，文献与组织之间的 {0} 个链接已被移除。
YearFieldWarningDescription	You have selected the "year" field. Note that in most cases, the "year derived" field is more useful.\r\n\r\nThe "year" field is only used for reference types that specify a year, such as "Book", but not contributions. The "year derived" of contributions and similar reference types automatically shows the year of the parent reference.\r\n\r\nHow do you want to proceed?	您选择了"年份"字段。请注意，在大多数情况下，"推导年份"字段更有用。\r\n\r\n"年份"字段仅用于指定年份的文献类型，如"图书"，但不用于章节。章节及类似文献类型的"推导年份"会自动显示父文献的年份。\r\n\r\n您希望如何继续？
ImpordWizard_Title_20	Do you want to save the field mapping you just defined?	是否保存您刚刚定义的字段映射？
ImportSettingHelpContext_SearchField_Author	a:| "Bird" restricts the search to works by the author "Bird".	
YouNeedToCloseAllProjectsToLogout	You need to close all projects before logging out.	注销前需要关闭所有项目。
ProjectReadOnlyExceptionMessage	A command was executed that should be disabled in read-only projects. Please describe what you were doing so that the Citavi team can identify the error.	执行了一个在只读项目中本应禁用的命令。请描述您当时在做什么，以便 Citavi 团队定位该错误。
OfflineChangesFoundLogoutWarning	Changes made offline were found. If you log out, your changes will be lost. Do you want to log out anyway?	发现离线所做的更改。如果注销，您的更改将丢失。仍要注销吗？
ReferenceTabName_AdditionalInformation	Extras	工具
CannotPrintEmptyBibliography	The bibliography cannot be created because nothing is selected.	由于未选择任何内容，无法创建参考文献目录。
Outlook_GroupByMode_Description_NextMonth	Next month	下个月
SearchForm_NoResults_MainFormKnowledgeKnowledgeItemsCurrentList	No results in the current list of knowledge items.	当前知识条目列表中没有结果。
InvalidRecordNumber	Not a valid record number.	不是有效的记录编号。
ConvertProjectProgressText_C3_Auto	Citavi is converting your projects for use with this version of Citavi. The original projects in Citavi 3 format have been retained.\r\n\r\nNow converting: {0}	Citavi 正在转换您的项目以用于此版本的 Citavi。Citavi 3 格式的原始项目已保留。\r\n\r\n正在转换：{0}
CopyOfBrackets	{0} [Copy]	{0} [副本]
SortLabel	Sort by:	排序依据：
SearchForm_CannotEditItems	The elements cannot be edited because they are not present in the project. Presumably they have been deleted since the last search.	无法编辑这些元素，因为项目中不存在它们。它们可能自上次搜索以来已被删除。
ExportToMindManagerMessage	After exporting, you can open the file in MindManager by clicking File > Import > Import from MPX file	导出后，您可以在 MindManager 中通过单击"文件 > 导入 > 从 MPX 文件导入"来打开该文件
ConvertToUtc_Error	The conversion could not be completed. Please try again later.	无法完成转换。请稍后重试。
RepairIntegrity_ReferenceAuthor_ReferenceNull	{0} links between references and authors were removed because the link to the reference was empty.	由于指向文献的链接为空，文献与作者之间的 {0} 个链接已被移除。
CRM_Email_SubscriptionLicenseReadOnly_subject	[EN]Lizenz ReadOnly	[EN]Lizenz ReadOnly
AdvancedDateSearchLabel_1	(To enter other years, switch to the	（要输入其他年份，请切换到
AdvancedDateSearchLabel_2	advanced online search)	高级在线搜索）
AdvancedDateSearchLabel_3	advanced online search	高级在线搜索
PreviewControl_StatusBar_ZoomIn	Zoom in	放大
UnexceptedFindEngineError	The syntax proofing was successful but an unknown error occurred during the search. The internal error message is:\r\n{0}	语法校验成功，但搜索期间发生未知错误。内部错误信息为：\r\n{0}
RetrievalDefinition_CultureInternational	International	国际
CRM_Email_CitaviGiftCard_second_paragraph	The recipient can redeem this gift certificate code for a personal Citavi license key.  Find out more in the Citavi manual.	收件人可使用此礼券代码兑换个人 Citavi 许可证密钥。请在 Citavi 手册中了解更多信息。
CitationStyleEditorBusyWarning	Another style is already open in the Citation Style Editor.\r\nPlease save and close the other style before continuing.	引用样式编辑器中已打开另一个样式。\r\n请先保存并关闭其他样式，然后再继续。
PreviewControl_StatusBar_Bookmarks	Bookmarks	书签
KnowledgeItemSortOption_ModifiedBy	Modification date	修改日期
ShortTitleIsNotUnique	This short title is already in use by another reference in this project. Choose a different short title.	此短标题已被本项目中的另一条文献使用。请选择其他短标题。
Outlook_GroupByMode_Description_ThreeWeeksAgo	Three weeks ago	三周前
RepairIntegrity_CategoryCategory_CircularDependence	The category "{0}" (ID: {1}) cannot be its own child. It has been moved to the top level of the category system.	类别"{0}"（ID：{1}）不能作为其自身的子类别。它已被移动到类别系统的顶层。
WarningBackgroundTasksFaultedCloseProject_ForceClose	force closing the project. This could cause information to be lost.	强制关闭项目。这可能导致信息丢失。
DeleteCategoriesWithChildCategories	Do you want to delete the selected categories?\r\n\r\nWarning: At least one category contains subcategories that will also be deleted.	是否删除所选类别？\r\n\r\n警告：至少有一个类别包含子类别，这些子类别也将被删除。
ElectronicAddressInfo_Empty_LocationLabel	Electronic: unknown	电子：未知
OptionsDialog_mainTabControl_OpenUrl	RSS / OpenUrl	RSS / OpenUrl
CampusLicenseExpiryWarningMessage	<span style="font-weight:bold">Important: Your Citavi license is about to expire</span>\r\n\r\nIf your organization has renewed its site license, enter the new license key you received by email. If you didn’t receive the new license key, just <a href="http://www.citavi.com/campuslizenzen">request a new one</a> on our website.\r\nIf you have left the organization (or if the site license was not renewed), <a href="http://www.citavi.com/shop">you can purchase your own license key</a>.\r\n\r\nRemind me again:	<span style="font-weight:bold">重要提示：您的 Citavi 许可证即将到期</span>\r\n\r\n如果您的机构已续订站点许可证，请输入您通过电子邮件收到的新许可证密钥。如果您没有收到新的许可证密钥，只需在我们的网站上<a href="http://www.citavi.com/campuslizenzen">申请新的密钥</a>。\r\n如果您已离开该机构（或站点许可证未续订），<a href="http://www.citavi.com/shop">您可以购买自己的许可证密钥</a>。\r\n\r\n再次提醒我：
DeletePublisherFromForm	Do you want to delete this publisher?	是否删除此出版商？
DeleteLibrariesInUse_Smart	Warning: {0:The library "{1}"|At least one of the {0} selected libraries} has locations connected to it. If you delete {0:the library "{1}", it|the {0} selected libraries, they} will be permanently removed from all locations that use it. Do you want to delete {0:the library "{1}"|the {0} selected libraries} anyway?	
LicenseTextProductID	The Product ID is not the same thing as the license key. To unlock Citavi for Windows on another computer, use the license key in the license email you received. Include the first five digits of the Product ID when you write Citavi techical support to verify that you use Citavi for Windows so that you can receive preferred support.	产品 ID 与许可证密钥不是一回事。要在另一台计算机上解锁 Windows 版 Citavi，请使用您收到的许可证邮件中的许可证密钥。在联系 Citavi 技术支持时，请附上产品 ID 的前五位数字，以证明确实使用 Windows 版 Citavi，从而获得优先支持。
DBServerLicense_PerSeatDoesNotAllowWindowsGroups	"Per seat" licenses do not allow Windows groups as database users.	"按席位"许可证不允许将 Windows 组作为数据库用户。
ConvertProjectProgressText_C2_Auto	Citavi is converting your projects for use with this version of Citavi. The original projects in Citavi 2 format have been retained.\r\n\r\nNow converting: {0}	Citavi 正在转换您的项目以用于此版本的 Citavi。Citavi 2 格式的原始项目已保留。\r\n\r\n正在转换：{0}
Citavi4ProUpgradeCitavi3Pro	Citavi 4 Pro (Upgrade Citavi 3 Pro)	Citavi 4 Pro（升级 Citavi 3 Pro）
DeletePeriodicalOption	Delete periodical.	删除期刊。
RepairIntegrity_KnowledgeItemReference_OrphanedReference	{0} quotations were assigned to a reference that does not exist any more. Citavi has created a new reference with the short title "!!Citavi Project Repair" and assigned the quotations to it.	{0} 条引文被分配到一条已不存在的文献。Citavi 已创建一条短标题为"!!Citavi Project Repair"的新文献，并将这些引文分配到其中。
NoLicense	No license	无许可证
Backup_UnknownError	An unknown error occurred while saving.	保存时发生未知错误。
MicrosoftWord	Microsoft Word	Microsoft Word
LookingForPlaceholdersInBodyText	Searching for placeholders in body text	正在正文中搜索占位符
CitaviForDbServer	Citavi for DBServer	Citavi for DBServer
DeletePdfLink	What do you want to delete?	您要删除什么？
CRM_Email_CampusContractExtensionInfoMail_first_paragraph	The site license that you purchased for your employees and students has been renewed. All Citavi users will receive an email informing them of the next steps to take.	您为员工和学生购买的站点许可证已续订。所有 Citavi 用户都将收到一封电子邮件,告知他们接下来要采取的步骤。
UltraGrid_GroupByBoxPrompt	Drag column headers here to group by fields.	将列标题拖到此处以按字段分组。
CRM_Email_AccountCreatedViaProcessOrderMailBilling_subject	Your Citavi license key	您的 Citavi 许可证密钥
CreateBackupCancelled	You have canceled the process. No backup was created.	您已取消该过程。未创建备份。
CancelAll	Cancel all	全部取消
DragOnNoCategoriesNode	You dragged one or more items to "No categories". Do you want to remove the categories currently assigned to these items?	您将一个或多个项目拖到了"无类别"。是否移除这些项目当前已分配的类别？
TemplateUseCaseNameLocalized_Contribution_SpecialIssue	Contribution in a special issue	特刊中的章节
WhichReferencesDoYouWantToEdit	Which references do you want to edit?	您要编辑哪些文献？
InsertPlaceholderWriterNotRunning	This command inserts a placeholder or quotation into an open Writer document. Citavi could not find an open document. Do you want to start Writer now?	此命令会将占位符或引文插入打开的 Writer 文档。Citavi 找不到打开的文档。是否立即启动 Writer？
LocalToDbServerCopyHelper_CreatingNewIds	Creating new IDs…	正在创建新 ID…
ReferenceTypeInvalidChildrenExceptionSingleCase	This reference of type "{0}" contains child references. The selected reference type "{1}" cannot contain child references.	类型为"{0}"的此文献包含子文献。所选的文献类型"{1}"不能包含子文献。
OrderByEMailBodyText	{2}\r\n\r\n\r\n----------------------------------------------------\r\n\r\n{0}\r\nISBN: {1}\r\n\r\n----------------------------------------------------\r\nThis email was generated automatically with:\r\nCitavi – Reference Management and Knowledge Organization \r\nhttp://www.citavi.com	{2}\r\n\r\n\r\n----------------------------------------------------\r\n\r\n{0}\r\nISBN：{1}\r\n\r\n----------------------------------------------------\r\n此邮件由以下程序自动生成：\r\nCitavi – 文献管理与知识组织\r\nhttp://www.citavi.com
SearchForm_SearchButtonCaption	Search	搜索
AllowOffline	The Citavi Project is temporarily unavailable. Your computer is likely not connected to the network or the Citavi project was deleted.\r\nAn offline copy of this project is saved on your computer.\r\nHow do you want to proceed?	Citavi 项目暂时不可用。您的计算机可能未连接到网络，或者该 Citavi 项目已被删除。\r\n此项目的离线副本已保存在您的计算机上。\r\n您希望如何继续？
CopyOrMoveFileAttachmentTask_ShortName	Copy or move attachment	复制或移动附件
OptionsDialog_CitationKey_Overwrite	Generate citation keys for all references (existing citation keys will be overwritten)	为所有文献生成引用键（现有引用键将被覆盖）
UserDataFolderSelection_RootDirectoryWarning	"{0}" is the top level of a drive. We recommend that you instead use a folder to contain your Citavi user data. Do you want Citavi to create it for you?	"{0}"是驱动器的顶层。我们建议您改用文件夹来存放 Citavi 用户数据。是否让 Citavi 为您创建它？
MergeLibraries_DragDropMessage_Multi	Do you want to merge the selected {1} libraries into "{0}"?	是否将所选的 {1} 个库合并到"{0}"？
RepairIntegrity_Reference_SeriesTitleNonExistent	{0} relationships between references and series were removed because the series no longer exists.	由于丛书已不存在，文献与丛书之间的 {0} 个关系已被移除。
ClipboardContainsNoText	The Clipboard does not contain any text	剪贴板中不包含任何文本
DeleteReferenceTaskFromForm	Do you want to delete this task?	是否删除此任务？
BibliographyCompositionEditorRowToolTip_ShowCompleteText	Complete text	全文
UserDataFolderSelection_InvalidUncDrive	The path of the folder for user files contains characters that are not allowed.\r\nIf you are using Citavi in Parallels Desktop for Mac, make sure you are using Parallels 6 or later.	用户文件文件夹的路径包含不允许的字符。\r\n如果您在 Mac 的 Parallels Desktop 中使用 Citavi，请确保使用 Parallels 6 或更高版本。
UpdateInstallationNoPermissionXP	{\\rtf1\\ansi\\ansicpg1252\\deff0\\deflang2055\\deflangfe2055{\\fonttbl{\\f0\\fswiss\\fprq2\\fcharset0 Arial;}}\r\n{\\*\\generator Msftedit 5.41.21.2508;}\\viewkind4\\uc1\\pard\\nowidctlpar\\ul\\b\\f0\\fs20 Installation Note\\ulnone\\b0\\par\r\n\\par\r\nYou \\lang1033 are not authorized to install program updates on this computer.\\lang2055  \\lang1033 Sign in using an administrator account or ask your system administrator to install the update.\\lang2055\\par\r\n}\r\n 	{\rtf1\ansi\ansicpg1252\deff0\deflang2055\deflangfe2055{\fonttbl{\f0\fswiss\fprq2\fcharset0 Arial;}}\r\n{\*\generator Msftedit 5.41.21.2508;}\viewkind4\uc1\pard\nowidctlpar\ul\b\f0\fs20 安装说明\ulnone\b0\par\r\n\par\r\n您 \lang1033 无权在这台计算机上安装程序更新。\lang2055  \lang1033 请使用管理员帐户登录，或请您的系统管理员安装该更新。\lang2055\par\r\n}\r\n 
ImportWizard_Title_23_Bibmilgraphy	Select the databases you want to search:	选择要搜索的数据库：
CitationStyleChange	Browse citation styles	浏览引文样式
DeleteKeywordsInUse_Smart	Warning: {0:The keyword "{1}" is|At least one of the {0} selected keywords is currently} in use. If you delete the {0:keyword, it|keywords, they} will be permanently removed from all references and knowledge items that use it.\r\n\r\nDo you want to delete the {0:keyword "{1}"|{0} selected keywords} anyway?	
CRM_Email_ProjectRoleChanged_subject	Your cloud project role has changed	您的云端项目角色已更改
ImportWizard_Title_9	Select the file to import:	选择要导入的文件：
ImportWizard_Title_8	What format are the bibliographic entries in?	书目条目的格式是什么？
ImportWizard_Title_3	Set the order of first and last names	设置名字和姓氏的顺序
ImportWizard_Title_2	Select the character encoding:	选择字符编码：
ImportWizard_Title_1	Select the data or file to import:	选择要导入的数据或文件：
ImportWizard_Title_0	What is the source of the data you want to import?	您要导入的数据来源是什么？
ImportWizard_Title_7	Replace imported BibTeX keys?	替换导入的 BibTeX 键？
ImportWizard_Title_6	Which short title do you want to use?	您要使用哪个短标题？
ImportWizard_Title_5	EndNote–Citavi field mapping	EndNote–Citavi 字段映射
ImportWizard_Title_4	Select the file to import:	选择要导入的文件：
CampusLicenseExpiryShowAlways	The next time I start Citavi	下次我启动 Citavi 时
FileKnowledgeItemCantBeDisplayedInPreview	This image or file quotation cannot be displayed in the preview.	此图像或文件引文无法在预览中显示。
AllowUnlimitedReaders	Unlimited number of readers	阅读者数量不受限制
CannotUploadToCloudDueToInconsistencies	This project contains inconsistencies that are not allowed in cloud projects. With read-only acess, you cannot repair the inconsistencies. As a results, you cannot upload the project to the cloud.\r\n\r\nPlease ask a colleague with editing provileges to upload the project for you.	此项目包含云端项目不允许的不一致之处。以只读访问权限，您无法修复这些不一致。因此，您无法将项目上传到云端。\r\n\r\n请让具有编辑权限的同事为您上传项目。
ImportWizard_pdfImportSingleFileRadioButton	Single file:	单个文件：
CitationStyle_Name	Name	名称
Alphabetic	Alphabetically	按字母顺序
TransformerCannotOverrideBuiltIn	This name cannot be used because it is reserved for one of the built-in export definitions.	无法使用此名称，因为它已保留给某个内置导出定义。
PleaseProvideAtLeastOnePropertyForDuplicateSearch	Specify at least one property to search by.	请至少指定一个用于搜索的属性。
Search_PlaceholderText	Search	搜索
UserDataFolderSelection_CannotCreateSpecifiedFolder	The folder for Citavi user data "{0}" could not be created. Please select a different location.	无法创建 Citavi 用户数据文件夹"{0}"。请选择其他位置。
CannotDeletedSavedSearchSinceItIsInUseByBibliographyGrouping	You cannot delete this saved search since it is being used by the bibliography grouping "{0}" in section "{1}".	无法删除此已保存的搜索，因为它正被"{1}"章节中的参考文献目录分组"{0}"使用。
ImportExportWizardUseLiteRatShortTitle	Use existing LiteRat short titles	使用现有的 LiteRat 短标题
MergeAs	Merge to	合并到
CRM_Email_CloudSpaceWarning_first_paragraph	You can currently save up to ##description GB in the Citavi Cloud. This amount is now ##text percent full. We recommend deleting attachments you no longer need or purchasing more space.	您当前可以在 Citavi 云端保存最多 ##description GB。此容量现已使用 ##text%。我们建议删除不再需要的附件或购买更多空间。
CitaviSettingsExportOK	The settings were exported successfully.	设置已成功导出。
DeleteUnusedItems_Categories	Categories ({0})	类别（{0}）
ImportWizardDialogUseLiteRatShortTitle	Use existing LiteRat short titles	使用现有的 LiteRat 短标题
PdfExport_OverwriteOption	Replace file(s)	替换文件
RepairIntegrity_ReferenceReference_ParentReferenceNull	{0} links between references were removed because the link to the parent reference was empty.	由于指向父文献的链接为空，文献之间的 {0} 个链接已被移除。
RepairIntegrity_ReferenceCollaborator_ReferenceNull	{0} links between references and collaborators were removed because the link to the reference was empty.	由于指向文献的链接为空，文献与协作者之间的 {0} 个链接已被移除。
BackupFolderPath_SelectedPathIsInvalid	The selected folder path is not valid. Select a different folder.	所选文件夹路径无效。请选择其他文件夹。
SqlServerInfo_SchemaMissing	The "Schema" part (project name) of the connection string is missing.	连接字符串中缺少"Schema"（项目名称）部分。
ResumeLabel1SearchAtBeginning	The end of the list has been reached. No references with blue labels were found. Do you want to continue searching from the beginning of the list?	已到达列表末尾。未找到带蓝色标签的文献。是否从列表开头继续搜索？
SearchReplace_FormatsWarning_ReplaceAll_Omit	Don't replace in formatted fields	不在格式化字段中替换
NewCategory	New category	新建类别
NoTemplateFoundForThisReferenceType	[Cannot display reference "{1}": No template found for the reference type "{0}".]	[无法显示文献"{1}"：未找到文献类型"{0}"的模板。]
CRM_Email_OrderProcessBilling_Business_first_paragraph	Here's how you can get everything set up:\r\n\r\n<b>Step 1 – Assign licenses</b>\r\nIf you haven't done so already, log in to your Citavi account at www.citavi.com/login. Assign each license to a user at your organization. Users without a Citavi account will receive an email asking them to create one.\r\n\r\n<b>Step 2 – Install Citavi 6</b>\r\nIf you haven't done so already, install Citavi 6 on the users' computers. Download the Setup file and MSI Setup at www.citavi.com/download\r\nPlease read the following upgrade information: www.citavi.com/c6upgrade\r\n\r\n<b>Step 3 – Have your users log in to Citavi 6</b>\r\nAfter they start Citavi, users will be asked to log in to Citavi Account. They should enter their email addresses and passwords. If they have trouble, please have them use our login tips: www.citavi.com/login-hints\r\n\r\nCitavi 6 will automatically pull the license information from the account.\r\n\r\nIf you run into any trouble, please get in touch:\r\nwww.citavi.com/ticket	以下是完成全部设置的方法：\r\n\r\n<b>第 1 步 – 分配许可证</b>\r\n如果您尚未这样做，请在 www.citavi.com/login 登录您的 Citavi 帐户。将每个许可证分配给贵机构的一名用户。没有 Citavi 帐户的用户将收到一封要求其创建帐户的电子邮件。\r\n\r\n<b>第 2 步 – 安装 Citavi 6</b>\r\n如果您尚未这样做，请在用户的计算机上安装 Citavi 6。在 www.citavi.com/download 下载安装程序和 MSI 安装程序\r\n请阅读以下升级信息：www.citavi.com/c6upgrade\r\n\r\n<b>第 3 步 – 让您的用户登录 Citavi 6</b>\r\n启动 Citavi 后，系统会要求用户登录 Citavi 帐户。他们应输入自己的电子邮件地址和密码。如果他们遇到问题，请让他们使用我们的登录提示：www.citavi.com/login-hints\r\n\r\nCitavi 6 将自动从帐户中提取许可证信息。\r\n\r\n如果您遇到任何问题，请联系我们：\r\nwww.citavi.com/ticket
DesktopAlert_ReconnectedToCloud_Caption	Connection restored	连接已恢复
OpenInAssociatedExe	Open in {0}	在 {0} 中打开
StatusBarNumberOfTasksFiltered_Smart	{0:1 task|{0} tasks} shown	
SortByType_ReferenceEditor	Quotations by reference as sorted in the Reference Editor, then thoughts by modification date	按文献编辑器中的排序方式排列的文献引文，然后按修改日期排列的想法
ImportSettingHelpContext_SearchField_Year	y:| "2008" finds references published in the year 2008.	
DeleteCategories	Do you want to delete the selected categories?	是否删除所选类别？
CitationStyle_AddFailed	An unknown error occurred while adding the citation style.	添加引用样式时发生未知错误。
ImportFormIsLocked	List and menu are currently disabled. Wait until the import is finished.	列表和菜单当前已禁用。请等待导入完成。
SaveFileAs_Error	{0} file(s) were successfully saved.\r\n{1} file(s) could not be found.\r\nErrors occurred with {2} file(s).\r\n\r\nDo you want to open the log?	已成功保存 {0} 个文件。\r\n找不到 {1} 个文件。\r\n{2} 个文件发生错误。\r\n\r\n是否打开日志？
TransformerOverride	There is already an export definition named "{0}". Do you want to replace it?	已存在名为"{0}"的导出定义。是否替换它？
CloudSpaceExceededTitle	Limit exceeded	超出限制
KeyItemPersonFormatTypeAll	All persons	所有人
FindLicensedDatabases_AddCredentials	Add login credentials…	添加登录凭据…
QuestionTracingActivatedSendSessionId	Citavi will now start creating an activity log. Logging will stop automatically when you close Citavi. To let you know what we find, we will need your email address and the error log number (session ID). Thank you!	Citavi 现在将开始创建活动日志。当您关闭 Citavi 时，日志记录将自动停止。为便于告知您我们的发现，我们需要您的电子邮件地址和错误日志编号（会话 ID）。谢谢！
ReExtractSuccessFullLocations	Do you really want to extract text from the {0:already processed file|the {0} already processed files}?	
ProjectPermissions_FilePermission_FileReadOnly	The project file has the "Read-only" attribute set. You cannot make changes to the project.	该项目文件设置了"只读"属性。您无法对项目进行更改。
DuplicatePublisherException	A publisher with the same name already exists in this list or  project.	此列表或项目中已存在同名出版商。
LookupFullText_NotFound	No full text was found.	未找到全文。
PleaseProvideUserNameForSingleUserLicenses	Enter the user name	输入用户名
MergeSeriesTitleOption	Merge the edited series with the existing series "{0}" 	将编辑后的丛书与现有丛书"{0}"合并 
ImportWizard_customTransformerSaveYesRadioButton	Save as: 	另存为： 
SyncFolderWarning	The selected project appears to be saved in a folder synchronized by  {1}. For <a href="http://www.citavi.com/{0}">technical reasons</a>  we do not recommend using {1} to synchronize Citavi projects.\r\n\r\nDo you want to open the project anyway?	所选项目似乎保存在由 {1} 同步的文件夹中。出于<a href="http://www.citavi.com/{0}">技术原因</a>，我们不建议使用 {1} 同步 Citavi 项目。\r\n\r\n是否仍要打开该项目？
CRM_Email_AccountCreatedViaProcessOrderMailBilling_Home_first_paragraph	Here's how you can get everything set up:\r\n\r\n<b>Step 1 – Create an account</b>\r\nCreate a password you can use to log in to your account.\r\nClick the blue button:	以下是完成全部设置的方法：\r\n\r\n<b>第 1 步 – 创建帐户</b>\r\n创建一个可用于登录您帐户的密码。\r\n单击蓝色按钮：
Sigel_Grieb	Grieb	Grieb
SqlServerInfo_DataSourceMissing	The "Data source" part of the connection string is missing.	连接字符串中缺少"数据源"部分。
SaveForbiddenMessageBox_KeepLocalChanges	Keep local changes for now in case you are assigned editing privileges again later.	暂时保留本地更改，以防以后再次被分配编辑权限。
CRM_Email_ConfirmEmailAddressCampusContractLicenseMail_first_paragraph	To update your Citavi Account, you need to confirm your email address. To do so, click the blue button:	要更新您的 Citavi 帐户，您需要确认电子邮件地址。为此，请单击蓝色按钮：
RepairIntegrity_UserMessage_FileReadOnlyForUnknownReason	Data inconsistencies in your project "{0}" are preventing Citavi from loading correctly. Citavi can try to repair these inconsistencies. However, write permission is currently not allowed for this project.\r\n\r\nPlease try to allow write permission. If necessary, please contact your system administrator or Citavi support for assistance: www.citavi.com/service.	项目"{0}"中的数据不一致导致 Citavi 无法正确加载。Citavi 可以尝试修复这些不一致。但是，当前不允许对此项目进行写入。\r\n\r\n请尝试允许写入权限。如有必要，请联系您的系统管理员或 Citavi 支持人员以获取帮助：www.citavi.com/service。
WrongCalcVersion	This feature requires OpenOffice.org Calc version 2 or later to be installed. Citavi could not find a compatible version of Calc on this computer.\r\n\r\nIf you have OpenOffice.org installed and this error still occurs, refer to <a href="http://www.citavi.com/softlink?linkid=openofficeinstallationnotfound">this support article</a> on our website.	此功能需要安装 OpenOffice.org Calc 2 或更高版本。Citavi 在此计算机上找不到兼容的 Calc 版本。\r\n\r\n如果您已安装 OpenOffice.org 但仍出现此错误，请参阅我们网站上的<a href="http://www.citavi.com/softlink?linkid=openofficeinstallationnotfound">此支持文章</a>。
RemoveGroupFromSelectedKnowledgeItems	Do you want to remove {1:the selected knowledge item|the {1} selected knowledge items} from the group "{0}"?	
YouNeedToCloseAllProjectsToOpenThisProject	You are currently connected to another DBServer database. First, close all projects. Then, change the DBServer connection.	您当前已连接到另一个 DBServer 数据库。请先关闭所有项目，然后更改 DBServer 连接。
SQLServerSecurity_SSU	SQL Server	SQL Server
RepairIntegrity_ReferenceEditor_ReferenceNull	{0} links between references and editors were removed because the link to the reference was empty.	由于指向文献的链接为空，文献与编者之间的 {0} 个链接已被移除。
RenameFile_FileSuccess_Repetition	[Success]             The file "{0}" of the reference "{1}" was not renamed because it was already renamed by another location.	[成功]             未重命名文献"{1}"的文件"{0}"，因为它已被其他位置重命名。
AnyField	All fields	所有字段
AnnotationOnRemotePdfWarning_SaveLocalCopyFinished	The local copy was successfully created and is displayed here. You can now begin annotating the document.	本地副本已成功创建并显示在此处。您现在可以开始标注文档。
CRM_Email_CloudSpaceWarning_button	Open Citavi Space overview	打开 Citavi Space 概览
StatusBarClearFilterButton	Cancel selection	取消选择
SaveThumbnail	The original file for this image could not be found. Do you want to save the thumbnail stored in the project file instead?\r\n\r\nNote: The thumbnail image is of significantly lower quality (resolution) than the original file.	找不到此图像的原始文件。是否改为保存项目文件中存储的缩略图？\r\n\r\n注意：缩略图的质量（分辨率）远低于原始文件。
ElectronicAddressInfo_UnknownDriveType_LocationLabel	Electronic: unknown drive	电子版：未知驱动器
NoOutlineLevelsInThisWriterDocument	This Writer document does not contain an outline from which categories could be imported.	此 Writer 文档不包含可从中导入类别的纲要。
OnlineCredentialCheckOK	Login successful.	登录成功。
ConvertC4ProjectProgressText	Citavi is converting your project for use with this version of Citavi. The original project in Citavi 4 format has been retained.	Citavi 正在转换您的项目以用于此版本的 Citavi。Citavi 4 格式的原始项目已保留。
TaskItemDisplayName	{0} (@{1}, finish by: {2})	{0}（@{1}，截止：{2}）
OnlineSearchYearNotSupported	This database does not support restricting a search by years.	此数据库不支持按年份限制搜索。
BibliographyGroupingSet_Import_Replace	Replace the definition "{0}"	替换定义"{0}"
DuplicateKeywordInfoCancel	This keyword already exists. Enter a different keyword or cancel.	此关键词已存在。请输入其他关键词或取消。
NotAValidArxivId	This is not a valid arXiv ID.	这不是有效的 arXiv ID。
OnlineCredentialCheckNotOK	Login failed.	登录失败。
SqlServerInfo_NoPermissionToOpenProject	You do not have the necessary rights to open the DBServer project "{0}". Please contact the project owner or your system administrator.	您没有打开 DBServer 项目"{0}"所需的权限。请联系项目所有者或您的系统管理员。
CRM_Email_UserRemovedFromProject_subject	You are no longer a member of the project ##projectname	您已不再是项目 ##projectname 的成员
ProjectInvitationSentOk	The invitation was sent to the {0:selected team member|the {0} selected team members}.	
LiteRatParentCategoryName	Subject areas from LiteRat database {0}, {1}	来自 LiteRat 数据库 {0} 的主题领域，{1}
ReGenerateBibTeXKey	Update BibTeX key	更新 BibTeX 键
UserDataFolderSelection_SpecifiedFolderContainsDataFromNewerCitaviVersion	The specified folder already contains data from a later version of Citavi. Using the same folder for user files from two different versions of Citavi can lead to unpredictable behavior.\r\n\r\nIf you are sure that you will no longer use the later version of Citavi, you can use this folder for the current Citavi installation. Otherwise we recommend that you cancel.\r\n\r\nDo you want to proceed?	指定的文件夹已包含更高版本 Citavi 的数据。将两个不同版本 Citavi 的用户文件放在同一文件夹中可能导致不可预测的行为。\r\n\r\n如果您确定不再使用更高版本的 Citavi，可以将此文件夹用于当前的 Citavi 安装。否则我们建议您取消。\r\n\r\n是否继续？
CopyFileToProject_Success_Smart	{0:The file was|{0} files were} successfully copied into the Citavi project.	
RepairCorruptedDatabase_RepairInProjectFolderSuccessful_NoInconsistenciesFound	Citavi was able to repair the project. Try to open the repaired project in Citavi. If you can, verify that you have write permissions to the original project folder, then replace the damaged project file with the repaired project file.\r\n\r\nPlease check your project for any data loss. While Citavi did not detect any errors, it is still possible.\r\n\r\nTo recover lost data, restore from one of the backups Citavi created for you. If necessary, contact Citavi support for assistance: www.citavi.com/service.\r\n\r\nCitavi renamed the damaged project to "{0}". If you are sure the repaired project is correct, delete the damaged project file.	Citavi 成功修复了该项目。请尝试在 Citavi 中打开修复后的项目。如果可以打开，请验证您对原始项目文件夹具有写入权限，然后用修复后的项目文件替换损坏的项目文件。\r\n\r\n请检查项目是否有数据丢失。虽然 Citavi 未检测到任何错误，但仍有可能发生。\r\n\r\n要恢复丢失的数据，请从 Citavi 为您创建的某个备份还原。如有必要，请联系 Citavi 支持人员以获取帮助：www.citavi.com/service。\r\n\r\nCitavi 已将损坏的项目重命名为"{0}"。如果您确定修复后的项目正确，请删除损坏的项目文件。
InPrint	in press	出版中
UserFeedbackByCreatingHighlightInHighlight_Select	Select the already existing highlight	选择已存在的高亮
CitationStyleRequiredFieldMissing	[{0} missing!]	[{0} 缺失！]
UnusedItemsDeletedSuccessfully	The unused entries have been deleted.	未使用的条目已删除。
OptionsDialog_BibTeXKey_Overwrite	Generate BibTeX keys for all references (existing keys will be overwritten)	为所有文献生成 BibTeX 键（现有键将被覆盖）
InvalidCitaviSettingsFile	This is not a valid Citavi settings file.	这不是有效的 Citavi 设置文件。
EditCustomSortingFromServerWarning	This customized sorting is linked to the Citavi server and is automatically updated when modifications are made by the Citavi team. \r\nIf you make changes to it, the sorting will no longer be linked to the server or automatically updated.	此自定义排序与 Citavi 服务器关联，当 Citavi 团队进行修改时会自动更新。\r\n如果您对它进行更改，该排序将不再与服务器关联，也不会自动更新。
TemplateUseCaseNameLocalized_StatuteOrRegulation_BookEdited	Statute or regulation in edited book	编著中的法规或条例
CRM_Email_OrderProcessBilling_Business_subject	Welcome to Citavi 6!	欢迎使用 Citavi 6！
RepairIntegrity_Person_DuplicateCombinationOfNameParts	Duplicate entries were found for the following person: \r\nLast name: {0}\r\nFirst name: {1}\r\nMiddle names: {2}\r\nPrefix: {3}\r\nSuffix: {4}	为以下人员找到了重复条目：\r\n姓氏：{0}\r\n名字：{1}\r\n中间名：{2}\r\n前缀：{3}\r\n后缀：{4}
CoreStatementAsDateTimeAscending	By date found in the core statement, oldest first	按核心陈述中的日期，最早优先
Clipboard	Clipboard	剪贴板
ElectronicAddressInfo_Removable_LocationPrefix	[USB]	[USB]
ImportProgressStatusChangedCaption_Locations	LiteRat import in progress: Assigning locations to the imported references…	LiteRat 导入进行中：正在为导入的文献分配馆藏地点…
AddressInfo_LocationTypeLibrary_LocationLabel_withLibrary	Library {0}	库 {0}
CRM_Email_CloudSpaceExceeded_button	Open Citavi Space overview	打开 Citavi Space 概览
HighContrastModeChanged	You must restart Citavi for changes to projector mode to take effect.	您必须重启 Citavi，投影仪模式的更改才会生效。
CitationKeyDialog_GenerateKey_2	How do you want to proceed?	您希望如何继续？
Outlook_GroupByMode_Description_None	(Not specified)	（未指定）
CitaviListControl_ErrorLabelMessage	Internal error while creating the list. Please contact Citavi support for assistance: www.citavi.com/support. \r\nThe internal error message is: 	创建列表时发生内部错误。请联系 Citavi 支持人员以获取帮助：www.citavi.com/support。\r\n内部错误信息为：
FilterLabel1NotFound_ProjectShell	No blue labels found in the current selection.	当前选择中未找到蓝色标签。
ResetBibTeXExport	Do you want to restore the default BibTeX export settings (reference type mapping, field mapping, and other options)?	是否恢复默认的 BibTeX 导出设置（文献类型映射、字段映射及其他选项）？
CitationFormatOption2	Format using option "{0}"	使用选项"{0}"格式化
CitationFormatOption3	Format using option "{0}"	使用选项"{0}"格式化
CitationFormatOption1	Format using option "{0}"	使用选项"{0}"格式化
HelpInformationForm_mainTabControl_AvailableCommands	Available commands	可用命令
StatusBarDueTasksInfo_Smart	{0:1 task|{0} tasks} due	
SyncRefreshText	The data have been updated from another source	数据已从其他来源更新
ProjectInvitationResentOk	The invitation was resent to the {0:selected team member|{0} selected team members}.	
SqlServerInfo_UserMissing	The connection string does not contain any user information.	连接字符串不包含任何用户信息。
SearchReplace_FormatsWarning	The field you want to search and replace in contains formatted text. Replacing will discard <b>all formatting</b>.\r\n\r\nHow do you want to proceed?	您要搜索并替换的字段包含格式化文本。替换将丢弃<b>所有格式</b>。\r\n\r\n您希望如何继续？
OptionsImportProxyConfiguration	Proxy settings	代理设置
SortOrderDateAscending	Oldest first	最早优先
KnowledgeItemSelectionAll_KnowledgeItemsWithNoCategories	Uncategorized knowledge items	未分类的知识条目
MassReferenceIdentifierDownload_Progress	Searching…	正在搜索……
SearchReplace_FormatsWarning_FindNext	Find next	查找下一个
DuplicateReferenceTypeException	A reference type with the same name already exists in this list.	此列表中已存在同名文献类型。
SearchForm_ClosingParenthesesOnly	Enter only ")" characters in this field.	在此字段中仅输入")"字符。
SendReferenceByEMailBodyText_WithAttachments	References from Citavi project "{0}":\r\n{1}\r\n\r\nAttachments:\r\n{2}\r\n\r\nHint:\r\nThe RIS file attached contains the bibliographic information for the reference above. You can import this file into Citavi (see www.citavi.com/ris) or another reference management program.	来自 Citavi 项目"{0}"的文献：\r\n{1}\r\n\r\n附件：\r\n{2}\r\n\r\n提示：\r\n所附的 RIS 文件包含上述文献的书目信息。您可以将此文件导入 Citavi（参见 www.citavi.com/ris）或其他文献管理程序。
OpenCloudProjectNotConnectedToCloudErrorMessage	A connection to the Citavi Cloud could not be established. The project could not be opened.	无法建立与 Citavi 云端的连接。无法打开项目。
CreateCloudProject_ForwardingJob	Sending project creation job to Citavi Cloud…	正在将项目创建作业发送到 Citavi 云端…
ImportWizardTaggedFileClipboard	Use text from the Clipboard	使用剪贴板中的文本
SeriesTitlesLabelCaptionNone	No series	无丛书
LinkedResource_Cover_AttachingPercentage	Attaching … {0}%	正在添加附件 … {0}%
SynchronizingText	Synchronizing …	正在同步 …
SqlServerInfo_ConnectionStringIsEmpty	The connection string is empty.	连接字符串为空。
NewGroupingSet	New grouping	新建分组
DBServerLicenseExpiryWarningMessage2	<span style="font-weight:bold">Warning: Your Citavi license has expired</span>\r\n\r\nYou will not be able to work with Citavi until you have a new license. <a href="https://www.citavi.com/licenses-overview">What that means for you.</a>\r\n\r\nPlease contact your Citavi administrator to renew the Citavi for DBServer license.\r\n\r\n\r\nRemind me again:	<span style="font-weight:bold">警告：您的 Citavi 许可证已过期</span>\r\n\r\n在获得新许可证之前，您将无法使用 Citavi。<a href="https://www.citavi.com/licenses-overview">这对您意味着什么。</a>\r\n\r\n请联系您的 Citavi 管理员以续订 Citavi for DBServer 许可证。\r\n\r\n\r\n再次提醒我：
PerformCommandException	Error occurred when calling {0}	调用 {0} 时发生错误
TransformerHelpContext_ReplacesOneOrNo_2	replaces 0 or 1 characters	替换 0 或 1 个字符
CampusLicenseExpiryWarningAccountMessage2	<span style="font-weight:bold">Warning: Your Citavi license has expired</span>\r\n\r\nIf your organization has renewed its site license, enter the new license key, which can be found in your <a href="https://www.citavi.com/c6prog/account">Citavi Account</a>. \r\nIf you have left the organization (or if the site license was not renewed), <a href="http://www.citavi.com/shop">you can buy your own license key</a>.\r\n\r\n\r\nRemind me again:	<span style="font-weight:bold">警告：您的 Citavi 许可证已过期</span>\r\n\r\n如果您的机构已续订站点许可证，请输入新的许可证密钥，该密钥可在您的 <a href="https://www.citavi.com/c6prog/account">Citavi 帐户</a>中找到。\r\n如果您已离开该机构（或站点许可证未续订），<a href="http://www.citavi.com/shop">您可以购买自己的许可证密钥</a>。\r\n\r\n\r\n再次提醒我：
CitationStyleNewerThanCitaviVersionExceptionMessage	This citation style requires a later version of Citavi than the version you are using.\r\n\r\nThe "{0}" citation style will only work with Citavi {1} or later.\r\n\r\nThe version you are using is Citavi {2}.	此引用样式需要的 Citavi 版本高于您当前使用的版本。\r\n\r\n"{0}"引用样式仅适用于 Citavi {1} 或更高版本。\r\n\r\n您使用的版本是 Citavi {2}。
CRM_Email_Delete_Account	Don't need Citavi anymore? Here's how you can delete your account:\r\nhttps://www.citavi.com/deleting-your-account	不再需要 Citavi？以下是删除您帐户的方法：\r\nhttps://www.citavi.com/deleting-your-account
CRM_Email_CampusContractExtensionVerifyAccount_subject	Citavi: Activate your new license	Citavi：激活您的新许可证
LeaveProjectMsgBox_Description	Do you really want to leave the project '{0}'? The project manager will not be automatically informed.	您确实要离开项目"{0}"吗？项目管理员不会自动收到通知。
ImageSelectionNotSupportedForItem	This item does not support image selection.	此项不支持图像选择。
CRM_Email_AccountMergingCleanup_first_paragraph	Following accounts has been merged and deleted from CRM and Azure B2C, but not from Core DB	以下帐户已合并并从 CRM 和 Azure B2C 中删除，但未从 Core DB 中删除
CopyCitationMessageBibTeX	BibTeX format	BibTeX 格式
ListOutputOptions_allItemsRadioButton	The complete list	完整列表
CRM_Email_PasswordResetRequested_button	Confirm email address	确认电子邮件地址
SaveDialogChanges	Do you want to save changes?	是否要保存更改？
OpenProject_CreateProjectShellFailed	The project was loaded correctly but an error occurred while creating the main Citavi form. Please contact the Citavi Support team: www.citavi.com/support.\r\n\r\nThe internal error message is: {0}	项目已正确加载，但在创建主 Citavi 窗体时发生错误。请联系 Citavi 支持团队：www.citavi.com/support。\r\n\r\n内部错误信息为：{0}
ImportExportWizard_Option_ImportTaggedFile	Text file (RIS, BibTeX, etc.)	文本文件（RIS、BibTeX 等）
GoToTitle	Go to reference	转到文献
ImportWizard_tabularDefinitionFirstLineIsHeaderYesRadioButton	Yes	是
CRM_Email_AccountMergingCleanup_subject	A Citavi account need to be cleaned up after merged	合并后需要清理 Citavi 帐户
KnownProjectHasDueTasks	The project contains tasks that are due soon. Click here to show the task planner for the project.	项目中包含即将到期的任务。单击此处显示该项目的任务计划器。
TheRequestedFunctionIsNotAvailable	The requested feature is not available in this context	所请求的功能在此上下文中不可用
UserDataFolderSelection_SpecifiedFolderDoesNotExist	The selected folder does not exist	所选文件夹不存在
ConvertProjectProgressText_C4_Auto	Citavi is converting your projects for use with this version of Citavi. The original projects in Citavi 4 format have been retained.\r\n\r\nNow converting: {0}	Citavi 正在转换您的项目以用于此版本的 Citavi。Citavi 4 格式的原始项目已保留。\r\n\r\n正在转换：{0}
Backup_Restore	The project '{0}' will be restored from the backup.	项目"{0}"将从备份中恢复。
ImportSourceStatusCaption_ImportSuccess_Smart	{0:1 reference|{0} references} imported successfully.	
CRM_Email_CampusContractExtensionLicensfileExportData_button	Learn more in the Citavi Manual	在 Citavi 手册中了解更多
OptionsImportRetrievalDefinitionIsbn	ISBN download	ISBN 下载
NoCategoriesInThisCitaviProject	The selected Citavi project has no categories, or all categories to be imported already exist in the current project.	所选 Citavi 项目没有类别，或者要导入的所有类别都已在当前项目中存在。
RecycleBinQuestionDeleteSelectedItems	Do you really want to delete the {0:selected item|the {0} selected items}? This action cannot be undone.	
StatusBarNumberOfTasksAll_Smart	{0:1 task|{0} tasks} total	
DeleteCategoryInUse	Warning: The category {0} or one of its subcategories is in use. If you delete the category, it will be permanently removed from all references and knowledge items that use it.\r\n\r\nDo you want to delete the category anyway?	警告：类别 {0} 或其某个子类别正在使用中。如果删除该类别，它将从所有使用它的文献和知识条目中永久移除。\r\n\r\n仍要删除该类别吗？
ProjectPermissions_License_None	This project cannot be opened with your Citavi license. (<a href="http://www.citavi.com/licenserestrictions">Why not?</a>)	此项目无法使用您的 Citavi 许可证打开。（<a href="http://www.citavi.com/licenserestrictions">为什么不能？</a>）
OnlineSearchAttribute_AnyFieldLabel	All fields:	所有字段：
OutOfMemoryException	Your computer's memory is full. We recommend saving the open project and restarting Citavi.\r\nIf this error occurs frequently, please contact Citavi support for assistance: www.citavi.com/service.	您的计算机内存已满。我们建议保存打开的项目并重启 Citavi。\r\n如果此错误频繁出现，请联系 Citavi 支持人员以获取帮助：www.citavi.com/service。
HelpFileUndefinedMissingCitaviHelpFolder	Undefined because the Citavi Quick Help folder is unavailable.	未定义，因为 Citavi 快速帮助文件夹不可用。
ProcessHasBeenCancelled	Canceled.	已取消。
MainForm_NavigationPaneCollapsedGroupAreaText_TaskPlanning	Task Planner Navigation	任务计划器导航
ClearHistorySuccessful	The list of recently opened projects was cleared.	最近打开的项目列表已清除。
UnsavedChangesFoundDescription	The last time you closed Citavi, not all changes could be saved to the cloud. Data will now be recovered.	上次关闭 Citavi 时，并非所有更改都能保存到云端。现在将恢复数据。
CopyFileToProject_FileError	[Error]             An error occurred while copying the file "{0}" of the reference "{1}" . The error message is:\r\n{2}	[错误]             复制文献"{1}"的文件"{0}"时发生错误。错误信息为：\r\n{2}
PerformCommandNotAvailableOrException	The command {0} is not available in the current context or has caused an error.	命令 {0} 在当前上下文中不可用或已导致错误。
RepairCorruptedDatabase_RepairInCustomFolderSuccessful_NoInconsistenciesFound	Citavi was able to repair the project. Try to open the repaired project in Citavi. If you can, verify that you have write permissions to the original project folder, then replace the damaged project file with the repaired project file.\r\n\r\nPlease check your project for any data loss. While Citavi did not detect any errors, it is still possible.\r\n\r\nTo recover lost data, restore from one of the backups Citavi created for you. If necessary, contact Citavi support for assistance: www.citavi.com/service.	Citavi 成功修复了该项目。请尝试在 Citavi 中打开修复后的项目。如果可以打开，请验证您对原始项目文件夹具有写入权限，然后用修复后的项目文件替换损坏的项目文件。\r\n\r\n请检查项目是否有数据丢失。虽然 Citavi 未检测到任何错误，但仍有可能发生。\r\n\r\n要恢复丢失的数据，请从 Citavi 为您创建的某个备份还原。如有必要，请联系 Citavi 支持人员以获取帮助：www.citavi.com/service。
CannotImportListsFromOwnProject	The selection is not valid. This is the project you are currently working on.	该选择无效。这是您当前正在处理的项目。
ChooseReferenceDialog_PlaceholderText	Enter at least two characters to begin searching.	至少输入两个字符以开始搜索。
ElectronicAddressInfo_Empty_LocationPrefix	[Empty]	[空]
SearchForm_NoResults_ProjectShell	No results in the current selection of references.	当前文献选择中没有结果。
DeleteKeywordOption	Delete keyword.	删除关键词。
CRM_Email_OrderProcessBilling_Billomat_Business_first_paragraph	Here's how you can get everything set up:\r\n\r\n<b>Step 1 – Assign licenses</b>\r\nIf you haven't done so already, log in to your Citavi account at www.citavi.com/login. Assign each license to a user at your organization. Users without a Citavi account will receive an email asking them to create one.\r\n\r\n<b>Step 2 – Install Citavi 6</b>\r\nIf you haven't done so already, install Citavi 6 on the users' computers. Download the Setup file and MSI Setup at www.citavi.com/download\r\nPlease read the following upgrade information: www.citavi.com/c6upgrade\r\n\r\n<b>Step 3 – Have your users log in to Citavi 6</b>\r\nAfter they start Citavi, users will be asked to log in to Citavi Account. They should enter their email addresses and passwords. If they have trouble, please have them use our login tips: www.citavi.com/login-hints\r\n\r\nCitavi 6 will automatically pull the license information from the account.\r\n\r\nIf you run into any trouble, please get in touch:\r\nwww.citavi.com/ticket\r\n\r\n##invoicenumber\r\n##customerordernumber	以下是完成全部设置的方法：\r\n\r\n<b>第 1 步 – 分配许可证</b>\r\n如果您尚未这样做，请在 www.citavi.com/login 登录您的 Citavi 帐户。将每个许可证分配给贵机构的一名用户。没有 Citavi 帐户的用户将收到一封要求其创建帐户的电子邮件。\r\n\r\n<b>第 2 步 – 安装 Citavi 6</b>\r\n如果您尚未这样做，请在用户的计算机上安装 Citavi 6。在 www.citavi.com/download 下载安装程序和 MSI 安装程序\r\n请阅读以下升级信息：www.citavi.com/c6upgrade\r\n\r\n<b>第 3 步 – 让您的用户登录 Citavi 6</b>\r\n启动 Citavi 后，系统会要求用户登录 Citavi 帐户。他们应输入自己的电子邮件地址和密码。如果他们遇到问题，请让他们使用我们的登录提示：www.citavi.com/login-hints\r\n\r\nCitavi 6 将自动从帐户中提取许可证信息。\r\n\r\n如果您遇到任何问题，请联系我们：\r\nwww.citavi.com/ticket\r\n\r\n##invoicenumber\r\n##customerordernumber
FileFormatExpection	Incorrect file format	文件格式不正确
DesktopAlertAttachmentCachingStartedText	The download has started. You can check the progress in the background tasks.	下载已开始。您可以在后台任务中查看进度。
MergeCategoriesForbiddenSourceIsAncestorOfTarget	The selected categories cannot be merged. \r\nA parent category cannot be merged with one of its child categories.	无法合并所选类别。\r\n父类别不能与其某个子类别合并。
EditPdfSwitchToTextsPage	Would you like to switch to the "Texts" page to edit the text?	是否切换到"文本"页面以编辑文本？
ChatWindow_Loading	Loading chat …	正在加载聊天 …
HtmlToPdfConversionFailed_NullReferenceException	The webpage could not be saved as a PDF. This error is rare and usually cannot be reproduced. Please try saving the page as a PDF again. If the problem persists, please contact Citavi support for assistance: <a href="http://www.citavi.com/support">www.citavi.com/support</a>	该网页无法保存为 PDF。此错误很少见，通常无法重现。请再次尝试将页面保存为 PDF。如果问题仍然存在，请联系 Citavi 支持人员以获取帮助：<a href="http://www.citavi.com/support">www.citavi.com/support</a>
YearFromInvalid	Year From is not valid	"起始年份"无效
StatusBarNumberOfKnowledgeItemsSelected_Smart	{0:1 knowledge item selected|{0} knowledge items selected}	
MergeKeywordOption	Merge the edited keyword with existing keyword "{0}"	将编辑后的关键词与现有关键词"{0}"合并
NavigationQuickCustomizeMenu_ShowMoreButtons	Show more	显示更多
ConnectionToCitaviServerFailed_OnlineTransformer	Citavi cannot establish communication with the Citavi servers, so additional online search provider definitions cannot be downloaded now. Check your Internet connection or try again later.	Citavi 无法与 Citavi 服务器建立通信，因此现在无法下载额外的在线检索提供商定义。请检查 Internet 连接，或稍后重试。
ExceptionNoContext	(no context)	(无上下文)
WordCommunicationBlocked0x800A175D	Communication with Word failed. The error message is: {0}\r\nFor a solution to this error please read the following <a href="https://support.microsoft.com/en-us/kb/247028">Microsoft Knowledge Base article</a>.	与 Word 的通信失败。错误消息为：{0}\r\n有关此错误的解决方案，请阅读以下<a href="https://support.microsoft.com/en-us/kb/247028">Microsoft 知识库文章</a>。
ProjectFileNotExist	The project cannot be saved because the project "{0}" is no longer available. The connection to the storage location (network drive, USB flash drive, etc.) was probably lost.\r\n\r\nPlease re-establish the connection and try again.	无法保存项目，因为项目"{0}"已不再可用。与存储位置(网络驱动器、U 盘等)的连接可能已断开。\r\n\r\n请重新建立连接，然后重试。
PdfExport_ReadOnlyFile	You cannot export to the file "{0}" because the file is read-only.	无法导出到文件"{0}"，因为该文件为只读。
PdfPermissions_None	No permissions were assigned.	未分配任何权限。
MergeGroups_DragDropMessage	Do you want to merge the group "{1}" into "{0}"?\r\n\r\nAll items currently using "{1}" will have "{0}" assigned.\r\n\r\nThe references and quotations from "{1}" will be merged and the group will be deleted.	是否要将组"{1}"合并到"{0}"中？\r\n\r\n当前使用"{1}"的所有条目都将被分配"{0}"。\r\n\r\n来自"{1}"的参考文献和引文将被合并，该组将被删除。
ImportWizard_CreateNewTransformer	Create new import filter	新建导入过滤器
CRM_Email_CampusContractExtensionLicensfilePublicInstall_button	Go to the manual 	转到手册
QuotationPageRangePlausibility	You entered the page range "{0}" for this quotation, which falls outside of the page range of the source ("{1}").\r\n\r\nIs the page range of this quotation correct?	您为此引文输入的页码范围"{0}"超出了来源的页码范围("{1}")。\r\n\r\n此引文的页码范围是否正确？
ImportWizard_customTransformerSaveNoRadioButton	Don't save	不保存
CRM_Email_AccountCreatedViaProcessOrderMailLicensee_second_paragraph	Create a Citavi account with the email address "##email" to access your license key. To do this, click the blue button:	使用电子邮件地址"##email"创建 Citavi 账户即可访问您的许可证密钥。为此，请点击蓝色按钮：
BackgroundTask_DefaultErrorLabel	Unknown error	未知错误
SelectLocationsDialog_Label2	The reference's files with blue labels	题录中带有蓝色标签的文件
SelectLocationsDialog_Label1	The reference's files with red labels	题录中带有红色标签的文件
CitationStyle_Add_Smart	{0:The citation style "{1}" was|{0} citation styles} added successfully.	
SearchFieldDropDownForm_ColumnHeader_Field	Field	字段
RepairIntegrity_ReferenceReference_ParentReferenceOrphaned	{0} links between references were removed because the parent reference does not exist.	由于父题录不存在，已移除 {0} 个题录之间的链接。
WordCommunicationBlocked0x80010001	Communication with Word failed. The error message is: {0}\r\nFor a solution to this error please read the following <a href="https://support.microsoft.com/en-us/help/247028/a-corrupt-global-template-causes-errors-when-automating-word">article in the Microsoft knowledge base</a>.	与 Word 的通信失败。错误消息为：{0}\r\n有关此错误的解决方案，请阅读<a href="https://support.microsoft.com/en-us/help/247028/a-corrupt-global-template-causes-errors-when-automating-word">Microsoft 知识库中的文章</a>。
RepairIntegrity_Reference_InvalidReferenceType	{0} references are of an invalid reference type. They will be assigned 'Unknown' as reference type instead.	{0} 个题录属于无效的题录类型。它们将被改为分配"未知"作为题录类型。
ImportSettingHelpContext_Location	Location information| is not provided.	
LookupLocations_NothingFound	No new locations were found.	未找到新的馆藏地点。
CategoryTextEditorDropDownForm_UpdateInfo_AddCategory	Press Tab to create category:\r\n{0}	按 Tab 键创建分类：\r\n{0}
AllReferences	All references	所有参考文献
DeleteNotes	Do you want to delete this note?	是否要删除此笔记？
ProxyConfigurationPortMissing	The port number of the proxy server is required. Enter the port number.	必须填写代理服务器的端口号。请输入端口号。
CRM_Email_ConfirmEmailAddressMail_first_paragraph	To finish adding your email address, you'll need to confirm that it belongs to you.	要完成电子邮件地址的添加，您需要确认该地址属于您本人。
UnknownFileFormat	Unknown file format	未知文件格式
SearchForm_OpeningParenthesOnly	Enter only "(" characters in this field.	此字段中只能输入"("字符。
CRM_Email_OrderProcessBilling_Billomat_Home_subject	Welcome to Citavi 6!	欢迎使用 Citavi 6！
ProjectCloudUpload_StartUpload	Uploading project…	正在上传项目…
BackgroundTasksDialog_UnknownError	Unknown error	未知错误
SortKnowledgeItemsByCoreStatementTextCategory	{\\rtf1\\ansi\\ansicpg1252\\deff0\\deflang2055\\deflangfe2055{\\fonttbl{\\f0\\fswiss\\fprq2\\fcharset0 Arial;}}\r\n{\\colortbl ;\\red255\\green136\\blue17;\\red128\\green128\\blue128;}\r\n{\\*\\generator Msftedit 5.41.21.2508;}\\viewkind4\\uc1\\pard\\nowidctlpar\\sa80\\sl264\\slmult1\\cf1\\lang1033\\f0\\fs18 Note: \\cf2 If you apply a new sort order, any manual sort order will be \\cf1 irreversibly lost\\cf2 .\\par\r\n}\r\n 	{\rtf1\ansi\ansicpg1252\deff0\deflang2055\deflangfe2055{\fonttbl{\f0\fswiss\fprq2\fcharset0 Arial;}}\r\n{\colortbl ;\red255\green136\blue17;\red128\green128\blue128;}\r\n{\*\generator Msftedit 5.41.21.2508;}\viewkind4\uc1\pard\nowidctlpar\sa80\sl264\slmult1\cf1\lang1033\f0\fs18 注意： \cf2 如果应用新的排序顺序，任何手动排序顺序都将被 \cf1 不可逆地丢失\cf2 。\par\r\n} 
RepairIntegrity_ReferenceOrganization_PersonNull	{0} links between references and organizations were removed because the link to the organization was empty.	由于指向机构的链接为空，已移除 {0} 个题录与机构之间的链接。
Backup_ProjectFileOpenFailed	The project cannot be saved because it was opened exclusively by another user.	无法保存项目，因为它已被另一位用户以独占方式打开。
DesktopAlert_LostCloudConnection_Text	Citavi is offline. You cannot upload or download any attachments at this time. If you are working in a team, please do not make any changes to categories until you are online again.	Citavi 处于离线状态。此时您无法上传或下载任何附件。如果您正在团队中工作，请在重新联网之前不要对分类做任何更改。
CRM_Email_AccountCreatedViaProcessOrderMailLicensee_button	Create an account	创建账户
DuplicateKeywordException	This keyword already exists in this list or project.	此关键词已存在于该列表或项目中。
DeleteGroup	Do you want to delete the "{0}" group?\r\nPlease note: the references in the group will not be deleted.	是否要删除"{0}"组？\r\n请注意：该组中的题录不会被删除。
CRM_Email_CampusContractExtensionLicensfilePublicInstall_first_paragraph	Your university currently has a site license for Citavi. To use Citavi on public computers, such as in a library or computer lab, you can use the attached license key file for  ##productname to simplify deployment.	您的大学目前拥有 Citavi 站点许可证。要在公共计算机(如图书馆或计算机实验室)上使用 Citavi,您可以使用随附的  ##productname 许可证密钥文件来简化部署。
ReferenceSelection_Category	The references in the selected categories (including child categories)	所选分类(包括子分类)中的题录
ImportProgressStatusChangedCaption_Quotations	LiteRat import in progress: Assigning citations to the imported references…	LiteRat 导入进行中：正在为导入的题录分配引文…
ChatUserLastUser	You're the last one in the chat. If you close the chat window the chat will be deleted. You can save the chat if you want.	您是聊天中的最后一位成员。如果关闭聊天窗口，聊天将被删除。如有需要，您可以保存聊天。
AllCultures	All countries and regions	所有国家和地区
PdfPermissions_Print	Print	打印
StartScreenLicenseKey	License {0}	许可证 {0}
SettingsSavedSuccessfully	Settings saved.	设置已保存。
CRM_Email_ConfirmEmailAddressMailWithSignature_subject	Please confirm your email address	请确认您的电子邮件地址
RepairIntegrity_UserMessage_FileReadOnly	Data inconsistencies in your project "{0}" are preventing Citavi from loading correctly. Citavi can try to repair these inconsistencies. However, the project is currently read-only.\r\n\r\nPlease remove the write protection and reopen the project to start the automatic repair.	项目"{0}"中的数据不一致导致 Citavi 无法正确加载。Citavi 可以尝试修复这些不一致。但该项目当前为只读。\r\n\r\n请移除写保护并重新打开项目，以启动自动修复。
CRM_Email_AccountCreatedViaProcessOrderMailBilling_Home_button	Choose a password	选择密码
RepairIntegrity_SeriesTitleEditor_PersonOrphaned	{0} links between series and editors were removed because the editor does not exist.	由于编者不存在，已移除 {0} 个丛书与编者之间的链接。
CantMoveItemsInTheSameProject	Items cannot be copied within the same project.	无法在同一项目内复制条目。
FindLicensedDatabases_NotFound	No subscribed databases were found.	未找到已订阅的数据库。
WhichReferencesDoYouWantToCopyToTheClipboard	Which references do you want to copy to the Clipboard?	您要将哪些题录复制到剪贴板？
FilterLabel2NotFound_Project	No red labels found in the whole project.	整个项目中未找到红色标签。
StatusBarNumberOfReferencesSelected_Smart	{0:1 reference|{0} references} selected	
IdentifyingMultiplePlaceholderCitations	Identify in-text and footnote references that appear multiple times	识别多次出现的文内引文和脚注引文
FoundIn	Found in:	找到于：
ImportAccounts_IsCitavi2Project	You cannot import team members from the selected project because it is a Citavi 2 project.	无法从所选项目导入团队成员，因为该项目是 Citavi 2 项目。
Sigel_HNI_Json	{\r\n  "AutoUpdate": true,\r\n  "CharsToRemove": [],\r\n  "Name": "HNI",\r\n  "Id": "65076CFE-1598-4C0D-9773-172669BDF372",\r\n  "Items": [\r\n    {\r\n      "ReferenceTypeId": 14,\r\n      "KeyItems": [\r\n        {\r\n          "$type": "SwissAcademic.Citavi.BibTeXCitationKey.PersonKeyItem, SwissAcademic.Citavi",\r\n          "PersonElement1": {\r\n            "FirstNameCharCount": 0,\r\n            "FormatEndIndex": -1,\r\n            "FormatStartIndex": 1,\r\n            "LastNameCharCount": 1,\r\n            "PersonNameFormatType": 0,\r\n            "TextBetweenFirstNameLastName": "",\r\n            "TextBetweenPersons": ""\r\n          },\r\n          "PersonElement2": {\r\n            "FirstNameCharCount": 0,\r\n            "FormatEndIndex": 3,\r\n            "FormatStartIndex": -1,\r\n            "LastNameCharCount": 100,\r\n            "PersonNameFormatType": 0,\r\n            "TextBetweenFirstNameLastName": ". ",\r\n            "TextBetweenPersons": " & "\r\n          },\r\n          "PersonListElement": {\r\n            "AbbreviateAfterPersonIndex": 3,\r\n            "AbbreviateText": "+",\r\n            "MaxPersonCount": 3\r\n          },\r\n          "PersonElementForOnePerson": {\r\n            "FirstNameCharCount": 0,\r\n            "FormatEndIndex": 3,\r\n            "FormatStartIndex": 1,\r\n            "LastNameCharCount": 3,\r\n            "PersonNameFormatType": 0,\r\n            "TextBetweenFirstNameLastName": "",\r\n            "TextBetweenPersons": ""\r\n          },\r\n          "PersonElement1ForTwoPersons": {\r\n            "FirstNameCharCount": 0,\r\n            "FormatEndIndex": -1,\r\n            "FormatStartIndex": 1,\r\n            "LastNameCharCount": 1,\r\n            "PersonNameFormatType": 0,\r\n            "TextBetweenFirstNameLastName": "",\r\n            "TextBetweenPersons": ""\r\n          },\r\n          "PersonElement2ForTwoPersons": {\r\n            "FirstNameCharCount": 0,\r\n            "FormatEndIndex": 3,\r\n            "FormatStartIndex": -1,\r\n            "LastNameCharCount": 100,\r\n            "PersonNameFormatType": 0,\r\n            "TextBetweenFirstNameLastName": ". ",\r\n            "TextBetweenPersons": " & "\r\n          },\r\n          "PersonElement1ForThreePersons": {\r\n            "FirstNameCharCount": 0,\r\n            "FormatEndIndex": -1,\r\n            "FormatStartIndex": 1,\r\n            "LastNameCharCount": 1,\r\n            "PersonNameFormatType": 0,\r\n            "TextBetweenFirstNameLastName": "",\r\n            "TextBetweenPersons": ""\r\n          },\r\n          "PersonElement2ForThreePersons": {\r\n            "FirstNameCharCount": 0,\r\n            "FormatEndIndex": 3,\r\n            "FormatStartIndex": -1,\r\n            "LastNameCharCount": 100,\r\n            "PersonNameFormatType": 0,\r\n            "TextBetweenFirstNameLastName": ". ",\r\n            "TextBetweenPersons": " & "\r\n          },\r\n          "UseDifferentSetsForDifferentNumberOfPersons": true,\r\n          "Lowercase": false,\r\n          "ReferencePropertyId": 108,\r\n          "TextAfter": "",\r\n          "TextBefore": "",\r\n          "Uppercase": false\r\n        },\r\n        {\r\n          "$type": "SwissAcademic.Citavi.BibTeXCitationKey.DateKeyItem, SwissAcademic.Citavi",\r\n          "DateTimePattern": "yy",\r\n          "FormatDate": true,\r\n          "Lowercase": false,\r\n          "ReferencePropertyId": 201,\r\n          "TextAfter": "-ol",\r\n          "TextBefore": "",\r\n          "Uppercase": false\r\n        }\r\n      ]\r\n    },\r\n    {\r\n      "ReferenceTypeId": 0,\r\n      "KeyItems": [\r\n        {\r\n          "$type": "SwissAcademic.Citavi.BibTeXCitationKey.PersonKeyItem, SwissAcademic.Citavi",\r\n          "PersonElement1": {\r\n            "FirstNameCharCount": 0,\r\n            "FormatEndIndex": -1,\r\n            "FormatStartIndex": 1,\r\n            "LastNameCharCount": 1,\r\n            "PersonNameFormatType": 0,\r\n            "TextBetweenFirstNameLastName": "",\r\n            "TextBetweenPersons": ""\r\n          },\r\n          "PersonElement2": {\r\n            "FirstNameCharCount": 0,\r\n            "FormatEndIndex": 3,\r\n            "FormatStartIndex": -1,\r\n            "LastNameCharCount": 1,\r\n            "PersonNameFormatType": 0,\r\n            "TextBetweenFirstNameLastName": "",\r\n            "TextBetweenPersons": ""\r\n          },\r\n          "PersonListElement": {\r\n            "AbbreviateAfterPersonIndex": 3,\r\n            "AbbreviateText": "+",\r\n            "MaxPersonCount": 3\r\n          },\r\n          "PersonElementForOnePerson": {\r\n            "FirstNameCharCount": 0,\r\n            "FormatEndIndex": 1,\r\n            "FormatStartIndex": 1,\r\n            "LastNameCharCount": 3,\r\n            "PersonNameFormatType": 0,\r\n            "TextBetweenFirstNameLastName": "",\r\n            "TextBetweenPersons": ""\r\n          },\r\n          "PersonElement1ForTwoPersons": {\r\n            "FirstNameCharCount": 0,\r\n            "FormatEndIndex": -1,\r\n            "FormatStartIndex": 1,\r\n            "LastNameCharCount": 1,\r\n            "PersonNameFormatType": 0,\r\n            "TextBetweenFirstNameLastName": "",\r\n            "TextBetweenPersons": ""\r\n          },\r\n          "PersonElement2ForTwoPersons": {\r\n            "FirstNameCharCount": 0,\r\n            "FormatEndIndex": 3,\r\n            "FormatStartIndex": -1,\r\n            "LastNameCharCount": 2,\r\n            "PersonNameFormatType": 0,\r\n            "TextBetweenFirstNameLastName": "",\r\n            "TextBetweenPersons": ""\r\n          },\r\n          "PersonElement1ForThreePersons": {\r\n            "FirstNameCharCount": 0,\r\n            "FormatEndIndex": -1,\r\n            "FormatStartIndex": 1,\r\n            "LastNameCharCount": 1,\r\n            "PersonNameFormatType": 0,\r\n            "TextBetweenFirstNameLastName": "",\r\n            "TextBetweenPersons": ""\r\n          },\r\n          "PersonElement2ForThreePersons": {\r\n            "FirstNameCharCount": 0,\r\n            "FormatEndIndex": 3,\r\n            "FormatStartIndex": -1,\r\n            "LastNameCharCount": 1,\r\n            "PersonNameFormatType": 0,\r\n            "TextBetweenFirstNameLastName": "",\r\n            "TextBetweenPersons": ""\r\n          },\r\n          "UseDifferentSetsForDifferentNumberOfPersons": true,\r\n          "Lowercase": false,\r\n          "ReferencePropertyId": 108,\r\n          "TextAfter": "",\r\n          "TextBefore": "",\r\n          "Uppercase": false\r\n        },\r\n        {\r\n          "$type": "SwissAcademic.Citavi.BibTeXCitationKey.DateKeyItem, SwissAcademic.Citavi",\r\n          "DateTimePattern": "yy",\r\n          "FormatDate": true,\r\n          "Lowercase": false,\r\n          "ReferencePropertyId": 201,\r\n          "TextAfter": "",\r\n          "TextBefore": "",\r\n          "Uppercase": false\r\n        }\r\n      ]\r\n    },\r\n    {\r\n      "ReferenceTypeId": 31,\r\n      "KeyItems": [\r\n        {\r\n          "$type": "SwissAcademic.Citavi.BibTeXCitationKey.TextKeyItem, SwissAcademic.Citavi",\r\n          "NumberOfChars": 0,\r\n          "NumberOfWords": 0,\r\n          "TextKeyFormatType": 2,\r\n          "Lowercase": false,\r\n          "ReferencePropertyId": 176,\r\n          "TextAfter": "",\r\n          "TextBefore": "",\r\n          "Uppercase": false\r\n        },\r\n        {\r\n          "$type": "SwissAcademic.Citavi.BibTeXCitationKey.TextKeyItem, SwissAcademic.Citavi",\r\n          "NumberOfChars": 0,\r\n          "NumberOfWords": 0,\r\n          "TextKeyFormatType": 2,\r\n          "Lowercase": false,\r\n          "ReferencePropertyId": 149,\r\n          "TextAfter": "",\r\n          "TextBefore": "",\r\n          "Uppercase": false\r\n        }\r\n      ]\r\n    }\r\n  ],\r\n  "IsBibTeXKey": false,\r\n  "NormalizeKeys": false\r\n}	{\r\n  "AutoUpdate": true,\r\n  "CharsToRemove": [],\r\n  "Name": "HNI",\r\n  "Id": "65076CFE-1598-4C0D-9773-172669BDF372",\r\n  "Items": [\r\n    {\r\n      "ReferenceTypeId": 14,\r\n      "KeyItems": [\r\n        {\r\n          "$type": "SwissAcademic.Citavi.BibTeXCitationKey.PersonKeyItem, SwissAcademic.Citavi",\r\n          "PersonElement1": {\r\n            "FirstNameCharCount": 0,\r\n            "FormatEndIndex": -1,\r\n            "FormatStartIndex": 1,\r\n            "LastNameCharCount": 1,\r\n            "PersonNameFormatType": 0,\r\n            "TextBetweenFirstNameLastName": "",\r\n            "TextBetweenPersons": ""\r\n          },\r\n          "PersonElement2": {\r\n            "FirstNameCharCount": 0,\r\n            "FormatEndIndex": 3,\r\n            "FormatStartIndex": -1,\r\n            "LastNameCharCount": 100,\r\n            "PersonNameFormatType": 0,\r\n            "TextBetweenFirstNameLastName": ". ",\r\n            "TextBetweenPersons": " & "\r\n          },\r\n          "PersonListElement": {\r\n            "AbbreviateAfterPersonIndex": 3,\r\n            "AbbreviateText": "+",\r\n            "MaxPersonCount": 3\r\n          },\r\n          "PersonElementForOnePerson": {\r\n            "FirstNameCharCount": 0,\r\n            "FormatEndIndex": 3,\r\n            "FormatStartIndex": 1,\r\n            "LastNameCharCount": 3,\r\n            "PersonNameFormatType": 0,\r\n            "TextBetweenFirstNameLastName": "",\r\n            "TextBetweenPersons": ""\r\n          },\r\n          "PersonElement1ForTwoPersons": {\r\n            "FirstNameCharCount": 0,\r\n            "FormatEndIndex": -1,\r\n            "FormatStartIndex": 1,\r\n            "LastNameCharCount": 1,\r\n            "PersonNameFormatType": 0,\r\n            "TextBetweenFirstNameLastName": "",\r\n            "TextBetweenPersons": ""\r\n          },\r\n          "PersonElement2ForTwoPersons": {\r\n            "FirstNameCharCount": 0,\r\n            "FormatEndIndex": 3,\r\n            "FormatStartIndex": -1,\r\n            "LastNameCharCount": 100,\r\n            "PersonNameFormatType": 0,\r\n            "TextBetweenFirstNameLastName": ". ",\r\n            "TextBetweenPersons": " & "\r\n          },\r\n          "PersonElement1ForThreePersons": {\r\n            "FirstNameCharCount": 0,\r\n            "FormatEndIndex": -1,\r\n            "FormatStartIndex": 1,\r\n            "LastNameCharCount": 1,\r\n            "PersonNameFormatType": 0,\r\n            "TextBetweenFirstNameLastName": "",\r\n            "TextBetweenPersons": ""\r\n          },\r\n          "PersonElement2ForThreePersons": {\r\n            "FirstNameCharCount": 0,\r\n            "FormatEndIndex": 3,\r\n            "FormatStartIndex": -1,\r\n            "LastNameCharCount": 100,\r\n            "PersonNameFormatType": 0,\r\n            "TextBetweenFirstNameLastName": ". ",\r\n            "TextBetweenPersons": " & "\r\n          },\r\n          "UseDifferentSetsForDifferentNumberOfPersons": true,\r\n          "Lowercase": false,\r\n          "ReferencePropertyId": 108,\r\n          "TextAfter": "",\r\n          "TextBefore": "",\r\n          "Uppercase": false\r\n        },\r\n        {\r\n          "$type": "SwissAcademic.Citavi.BibTeXCitationKey.DateKeyItem, SwissAcademic.Citavi",\r\n          "DateTimePattern": "yy",\r\n          "FormatDate": true,\r\n          "Lowercase": false,\r\n          "ReferencePropertyId": 201,\r\n          "TextAfter": "-ol",\r\n          "TextBefore": "",\r\n          "Uppercase": false\r\n        }\r\n      ]\r\n    },\r\n    {\r\n      "ReferenceTypeId": 0,\r\n      "KeyItems": [\r\n        {\r\n          "$type": "SwissAcademic.Citavi.BibTeXCitationKey.PersonKeyItem, SwissAcademic.Citavi",\r\n          "PersonElement1": {\r\n            "FirstNameCharCount": 0,\r\n            "FormatEndIndex": -1,\r\n            "FormatStartIndex": 1,\r\n            "LastNameCharCount": 1,\r\n            "PersonNameFormatType": 0,\r\n            "TextBetweenFirstNameLastName": "",\r\n            "TextBetweenPersons": ""\r\n          },\r\n          "PersonElement2": {\r\n            "FirstNameCharCount": 0,\r\n            "FormatEndIndex": 3,\r\n            "FormatStartIndex": -1,\r\n            "LastNameCharCount": 1,\r\n            "PersonNameFormatType": 0,\r\n            "TextBetweenFirstNameLastName": "",\r\n            "TextBetweenPersons": ""\r\n          },\r\n          "PersonListElement": {\r\n            "AbbreviateAfterPersonIndex": 3,\r\n            "AbbreviateText": "+",\r\n            "MaxPersonCount": 3\r\n          },\r\n          "PersonElementForOnePerson": {\r\n            "FirstNameCharCount": 0,\r\n            "FormatEndIndex": 1,\r\n            "FormatStartIndex": 1,\r\n            "LastNameCharCount": 3,\r\n            "PersonNameFormatType": 0,\r\n            "TextBetweenFirstNameLastName": "",\r\n            "TextBetweenPersons": ""\r\n          },\r\n          "PersonElement1ForTwoPersons": {\r\n            "FirstNameCharCount": 0,\r\n            "FormatEndIndex": -1,\r\n            "FormatStartIndex": 1,\r\n            "LastNameCharCount": 1,\r\n            "PersonNameFormatType": 0,\r\n            "TextBetweenFirstNameLastName": "",\r\n            "TextBetweenPersons": ""\r\n          },\r\n          "PersonElement2ForTwoPersons": {\r\n            "FirstNameCharCount": 0,\r\n            "FormatEndIndex": 3,\r\n            "FormatStartIndex": -1,\r\n            "LastNameCharCount": 2,\r\n            "PersonNameFormatType": 0,\r\n            "TextBetweenFirstNameLastName": "",\r\n            "TextBetweenPersons": ""\r\n          },\r\n          "PersonElement1ForThreePersons": {\r\n            "FirstNameCharCount": 0,\r\n            "FormatEndIndex": -1,\r\n            "FormatStartIndex": 1,\r\n            "LastNameCharCount": 1,\r\n            "PersonNameFormatType": 0,\r\n            "TextBetweenFirstNameLastName": "",\r\n            "TextBetweenPersons": ""\r\n          },\r\n          "PersonElement2ForThreePersons": {\r\n            "FirstNameCharCount": 0,\r\n            "FormatEndIndex": 3,\r\n            "FormatStartIndex": -1,\r\n            "LastNameCharCount": 1,\r\n            "PersonNameFormatType": 0,\r\n            "TextBetweenFirstNameLastName": "",\r\n            "TextBetweenPersons": ""\r\n          },\r\n          "UseDifferentSetsForDifferentNumberOfPersons": true,\r\n          "Lowercase": false,\r\n          "ReferencePropertyId": 108,\r\n          "TextAfter": "",\r\n          "TextBefore": "",\r\n          "Uppercase": false\r\n        },\r\n        {\r\n          "$type": "SwissAcademic.Citavi.BibTeXCitationKey.DateKeyItem, SwissAcademic.Citavi",\r\n          "DateTimePattern": "yy",\r\n          "FormatDate": true,\r\n          "Lowercase": false,\r\n          "ReferencePropertyId": 201,\r\n          "TextAfter": "",\r\n          "TextBefore": "",\r\n          "Uppercase": false\r\n        }\r\n      ]\r\n    },\r\n    {\r\n      "ReferenceTypeId": 31,\r\n      "KeyItems": [\r\n        {\r\n          "$type": "SwissAcademic.Citavi.BibTeXCitationKey.TextKeyItem, SwissAcademic.Citavi",\r\n          "NumberOfChars": 0,\r\n          "NumberOfWords": 0,\r\n          "TextKeyFormatType": 2,\r\n          "Lowercase": false,\r\n          "ReferencePropertyId": 176,\r\n          "TextAfter": "",\r\n          "TextBefore": "",\r\n          "Uppercase": false\r\n        },\r\n        {\r\n          "$type": "SwissAcademic.Citavi.BibTeXCitationKey.TextKeyItem, SwissAcademic.Citavi",\r\n          "NumberOfChars": 0,\r\n          "NumberOfWords": 0,\r\n          "TextKeyFormatType": 2,\r\n          "Lowercase": false,\r\n          "ReferencePropertyId": 149,\r\n          "TextAfter": "",\r\n          "TextBefore": "",\r\n          "Uppercase": false\r\n        }\r\n      ]\r\n    }\r\n  ],\r\n  "IsBibTeXKey": false,\r\n  "NormalizeKeys": false\r\n}
FirstRow	First Row	第一行
AttachmentsFolderPathIsNotValid	The Attachments folder path is not valid. Check if the variables used are correct on your computer.	附件文件夹路径无效。请检查您计算机上使用的变量是否正确。
QuotationPageRange	Quotation pages	引文页码
ReferenceSelectionSelected_Smart	{0:The selected reference|The {0} selected references}	
DeleteSeriesTitlesInUse_Smart	Warning: {0:The series "{1}"|At least one of the {0} selected series titles} has references connected to it. If you delete {0:the series "{1}", it|the {0} selected series titles, they} will be permanently removed from all references. Do you want to delete {0:the series "{1}"|the {0} selected series titles} anyway?	
DesktopAlertElementCutText	The element is on the Clipboard.	该元素在剪贴板上。
AddUnknownPeriodical	The periodical name "{0}" is new. If it is correct, click OK to add it to the list of periodicals.	期刊名称"{0}"是新名称。如果正确，请点击"确定"将其添加到期刊列表中。
SelectionUnsupportedForPdfLinking	This link is unsupported. Use the snapshot tool to link an image or file quotation to a section in the PDF file. 	不支持此链接。请使用快照工具将图像或文件引文链接到 PDF 文件中的某一部分。 
FilterPersonNotFound_ProjectShell	The person "{0}" ist not assigned to any references in the selection.	人员"{0}"未分配至所选内容中的任何题录。
OrderByOtherEMailBodyTextWithoutISBN	{1}\r\n\r\n----------------------------------------------------\r\n\r\n{0}\r\n\r\n----------------------------------------------------\r\nThis email was generated automatically with:\r\nCitavi – Reference Management and Knowledge Organization\r\nhttp://www.citavi.com	{1}\r\n\r\n----------------------------------------------------\r\n\r\n{0}\r\n\r\n----------------------------------------------------\r\n此电子邮件由以下程序自动生成：\r\nCitavi – 文献管理与知识组织\r\nhttp://www.citavi.com
QuitCitaviShowStartForm	No (show welcome screen)	否（显示欢迎屏幕）
ReferenceSelectionCategory_Smart	The {0:reference|{0} references} in the selected category (excluding child categories)	
BatchRemoveKeywords_NoReferenceHasKeywords	The selected references do not have any keywords to remove.	所选题录没有任何可移除的关键词。
DeleteKnowledgeItemFromForm	Do you want to delete this knowledge item?	是否要删除此知识条目？
CRM_Email_AccountCreatedVerifyEmail_button	Confirm email address	确认电子邮件地址
Outlook_GroupByMode_Description_LastMonth	Last month	上个月
Customized	Custom…	自定义…
SyncRefreshAlwaysButton	Always refresh automatically	始终自动刷新
ThoughtImageFormText	Thought (Image)	想法(图像)
CRM_Email_CampusContractExtensionVerifyAccount_second_paragraph	Then, get your site license:\r\n##renewalEmail\r\n##renewalIP\r\n##renewalVoucher\r\n\r\n##newline\r\nNeed a license for a previous Citavi version? ##helpgetoldversion\r\n##addOn\r\n\r\nClick the blue button to activate your new license:	然后，获取您的站点许可证：\r\n##renewalEmail\r\n##renewalIP\r\n##renewalVoucher\r\n\r\n##newline\r\n需要旧版 Citavi 的许可证？##helpgetoldversion\r\n##addOn\r\n\r\n点击蓝色按钮以激活您的新许可证：
WriterPortableNotRunning	This command inserts a placeholder or a quotation into an open Writer document, but Citavi could not find an open document.	此命令会在打开的 Writer 文档中插入占位符或引文，但 Citavi 找不到打开的文档。
ThumbnailShownNoFileLink	The thumbnail image saved in this project is being displayed. (No file path is saved.)	正在显示保存在该项目中的缩略图。(未保存文件路径。)
Language_it	Italian	意大利语
Language_fr	French	法语
Language_en	English	英语
Language_es	Spanish	西班牙语
Language_de	German	德语
Language_zh	Chinese	中文
Language_ru	Russian	俄语
Language_pt	Portuguese	葡萄牙语
Language_pl	Polish	波兰语
ElectronicAddressInfo_Ram_LocationLabel_short	RAM disk	内存盘
StatusBarOverdueTasksInfo_Smart	{0:1 task|{0} tasks} overdue	
OptionsDialog_BibTeXKey_None	Make no changes	不做任何更改
CitationStyle_OpenFailed	An error occurred while opening the citation style.	打开引文样式时出错。
RemoveCategoryFromSelectedReferences	Do you want to remove the category "{0}" from the selected reference(s)?	是否要从所选题录中移除分类"{0}"？
NoLabel1Found	The search within the list is complete. No further references have blue labels.	列表内的搜索已完成。没有更多题录带有蓝色标签。
CRM_Email_CitaviGiftCard_button	Find out more in the Citavi manual	在 Citavi 手册中了解更多
RepairCorruptedDatabase_SaveFileDialogTitle	Location for the repaired project	修复后项目的位置
ImportNewReferencesFound	{0} new references were found.	找到 {0} 条新题录。
FilterCategoryNotFound_Project	The category "{0}" ist not assigned to any references in the project.	分类"{0}"未分配至项目中的任何题录。
LinkedResource_AttachmentMaxSizeExceeded	File size exceeded	超出文件大小
LazyUpdateOfKnowledgeItemsWithNoCategories	<b>No categories</b> will update as soon as you click a different category. This delay gives you the opportunity to assign multiple categories to knowledge items.	<b>无分类</b>将在您点击其他分类后更新。此延迟让您有机会为知识条目分配多个分类。
DuplicateCitationKey	This citation key is already in use in the current project. Do you want to…	此引文键已在当前项目中使用。您是否要…
CRM_Email_OrderProcessBilling_Billomat_DbServer_first_paragraph	Here's how you can get everything set up:\r\n\r\n<b>Step 1 – Install Citavi for DBServer</b>\r\nSee our checklist for setting up Citavi for DBServer:\r\nwww.citavi.com/dbserver_checklist\r\n\r\n<b>Step 2 – Download the license file</b>\r\nLog in to your Citavi account at www.citavi.com/login. There you can download the Citavi for DBServer license file.\r\n\r\n<b>Step 3 – Apply the license file</b>\r\nStart Citavi DBServer Manager and use it to load the license file in your Citavi database.\r\n\r\nIf you run into any trouble, please get in touch:\r\nwww.citavi.com/ticket\r\n\r\n##invoicenumber\r\n##customerordernumber	以下是如何完成全部设置：\r\n\r\n<b>第 1 步 – 安装 Citavi for DBServer</b>\r\n请参阅我们设置 Citavi for DBServer 的检查清单：\r\nwww.citavi.com/dbserver_checklist\r\n\r\n<b>第 2 步 – 下载许可证文件</b>\r\n在 www.citavi.com/login 登录您的 Citavi 账户。在那里您可以下载 Citavi for DBServer 许可证文件。\r\n\r\n<b>第 3 步 – 应用许可证文件</b>\r\n启动 Citavi DBServer Manager，并使用它在您的 Citavi 数据库中加载许可证文件。\r\n\r\n如果遇到任何问题，请联系我们：\r\nwww.citavi.com/ticket\r\n\r\n##invoicenumber\r\n##customerordernumber
TabStopLeaderType_None	None	无
CRM_Email_OrderProcessLicensee_second_paragraph	Log in to your Citavi account to access your license key. To do so, click the blue button:	登录您的 Citavi 账户以访问您的许可证密钥。为此，请点击蓝色按钮：
SQLiteError_Full_FriendlyText	The project file could not be accessed because the disk is full.	无法访问项目文件，因为磁盘已满。
LookupFullText_ReferenceSelectionAll_Smart	for all references	适用于所有题录
RepairIntegrity_ReferenceEditor_PersonOrphaned	{0} links between references and editors were removed because the editor does not exist.	由于编者不存在，已移除 {0} 个题录与编者之间的链接。
ProgressDialogDefaultCaption	Progress…	进度…
FormattingInTextCitations	Formatting in-text citations	正在设置文内引文格式
UploadFileAttachmentTask_ShortName	Upload attachment	上传附件
CopyCitationMessageText	Text (RTF) format (like in the list)	文本(RTF)格式(与列表中相同)
NumberingTypeFormCaption_Other	(Other) range	（其他）范围
CRM_Email_SubscriptionLicenseReadOnly_first_paragraph	[EN]Lizenz ReadOnly	[EN]Lizenz ReadOnly
DownloadFullText_PreparingDownload	Preparing download …	正在准备下载…
FilterLabel1NotFound_Project	No blue labels found in the whole project.	整个项目中未找到蓝色标签。
NoLabel2Found	The search within the list is complete. No further references have red labels.	列表内的搜索已完成。没有更多题录带有红色标签。
NumberingTypeSmartRepeaterRowCaption_Paragraph	§ 	
CRM_Email_CampusContractExtensionInfoMail_subject	Information for administrators: Your Citavi site license was renewed	管理员信息:您的 Citavi 站点许可证已续订
HelpFileEditButtonCaption	Edit…	编辑…
BibTeXKeyDialog_NoGenerateKey	Do not apply the new template to existing references	不要将新模板应用到现有题录
PdfPermissions_ModifyDocument	Modify document contents	修改文档内容
CRM_Email_CampusVoucherBlockAdded_first_paragraph	Under your Citavi site license, voucher codes are distributed to your users. A file with voucher codes is now available for download in your account.	根据您的 Citavi 站点许可证，兑换码将分发给您的用户。现在您的账户中可以下载包含兑换码的文件。
CRM_Email_CampusContractExtensionVerifyLicense_button	Log in to account	登录帐户
ProjectPermissions_Error_ReadOnly	The project can only be opened as read-only, for unknown reasons. Please contact Citavi support for assistance: www.citavi.com/support.	出于未知原因，该项目只能以只读方式打开。请联系 Citavi 支持以获取帮助：www.citavi.com/support。
DesktopAlert_PdfExportFinished_Footer	Click here to open the log	点击此处打开日志
CopyOrMoveToProjectWizard_CannotCopyToCitavi3Project	You cannot copy to the project "{0}" because it is a Citavi 3 project. Open the project in Citavi 6 first, then copy to the Citavi 6 project.	无法复制到项目"{0}"，因为它是 Citavi 3 项目。请先在 Citavi 6 中打开该项目，然后再复制到 Citavi 6 项目。
RenameFile_FileSuccess_NoChange	[Success]             The file "{0}" of the reference "{1}" was not renamed because its name already matches the short title.	[成功]             文件"{0}"(属于题录"{1}")未被重命名，因为其名称已与短标题匹配。
MessageBox_ConnectionCouldNotBeEstablished	Citavi cannot connect to Citavi Cloud. Please check the server status at <a href="http://status.citavi.com">http://status.citavi.com</a>.	Citavi 无法连接到 Citavi Cloud。请在 <a href="http://status.citavi.com">http://status.citavi.com</a> 查看服务器状态。
UserDataPathSuccessfullyAppended	The path of the folder for user files was successfully entered.	用户文件文件夹的路径已成功输入。
UserQuestionSelectionRemoved	Do you really want to delete the {0:selected element|{0} selected elements}?	
EULA	End User License Agreement	最终用户许可协议
File	File	文件
GoTo	Go to… (Ctrl+E)	转到… (Ctrl+E)
Copy	Copy	复制
Char	Character	字符
Name	Name	名称
Open	Open	打开
LocationFileNotFound	The selected file could not be found. Do you want to save changes anyway?	找不到所选文件。是否仍要保存更改？
ShowPreviewList	Show preview list	显示预览列表
CRM_Email_AccountCreatedViaProcessOrderMailLicensee_first_paragraph	You recently were assigned a license key by your administrator for your email address "##email".	您的管理员最近为您的电子邮件地址"##email"分配了许可证密钥。
ImportProgressStatusChangedCaption_Reviews	LiteRat import in progress: Assigning reviews to the imported references…	LiteRat 导入进行中：正在为导入的题录分配评论…
CRM_Email_ConfirmProjectInvitation_subject	##inviter has invited you to work on a Citavi project	##inviter 邀请您参与一个 Citavi 项目
ClrException	A serious error has occurred which requires Citavi to exit immediately.\r\n\r\nAttempt to save changes in all open projects?	发生了严重错误，Citavi 必须立即退出。\r\n\r\n是否尝试保存所有已打开项目中的更改？
TagDefinitionFavoritesMaximum	You can add up to {0} text filters to your favorites	您最多可以添加 {0} 个文本过滤器到收藏夹
BibliographyCompositionEditorRowToolTip_ShowAllTasks	All tasks	所有任务
CampusLicenseExpiryWarningMessageShowInWeek	In a week	一周内
MergeMultipleItemsWithDragAndDrop	With this option you can merge up to two selected entries.\r\n\r\nIf you want to merge more than two elements, press and hold the Ctrl key and then select the elements that you want to merge. Drag them to the element you want to merge them to.	使用此选项，您最多可以合并两个选中的条目。\r\n\r\n如果要合并两个以上的元素，请按住 Ctrl 键，然后选择要合并的元素。将它们拖动到您要合并到的元素上。
LinkedResourceAttachingError	The attachment could not be added. The internal error message is: {0}	无法添加附件。内部错误消息为：{0}
LinkedResource_Error_LocationLabel_short	Error	错误
PageAbbreviated	p.	页
BuiltInCitationStyleEditWarning	The citation style you want to open is a style provided by Swiss Academic Software.\r\n\r\nYou cannot edit this style, but you can create a copy to work on.\r\n\r\nDo you want to continue?	您要打开的引文样式是由 Swiss Academic Software 提供的样式。\r\n\r\n您无法编辑此样式，但可以创建副本来进行修改。\r\n\r\n是否要继续？
RepairIntegrity_ReferenceOthersInvolved_PersonOrphaned	{0} links between references and others involved were removed because the person does not exist.	由于该人员不存在，已移除 {0} 个题录与其他参与人之间的链接。
ProjectIsReadOnly	Project "{0}" is read-only.	项目"{0}"为只读。
MassReferenceIdentifier_NotFound	[Not found in the selected online resources.]	[在所选在线资源中未找到。]
RepairIntegrity_KnowledgeItemGroup_GroupOrphaned	{0} links between knowledge items and groups were removed because the group does not exist.	由于该组不存在，已移除 {0} 个知识条目与组之间的链接。
StatusBarNumberOfTasksSelected_Smart	{0} selected tasks {0:task|tasks}	
TemplateUseCaseNameLocalized_ArchiveMaterial_None	Archive material	档案材料
SortKnowledgeItemsByReference	{\\rtf1\\ansi\\ansicpg1252\\deff0\\deflang2055\\deflangfe2055{\\fonttbl{\\f0\\fswiss\\fprq2\\fcharset0 Arial;}}\r\n{\\colortbl ;\\red128\\green128\\blue128;}\r\n{\\*\\generator Msftedit 5.41.21.2508;}\\viewkind4\\uc1\\pard\\nowidctlpar\\cf1\\lang1033\\f0\\fs18 Knowledge items will be grouped and sorted according to the criteria selected to the right.\\par\r\n}	{\rtf1\ansi\ansicpg1252\deff0\deflang2055\deflangfe2055{\fonttbl{\f0\fswiss\fprq2\fcharset0 Arial;}}\r\n{\colortbl ;\red128\green128\blue128;}\r\n{\*\generator Msftedit 5.41.21.2508;}\viewkind4\uc1\pard\nowidctlpar\cf1\lang1033\f0\fs18 知识条目将根据右侧选择的条件进行分组和排序。\par\r\n}
NoMatchingPrincipalException	The user was not found.	未找到该用户。
CitationKeyDialog_GenerateAllReferenceComplete	Add missing citation keys	添加缺失的引文键
