StatuteOrRegulation_PageRange	Page range	页码范围
NewsAgencyReport_Authors	Author	作者
Unknown_SpecificField1	Specific field 1	特定字段 1
Unknown_SpecificField2	Specific field 2	特定字段 2
Unknown_SpecificField3	Specific field 3	特定字段 3
Unknown_SpecificField4	Specific field 4	特定字段 4
Unknown_SpecificField5	Specific field 5	特定字段 5
Unknown_SpecificField6	Specific field 6	特定字段 6
Unknown_SpecificField7	Specific field 7	特定字段 7
Book_TitleSupplement	Title supplement	标题补充
Thesis_SpecificField1	Institute	机构
CourtDecision_HelpText	Lorem ipsum dolor sit amet, consectetur adipiscing elit. Duis tortor urna, bibendum eu quam eu, pretium scelerisque lacus. Integer aliquet augue sit amet eros ultricies eleifend. Nullam et leo vel lorem mollis aliquam. Mauris non arcu sit amet elit dignissim dapibus. Sed in aliquam nisi. Fusce congue orci eu quam facilisis, eget venenatis eros viverra. In interdum odio id pharetra placerat. Vestibulum rutrum consectetur viverra. Etiam in laoreet enim. Donec et arcu id velit congue scelerisque eget vitae dui. Etiam vitae urna vel turpis rutrum posuere vel non urna. Donec at venenatis justo. Donec tortor ante, dapibus in pharetra in, vulputate sit amet diam.\r\n\r\nEtiam posuere justo orci, eu congue eros hendrerit quis. Vivamus interdum porttitor velit, ullamcorper suscipit nisl pharetra quis. Pellentesque varius neque quis est hendrerit, eu cursus lectus blandit. Fusce enim est, dictum sit amet fringilla sit amet, vehicula ut felis. Praesent vehicula convallis urna, nec interdum lacus varius in. Phasellus hendrerit sapien augue, feugiat rhoncus lectus feugiat eget. Nulla facilisi. Nullam rutrum dui et enim bibendum tincidunt. Nam odio elit, imperdiet ut cursus et, venenatis nec dui.\r\ninterdum aliquet, enim eros mattis magna, eu vehicula nisl risus ac lorem.	Lorem ipsum dolor sit amet, consectetur adipiscing elit. Duis tortor urna, bibendum eu quam eu, pretium scelerisque lacus. Integer aliquet augue sit amet eros ultricies eleifend. Nullam et leo vel lorem mollis aliquam. Mauris non arcu sit amet elit dignissim dapibus. Sed in aliquam nisi. Fusce congue orci eu quam facilisis, eget venenatis eros viverra. In interdum odio id pharetra placerat. Vestibulum rutrum consectetur viverra. Etiam in laoreet enim. Donec et arcu id velit congue scelerisque eget vitae dui. Etiam vitae urna vel turpis rutrum posuere vel non urna. Donec at venenatis justo. Donec tortor ante, dapibus in pharetra in, vulputate sit amet diam.\r\n\r\nEtiam posuere justo orci, eu congue eros hendrerit quis. Vivamus interdum porttitor velit, ullamcorper suscipit nisl pharetra quis. Pellentesque varius neque quis est hendrerit, eu cursus lectus blandit. Fusce enim est, dictum sit amet fringilla sit amet, vehicula ut felis. Praesent vehicula convallis urna, nec interdum lacus varius in. Phasellus hendrerit sapien augue, feugiat rhoncus lectus feugiat eget. Nulla facilisi. Nullam rutrum dui et enim bibendum tincidunt. Nam odio elit, imperdiet ut cursus et, venenatis nec dui.\r\ninterdum aliquet, enim eros mattis magna, eu vehicula nisl risus ac lorem.
NewspaperArticle_Collaborators	Collaborators	合著者
LegalCommentary_Translators	Translator	译者
LegalCommentary_NumberOfVolumes	Number of volumes	卷数
ArchiveMaterial_Title	Title	标题
NewspaperArticle_HelpText	Lorem ipsum dolor sit amet, consectetur adipiscing elit. Duis tortor urna, bibendum eu quam eu, pretium scelerisque lacus. Integer aliquet augue sit amet eros ultricies eleifend. Nullam et leo vel lorem mollis aliquam. Mauris non arcu sit amet elit dignissim dapibus. Sed in aliquam nisi. Fusce congue orci eu quam facilisis, eget venenatis eros viverra. In interdum odio id pharetra placerat. Vestibulum rutrum consectetur viverra. Etiam in laoreet enim. Donec et arcu id velit congue scelerisque eget vitae dui. Etiam vitae urna vel turpis rutrum posuere vel non urna. Donec at venenatis justo. Donec tortor ante, dapibus in pharetra in, vulputate sit amet diam.\r\n\r\nEtiam posuere justo orci, eu congue eros hendrerit quis. Vivamus interdum porttitor velit, ullamcorper suscipit nisl pharetra quis. Pellentesque varius neque quis est hendrerit, eu cursus lectus blandit. Fusce enim est, dictum sit amet fringilla sit amet, vehicula ut felis. Praesent vehicula convallis urna, nec interdum lacus varius in. Phasellus hendrerit sapien augue, feugiat rhoncus lectus feugiat eget. Nulla facilisi. Nullam rutrum dui et enim bibendum tincidunt. Nam odio elit, imperdiet ut cursus et, venenatis nec dui.\r\ninterdum aliquet, enim eros mattis magna, eu vehicula nisl risus ac lorem.	Lorem ipsum dolor sit amet, consectetur adipiscing elit. Duis tortor urna, bibendum eu quam eu, pretium scelerisque lacus. Integer aliquet augue sit amet eros ultricies eleifend. Nullam et leo vel lorem mollis aliquam. Mauris non arcu sit amet elit dignissim dapibus. Sed in aliquam nisi. Fusce congue orci eu quam facilisis, eget venenatis eros viverra. In interdum odio id pharetra placerat. Vestibulum rutrum consectetur viverra. Etiam in laoreet enim. Donec et arcu id velit congue scelerisque eget vitae dui. Etiam vitae urna vel turpis rutrum posuere vel non urna. Donec at venenatis justo. Donec tortor ante, dapibus in pharetra in, vulputate sit amet diam.\r\n\r\nEtiam posuere justo orci, eu congue eros hendrerit quis. Vivamus interdum porttitor velit, ullamcorper suscipit nisl pharetra quis. Pellentesque varius neque quis est hendrerit, eu cursus lectus blandit. Fusce enim est, dictum sit amet fringilla sit amet, vehicula ut felis. Praesent vehicula convallis urna, nec interdum lacus varius in. Phasellus hendrerit sapien augue, feugiat rhoncus lectus feugiat eget. Nulla facilisi. Nullam rutrum dui et enim bibendum tincidunt. Nam odio elit, imperdiet ut cursus et, venenatis nec dui.\r\ninterdum aliquet, enim eros mattis magna, eu vehicula nisl risus ac lorem.
JournalArticle_Volume	Volume	卷
ComputerProgram_PlaceOfPublication	Place of publication	出版地
LegalCommentary_Subtitle	Subtitle	副标题
Movie_Editors	Studio / Producer	制片厂 / 制片人
InternetDocument_PlaceOfPublication	Place of publication	出版地
NewspaperArticle_AccessDate	Access date	访问日期
ConferenceProceedings_Translators	Translator	译者
Patent_AccessDate	Access date	访问日期
SpecialIssue_OnlineAddress	Online address	在线地址
ArchiveMaterial_Affiliation	Affiliation	隶属机构
Movie_StorageMedium	Medium	存储介质
MusicAlbum_Authors	Composer	作曲家
Movie_Collaborators	Lead actors	主要演员
RadioPlay_Plural	Radio Plays (Audio Dramas)	广播剧
Movie_PlaceOfPublication	Place of publication	出版地
Movie_Authors	Director	导演
BookEdited_TitleSupplement	Title supplement	标题补充
Contribution_Authors	Author	作者
ConferenceProceedings_Title	Title	标题
BookEdited_Affiliation	Affiliation	隶属机构
RadioPlay	Radio Play (Audio Drama)	广播剧
UnpublishedWork_SeriesTitle	Series title	系列标题
Patent_Editors	Assignee	受让人
PressRelease_TitleSupplement	Title supplement	标题补充
Lecture_Authors	Speaker	演讲者
Lecture_Translators	Translator	译者
Movie_AccessDate	Access date	访问日期
NewspaperArticle_Affiliation	Affiliation	隶属机构
Lecture_Collaborators	Host	主持人
NewspaperArticle_PageRange	Page range	页码范围
CollectedWorks_PlaceOfPublication	Place of publication	出版地
NewsAgencyReport_Title	Title	标题
Patent_Authors	Inventor	发明人
Thesis_Organizations	Academic institution	学术机构
Unknown_PageRange	Page range	页码范围
NewspaperArticle_Date	Date	日期
Standard_Title	Title	标题
InternetDocument_AccessDate	Access date	访问日期
Standard_SeriesTitle	Series title	系列标题
PressRelease_PlaceOfPublication	Place	地点
Map_Translators	Translator	译者
StatuteOrRegulation_Number	Issue number	期号
Unknown_Collaborators	Collaborators	合著者
Standard_HelpText	Lorem ipsum dolor sit amet, consectetur adipiscing elit. Duis tortor urna, bibendum eu quam eu, pretium scelerisque lacus. Integer aliquet augue sit amet eros ultricies eleifend. Nullam et leo vel lorem mollis aliquam. Mauris non arcu sit amet elit dignissim dapibus. Sed in aliquam nisi. Fusce congue orci eu quam facilisis, eget venenatis eros viverra. In interdum odio id pharetra placerat. Vestibulum rutrum consectetur viverra. Etiam in laoreet enim. Donec et arcu id velit congue scelerisque eget vitae dui. Etiam vitae urna vel turpis rutrum posuere vel non urna. Donec at venenatis justo. Donec tortor ante, dapibus in pharetra in, vulputate sit amet diam.\r\n\r\nEtiam posuere justo orci, eu congue eros hendrerit quis. Vivamus interdum porttitor velit, ullamcorper suscipit nisl pharetra quis. Pellentesque varius neque quis est hendrerit, eu cursus lectus blandit. Fusce enim est, dictum sit amet fringilla sit amet, vehicula ut felis. Praesent vehicula convallis urna, nec interdum lacus varius in. Phasellus hendrerit sapien augue, feugiat rhoncus lectus feugiat eget. Nulla facilisi. Nullam rutrum dui et enim bibendum tincidunt. Nam odio elit, imperdiet ut cursus et, venenatis nec dui.\r\ninterdum aliquet, enim eros mattis magna, eu vehicula nisl risus ac lorem.	Lorem ipsum dolor sit amet, consectetur adipiscing elit. Duis tortor urna, bibendum eu quam eu, pretium scelerisque lacus. Integer aliquet augue sit amet eros ultricies eleifend. Nullam et leo vel lorem mollis aliquam. Mauris non arcu sit amet elit dignissim dapibus. Sed in aliquam nisi. Fusce congue orci eu quam facilisis, eget venenatis eros viverra. In interdum odio id pharetra placerat. Vestibulum rutrum consectetur viverra. Etiam in laoreet enim. Donec et arcu id velit congue scelerisque eget vitae dui. Etiam vitae urna vel turpis rutrum posuere vel non urna. Donec at venenatis justo. Donec tortor ante, dapibus in pharetra in, vulputate sit amet diam.\r\n\r\nEtiam posuere justo orci, eu congue eros hendrerit quis. Vivamus interdum porttitor velit, ullamcorper suscipit nisl pharetra quis. Pellentesque varius neque quis est hendrerit, eu cursus lectus blandit. Fusce enim est, dictum sit amet fringilla sit amet, vehicula ut felis. Praesent vehicula convallis urna, nec interdum lacus varius in. Phasellus hendrerit sapien augue, feugiat rhoncus lectus feugiat eget. Nulla facilisi. Nullam rutrum dui et enim bibendum tincidunt. Nam odio elit, imperdiet ut cursus et, venenatis nec dui.\r\ninterdum aliquet, enim eros mattis magna, eu vehicula nisl risus ac lorem.
ComputerProgram_Publishers	Publisher	出版社
SpecialIssue_HelpText	Lorem ipsum dolor sit amet, consectetur adipiscing elit. Duis tortor urna, bibendum eu quam eu, pretium scelerisque lacus. Integer aliquet augue sit amet eros ultricies eleifend. Nullam et leo vel lorem mollis aliquam. Mauris non arcu sit amet elit dignissim dapibus. Sed in aliquam nisi. Fusce congue orci eu quam facilisis, eget venenatis eros viverra. In interdum odio id pharetra placerat. Vestibulum rutrum consectetur viverra. Etiam in laoreet enim. Donec et arcu id velit congue scelerisque eget vitae dui. Etiam vitae urna vel turpis rutrum posuere vel non urna. Donec at venenatis justo. Donec tortor ante, dapibus in pharetra in, vulputate sit amet diam.\r\n\r\nEtiam posuere justo orci, eu congue eros hendrerit quis. Vivamus interdum porttitor velit, ullamcorper suscipit nisl pharetra quis. Pellentesque varius neque quis est hendrerit, eu cursus lectus blandit. Fusce enim est, dictum sit amet fringilla sit amet, vehicula ut felis. Praesent vehicula convallis urna, nec interdum lacus varius in. Phasellus hendrerit sapien augue, feugiat rhoncus lectus feugiat eget. Nulla facilisi. Nullam rutrum dui et enim bibendum tincidunt. Nam odio elit, imperdiet ut cursus et, venenatis nec dui.\r\ninterdum aliquet, enim eros mattis magna, eu vehicula nisl risus ac lorem.	Lorem ipsum dolor sit amet, consectetur adipiscing elit. Duis tortor urna, bibendum eu quam eu, pretium scelerisque lacus. Integer aliquet augue sit amet eros ultricies eleifend. Nullam et leo vel lorem mollis aliquam. Mauris non arcu sit amet elit dignissim dapibus. Sed in aliquam nisi. Fusce congue orci eu quam facilisis, eget venenatis eros viverra. In interdum odio id pharetra placerat. Vestibulum rutrum consectetur viverra. Etiam in laoreet enim. Donec et arcu id velit congue scelerisque eget vitae dui. Etiam vitae urna vel turpis rutrum posuere vel non urna. Donec at venenatis justo. Donec tortor ante, dapibus in pharetra in, vulputate sit amet diam.\r\n\r\nEtiam posuere justo orci, eu congue eros hendrerit quis. Vivamus interdum porttitor velit, ullamcorper suscipit nisl pharetra quis. Pellentesque varius neque quis est hendrerit, eu cursus lectus blandit. Fusce enim est, dictum sit amet fringilla sit amet, vehicula ut felis. Praesent vehicula convallis urna, nec interdum lacus varius in. Phasellus hendrerit sapien augue, feugiat rhoncus lectus feugiat eget. Nulla facilisi. Nullam rutrum dui et enim bibendum tincidunt. Nam odio elit, imperdiet ut cursus et, venenatis nec dui.\r\ninterdum aliquet, enim eros mattis magna, eu vehicula nisl risus ac lorem.
MusicTrack_AccessDate	Access date	访问日期
Manuscript_OnlineAddress	Online address	在线地址
JournalArticle_Number	Issue number	期号
PersonalCommunication_StorageMedium	Medium	存储介质
ConferenceProceedings_Year	Year	年份
ConferenceProceedings_Isbn	ISBN	ISBN
AudioBook_PlaceOfPublication	Place of publication	出版地
AudioOrVideoDocument_SeriesTitle	Series title	系列标题
StatuteOrRegulation_Translators	Translator	译者
ConferenceProceedings_HelpText	Lorem ipsum dolor sit amet, consectetur adipiscing elit. Duis tortor urna, bibendum eu quam eu, pretium scelerisque lacus. Integer aliquet augue sit amet eros ultricies eleifend. Nullam et leo vel lorem mollis aliquam. Mauris non arcu sit amet elit dignissim dapibus. Sed in aliquam nisi. Fusce congue orci eu quam facilisis, eget venenatis eros viverra. In interdum odio id pharetra placerat. Vestibulum rutrum consectetur viverra. Etiam in laoreet enim. Donec et arcu id velit congue scelerisque eget vitae dui. Etiam vitae urna vel turpis rutrum posuere vel non urna. Donec at venenatis justo. Donec tortor ante, dapibus in pharetra in, vulputate sit amet diam.\r\n\r\nEtiam posuere justo orci, eu congue eros hendrerit quis. Vivamus interdum porttitor velit, ullamcorper suscipit nisl pharetra quis. Pellentesque varius neque quis est hendrerit, eu cursus lectus blandit. Fusce enim est, dictum sit amet fringilla sit amet, vehicula ut felis. Praesent vehicula convallis urna, nec interdum lacus varius in. Phasellus hendrerit sapien augue, feugiat rhoncus lectus feugiat eget. Nulla facilisi. Nullam rutrum dui et enim bibendum tincidunt. Nam odio elit, imperdiet ut cursus et, venenatis nec dui.\r\ninterdum aliquet, enim eros mattis magna, eu vehicula nisl risus ac lorem.	Lorem ipsum dolor sit amet, consectetur adipiscing elit. Duis tortor urna, bibendum eu quam eu, pretium scelerisque lacus. Integer aliquet augue sit amet eros ultricies eleifend. Nullam et leo vel lorem mollis aliquam. Mauris non arcu sit amet elit dignissim dapibus. Sed in aliquam nisi. Fusce congue orci eu quam facilisis, eget venenatis eros viverra. In interdum odio id pharetra placerat. Vestibulum rutrum consectetur viverra. Etiam in laoreet enim. Donec et arcu id velit congue scelerisque eget vitae dui. Etiam vitae urna vel turpis rutrum posuere vel non urna. Donec at venenatis justo. Donec tortor ante, dapibus in pharetra in, vulputate sit amet diam.\r\n\r\nEtiam posuere justo orci, eu congue eros hendrerit quis. Vivamus interdum porttitor velit, ullamcorper suscipit nisl pharetra quis. Pellentesque varius neque quis est hendrerit, eu cursus lectus blandit. Fusce enim est, dictum sit amet fringilla sit amet, vehicula ut felis. Praesent vehicula convallis urna, nec interdum lacus varius in. Phasellus hendrerit sapien augue, feugiat rhoncus lectus feugiat eget. Nulla facilisi. Nullam rutrum dui et enim bibendum tincidunt. Nam odio elit, imperdiet ut cursus et, venenatis nec dui.\r\ninterdum aliquet, enim eros mattis magna, eu vehicula nisl risus ac lorem.
Map_Authors	Cartographer	制图师
JournalArticle_HelpText	Lorem ipsum dolor sit amet, consectetur adipiscing elit. Duis tortor urna, bibendum eu quam eu, pretium scelerisque lacus. Integer aliquet augue sit amet eros ultricies eleifend. Nullam et leo vel lorem mollis aliquam. Mauris non arcu sit amet elit dignissim dapibus. Sed in aliquam nisi. Fusce congue orci eu quam facilisis, eget venenatis eros viverra. In interdum odio id pharetra placerat. Vestibulum rutrum consectetur viverra. Etiam in laoreet enim. Donec et arcu id velit congue scelerisque eget vitae dui. Etiam vitae urna vel turpis rutrum posuere vel non urna. Donec at venenatis justo. Donec tortor ante, dapibus in pharetra in, vulputate sit amet diam.\r\n\r\nEtiam posuere justo orci, eu congue eros hendrerit quis. Vivamus interdum porttitor velit, ullamcorper suscipit nisl pharetra quis. Pellentesque varius neque quis est hendrerit, eu cursus lectus blandit. Fusce enim est, dictum sit amet fringilla sit amet, vehicula ut felis. Praesent vehicula convallis urna, nec interdum lacus varius in. Phasellus hendrerit sapien augue, feugiat rhoncus lectus feugiat eget. Nulla facilisi. Nullam rutrum dui et enim bibendum tincidunt. Nam odio elit, imperdiet ut cursus et, venenatis nec dui.\r\ninterdum aliquet, enim eros mattis magna, eu vehicula nisl risus ac lorem.	Lorem ipsum dolor sit amet, consectetur adipiscing elit. Duis tortor urna, bibendum eu quam eu, pretium scelerisque lacus. Integer aliquet augue sit amet eros ultricies eleifend. Nullam et leo vel lorem mollis aliquam. Mauris non arcu sit amet elit dignissim dapibus. Sed in aliquam nisi. Fusce congue orci eu quam facilisis, eget venenatis eros viverra. In interdum odio id pharetra placerat. Vestibulum rutrum consectetur viverra. Etiam in laoreet enim. Donec et arcu id velit congue scelerisque eget vitae dui. Etiam vitae urna vel turpis rutrum posuere vel non urna. Donec at venenatis justo. Donec tortor ante, dapibus in pharetra in, vulputate sit amet diam.\r\n\r\nEtiam posuere justo orci, eu congue eros hendrerit quis. Vivamus interdum porttitor velit, ullamcorper suscipit nisl pharetra quis. Pellentesque varius neque quis est hendrerit, eu cursus lectus blandit. Fusce enim est, dictum sit amet fringilla sit amet, vehicula ut felis. Praesent vehicula convallis urna, nec interdum lacus varius in. Phasellus hendrerit sapien augue, feugiat rhoncus lectus feugiat eget. Nulla facilisi. Nullam rutrum dui et enim bibendum tincidunt. Nam odio elit, imperdiet ut cursus et, venenatis nec dui.\r\ninterdum aliquet, enim eros mattis magna, eu vehicula nisl risus ac lorem.
JournalArticle_OnlineAddress	Online address	在线地址
ContributionInLegalCommentary_Translators	Translator	译者
JournalArticle_Plural	Journal Articles	期刊文章
Patent_TitleSupplement	Claims	权利要求
LegalCommentary_HelpText	Lorem ipsum dolor sit amet, consectetur adipiscing elit. Duis tortor urna, bibendum eu quam eu, pretium scelerisque lacus. Integer aliquet augue sit amet eros ultricies eleifend. Nullam et leo vel lorem mollis aliquam. Mauris non arcu sit amet elit dignissim dapibus. Sed in aliquam nisi. Fusce congue orci eu quam facilisis, eget venenatis eros viverra. In interdum odio id pharetra placerat. Vestibulum rutrum consectetur viverra. Etiam in laoreet enim. Donec et arcu id velit congue scelerisque eget vitae dui. Etiam vitae urna vel turpis rutrum posuere vel non urna. Donec at venenatis justo. Donec tortor ante, dapibus in pharetra in, vulputate sit amet diam.\r\n\r\nEtiam posuere justo orci, eu congue eros hendrerit quis. Vivamus interdum porttitor velit, ullamcorper suscipit nisl pharetra quis. Pellentesque varius neque quis est hendrerit, eu cursus lectus blandit. Fusce enim est, dictum sit amet fringilla sit amet, vehicula ut felis. Praesent vehicula convallis urna, nec interdum lacus varius in. Phasellus hendrerit sapien augue, feugiat rhoncus lectus feugiat eget. Nulla facilisi. Nullam rutrum dui et enim bibendum tincidunt. Nam odio elit, imperdiet ut cursus et, venenatis nec dui.\r\ninterdum aliquet, enim eros mattis magna, eu vehicula nisl risus ac lorem.	Lorem ipsum dolor sit amet, consectetur adipiscing elit. Duis tortor urna, bibendum eu quam eu, pretium scelerisque lacus. Integer aliquet augue sit amet eros ultricies eleifend. Nullam et leo vel lorem mollis aliquam. Mauris non arcu sit amet elit dignissim dapibus. Sed in aliquam nisi. Fusce congue orci eu quam facilisis, eget venenatis eros viverra. In interdum odio id pharetra placerat. Vestibulum rutrum consectetur viverra. Etiam in laoreet enim. Donec et arcu id velit congue scelerisque eget vitae dui. Etiam vitae urna vel turpis rutrum posuere vel non urna. Donec at venenatis justo. Donec tortor ante, dapibus in pharetra in, vulputate sit amet diam.\r\n\r\nEtiam posuere justo orci, eu congue eros hendrerit quis. Vivamus interdum porttitor velit, ullamcorper suscipit nisl pharetra quis. Pellentesque varius neque quis est hendrerit, eu cursus lectus blandit. Fusce enim est, dictum sit amet fringilla sit amet, vehicula ut felis. Praesent vehicula convallis urna, nec interdum lacus varius in. Phasellus hendrerit sapien augue, feugiat rhoncus lectus feugiat eget. Nulla facilisi. Nullam rutrum dui et enim bibendum tincidunt. Nam odio elit, imperdiet ut cursus et, venenatis nec dui.\r\ninterdum aliquet, enim eros mattis magna, eu vehicula nisl risus ac lorem.
BookEdited_NumberOfVolumes	Number of volumes	卷数
Unknown_Number	Number	编号
ArchiveMaterial_TitleSupplement	Source description	来源描述
CollectedWorks_TitleSupplement	Title supplement	标题补充
CollectedWorks_AccessDate	Access date	访问日期
CourtDecision_TitleSupplement	Parallel sources	平行来源
Movie_SpecificField1	Country	国家
Movie_SpecificField2	Run time	片长
Movie_SpecificField3	Copyright	版权
Lecture_Affiliation	Affiliation	隶属机构
JournalArticle_Translators	Translator	译者
AudioBook_Translators	Translator	译者
Contribution_AsChild	Contribution in…	收录于…
PersonalCommunication_OnlineAddress	Online address	在线地址
UnpublishedWork_Collaborators	Collaborators	合著者
PressRelease_OnlineAddress	Online address	在线地址
JournalArticle_Publishers	Publisher	出版社
ArchiveMaterial_HelpText	Lorem ipsum dolor sit amet, consectetur adipiscing elit. Duis tortor urna, bibendum eu quam eu, pretium scelerisque lacus. Integer aliquet augue sit amet eros ultricies eleifend. Nullam et leo vel lorem mollis aliquam. Mauris non arcu sit amet elit dignissim dapibus. Sed in aliquam nisi. Fusce congue orci eu quam facilisis, eget venenatis eros viverra. In interdum odio id pharetra placerat. Vestibulum rutrum consectetur viverra. Etiam in laoreet enim. Donec et arcu id velit congue scelerisque eget vitae dui. Etiam vitae urna vel turpis rutrum posuere vel non urna. Donec at venenatis justo. Donec tortor ante, dapibus in pharetra in, vulputate sit amet diam.\r\n\r\nEtiam posuere justo orci, eu congue eros hendrerit quis. Vivamus interdum porttitor velit, ullamcorper suscipit nisl pharetra quis. Pellentesque varius neque quis est hendrerit, eu cursus lectus blandit. Fusce enim est, dictum sit amet fringilla sit amet, vehicula ut felis. Praesent vehicula convallis urna, nec interdum lacus varius in. Phasellus hendrerit sapien augue, feugiat rhoncus lectus feugiat eget. Nulla facilisi. Nullam rutrum dui et enim bibendum tincidunt. Nam odio elit, imperdiet ut cursus et, venenatis nec dui.\r\ninterdum aliquet, enim eros mattis magna, eu vehicula nisl risus ac lorem.	Lorem ipsum dolor sit amet, consectetur adipiscing elit. Duis tortor urna, bibendum eu quam eu, pretium scelerisque lacus. Integer aliquet augue sit amet eros ultricies eleifend. Nullam et leo vel lorem mollis aliquam. Mauris non arcu sit amet elit dignissim dapibus. Sed in aliquam nisi. Fusce congue orci eu quam facilisis, eget venenatis eros viverra. In interdum odio id pharetra placerat. Vestibulum rutrum consectetur viverra. Etiam in laoreet enim. Donec et arcu id velit congue scelerisque eget vitae dui. Etiam vitae urna vel turpis rutrum posuere vel non urna. Donec at venenatis justo. Donec tortor ante, dapibus in pharetra in, vulputate sit amet diam.\r\n\r\nEtiam posuere justo orci, eu congue eros hendrerit quis. Vivamus interdum porttitor velit, ullamcorper suscipit nisl pharetra quis. Pellentesque varius neque quis est hendrerit, eu cursus lectus blandit. Fusce enim est, dictum sit amet fringilla sit amet, vehicula ut felis. Praesent vehicula convallis urna, nec interdum lacus varius in. Phasellus hendrerit sapien augue, feugiat rhoncus lectus feugiat eget. Nulla facilisi. Nullam rutrum dui et enim bibendum tincidunt. Nam odio elit, imperdiet ut cursus et, venenatis nec dui.\r\ninterdum aliquet, enim eros mattis magna, eu vehicula nisl risus ac lorem.
AudioOrVideoDocument_AccessDate	Access date	访问日期
MusicTrack_Number	Track number	曲目编号
StatuteOrRegulation_Plural	Statutes or Regulations	法规或条例
AudioBook_Subtitle	Subtitle	副标题
NewspaperArticle_Authors	Author	作者
BookEdited_Isbn	ISBN	ISBN
BookEdited_Year	Year	年份
Map_Affiliation	Affiliation	隶属机构
LegalCommentary	Legal Commentary	法律评注
PersonalCommunication_Title	Title / Topic	标题 / 主题
Lecture_HelpText	Lorem ipsum dolor sit amet, consectetur adipiscing elit. Duis tortor urna, bibendum eu quam eu, pretium scelerisque lacus. Integer aliquet augue sit amet eros ultricies eleifend. Nullam et leo vel lorem mollis aliquam. Mauris non arcu sit amet elit dignissim dapibus. Sed in aliquam nisi. Fusce congue orci eu quam facilisis, eget venenatis eros viverra. In interdum odio id pharetra placerat. Vestibulum rutrum consectetur viverra. Etiam in laoreet enim. Donec et arcu id velit congue scelerisque eget vitae dui. Etiam vitae urna vel turpis rutrum posuere vel non urna. Donec at venenatis justo. Donec tortor ante, dapibus in pharetra in, vulputate sit amet diam.\r\n\r\nEtiam posuere justo orci, eu congue eros hendrerit quis. Vivamus interdum porttitor velit, ullamcorper suscipit nisl pharetra quis. Pellentesque varius neque quis est hendrerit, eu cursus lectus blandit. Fusce enim est, dictum sit amet fringilla sit amet, vehicula ut felis. Praesent vehicula convallis urna, nec interdum lacus varius in. Phasellus hendrerit sapien augue, feugiat rhoncus lectus feugiat eget. Nulla facilisi. Nullam rutrum dui et enim bibendum tincidunt. Nam odio elit, imperdiet ut cursus et, venenatis nec dui.\r\ninterdum aliquet, enim eros mattis magna, eu vehicula nisl risus ac lorem.	Lorem ipsum dolor sit amet, consectetur adipiscing elit. Duis tortor urna, bibendum eu quam eu, pretium scelerisque lacus. Integer aliquet augue sit amet eros ultricies eleifend. Nullam et leo vel lorem mollis aliquam. Mauris non arcu sit amet elit dignissim dapibus. Sed in aliquam nisi. Fusce congue orci eu quam facilisis, eget venenatis eros viverra. In interdum odio id pharetra placerat. Vestibulum rutrum consectetur viverra. Etiam in laoreet enim. Donec et arcu id velit congue scelerisque eget vitae dui. Etiam vitae urna vel turpis rutrum posuere vel non urna. Donec at venenatis justo. Donec tortor ante, dapibus in pharetra in, vulputate sit amet diam.\r\n\r\nEtiam posuere justo orci, eu congue eros hendrerit quis. Vivamus interdum porttitor velit, ullamcorper suscipit nisl pharetra quis. Pellentesque varius neque quis est hendrerit, eu cursus lectus blandit. Fusce enim est, dictum sit amet fringilla sit amet, vehicula ut felis. Praesent vehicula convallis urna, nec interdum lacus varius in. Phasellus hendrerit sapien augue, feugiat rhoncus lectus feugiat eget. Nulla facilisi. Nullam rutrum dui et enim bibendum tincidunt. Nam odio elit, imperdiet ut cursus et, venenatis nec dui.\r\ninterdum aliquet, enim eros mattis magna, eu vehicula nisl risus ac lorem.
AudioOrVideoDocument_SpecificField3	Copyright	版权
AudioOrVideoDocument_SpecificField2	Length	时长
Patent_SpecificField2	Applicant	申请人
Patent_SpecificField3	Application year	申请年份
Patent_SpecificField1	Issue country	公布国家
Patent_SpecificField6	Priority date	优先权日期
Patent_SpecificField7	Patent family	专利族
Patent_SpecificField4	Application country	申请国家
Patent_SpecificField5	Application number	申请号
AudioOrVideoDocument_OnlineAddress	Online address	在线地址
NewsAgencyReport_Plural	News Agency Reports	通讯社报道
ArchiveMaterial_OnlineAddress	Online address	在线地址
RadioPlay_Translators	Translator	译者
StatuteOrRegulation_Date2	Revised	修订
SpecialIssue_Number	Issue number	期号
StatuteOrRegulation_Volume	Volume	卷
StatuteOrRegulation_Title	Title / Name	标题/名称
PersonalCommunication_Date	Date	日期
Broadcast_Collaborators	Collaborators	合著者
AudioOrVideoDocument_PlaceOfPublication	Place of publication	出版地
JournalArticle_Periodical	Periodical	期刊
PressRelease_Plural	Press Releases	新闻稿
Manuscript_Affiliation	Affiliation	隶属机构
SpecialIssue_Plural	Special Issues	特刊
MusicAlbum_Plural	Musical Works / Music Albums	音乐作品/音乐专辑
LegalCommentary_Editors	Editor	编辑
LegalCommentary_Edition	Edition	版次
Lecture_PlaceOfPublication	Place	地点
SpecialIssue_Isbn	ISBN / EAN	ISBN / EAN
SpecialIssue_Year	Year	年份
UnpublishedWork_Affiliation	Affiliation	隶属机构
Unknown_Periodical	Periodical	期刊
RadioPlay_Organizations	Station	电台
MusicTrack_Collaborators	Artist / Performer	艺术家/表演者
StatuteOrRegulation_SpecificField1	Source	来源
Broadcast_SeriesTitle	Series title	系列标题
LegalCommentary_SeriesTitle	Series title	系列标题
Manuscript_Subtitle	Subtitle	副标题
Manuscript_Date	Date	日期
LegalCommentary_Authors	Original editor	原编辑
UnpublishedWork_Authors	Author	作者
InternetDocument_OnlineAddress	Online address	在线地址
JournalArticle_Authors	Author	作者
NewsAgencyReport	News Agency Report	通讯社报道
Unknown_Publishers	Publisher	出版社
Patent_Affiliation	Affiliation	隶属机构
Contribution_Volume	Volume number	卷号
ArchiveMaterial_AccessDate	Access date	访问日期
Movie_Subtitle	Original title	原标题
StatuteOrRegulation_AccessDate	Access date	访问日期
MusicTrack_Affiliation	Affiliation	隶属机构
Contribution_Title	Title	标题
MusicAlbum_HelpText	Lorem ipsum dolor sit amet, consectetur adipiscing elit. Duis tortor urna, bibendum eu quam eu, pretium scelerisque lacus. Integer aliquet augue sit amet eros ultricies eleifend. Nullam et leo vel lorem mollis aliquam. Mauris non arcu sit amet elit dignissim dapibus. Sed in aliquam nisi. Fusce congue orci eu quam facilisis, eget venenatis eros viverra. In interdum odio id pharetra placerat. Vestibulum rutrum consectetur viverra. Etiam in laoreet enim. Donec et arcu id velit congue scelerisque eget vitae dui. Etiam vitae urna vel turpis rutrum posuere vel non urna. Donec at venenatis justo. Donec tortor ante, dapibus in pharetra in, vulputate sit amet diam.\r\n\r\nEtiam posuere justo orci, eu congue eros hendrerit quis. Vivamus interdum porttitor velit, ullamcorper suscipit nisl pharetra quis. Pellentesque varius neque quis est hendrerit, eu cursus lectus blandit. Fusce enim est, dictum sit amet fringilla sit amet, vehicula ut felis. Praesent vehicula convallis urna, nec interdum lacus varius in. Phasellus hendrerit sapien augue, feugiat rhoncus lectus feugiat eget. Nulla facilisi. Nullam rutrum dui et enim bibendum tincidunt. Nam odio elit, imperdiet ut cursus et, venenatis nec dui.\r\ninterdum aliquet, enim eros mattis magna, eu vehicula nisl risus ac lorem.	Lorem ipsum dolor sit amet, consectetur adipiscing elit. Duis tortor urna, bibendum eu quam eu, pretium scelerisque lacus. Integer aliquet augue sit amet eros ultricies eleifend. Nullam et leo vel lorem mollis aliquam. Mauris non arcu sit amet elit dignissim dapibus. Sed in aliquam nisi. Fusce congue orci eu quam facilisis, eget venenatis eros viverra. In interdum odio id pharetra placerat. Vestibulum rutrum consectetur viverra. Etiam in laoreet enim. Donec et arcu id velit congue scelerisque eget vitae dui. Etiam vitae urna vel turpis rutrum posuere vel non urna. Donec at venenatis justo. Donec tortor ante, dapibus in pharetra in, vulputate sit amet diam.\r\n\r\nEtiam posuere justo orci, eu congue eros hendrerit quis. Vivamus interdum porttitor velit, ullamcorper suscipit nisl pharetra quis. Pellentesque varius neque quis est hendrerit, eu cursus lectus blandit. Fusce enim est, dictum sit amet fringilla sit amet, vehicula ut felis. Praesent vehicula convallis urna, nec interdum lacus varius in. Phasellus hendrerit sapien augue, feugiat rhoncus lectus feugiat eget. Nulla facilisi. Nullam rutrum dui et enim bibendum tincidunt. Nam odio elit, imperdiet ut cursus et, venenatis nec dui.\r\ninterdum aliquet, enim eros mattis magna, eu vehicula nisl risus ac lorem.
File_Date	Date / Year	日期/年份
SpecialIssue_Volume	Volume	卷
Standard	Standard	标准
Book_AccessDate	Access date	访问日期
AudioOrVideoDocument_HelpText	Lorem ipsum dolor sit amet, consectetur adipiscing elit. Duis tortor urna, bibendum eu quam eu, pretium scelerisque lacus. Integer aliquet augue sit amet eros ultricies eleifend. Nullam et leo vel lorem mollis aliquam. Mauris non arcu sit amet elit dignissim dapibus. Sed in aliquam nisi. Fusce congue orci eu quam facilisis, eget venenatis eros viverra. In interdum odio id pharetra placerat. Vestibulum rutrum consectetur viverra. Etiam in laoreet enim. Donec et arcu id velit congue scelerisque eget vitae dui. Etiam vitae urna vel turpis rutrum posuere vel non urna. Donec at venenatis justo. Donec tortor ante, dapibus in pharetra in, vulputate sit amet diam.\r\n\r\nEtiam posuere justo orci, eu congue eros hendrerit quis. Vivamus interdum porttitor velit, ullamcorper suscipit nisl pharetra quis. Pellentesque varius neque quis est hendrerit, eu cursus lectus blandit. Fusce enim est, dictum sit amet fringilla sit amet, vehicula ut felis. Praesent vehicula convallis urna, nec interdum lacus varius in. Phasellus hendrerit sapien augue, feugiat rhoncus lectus feugiat eget. Nulla facilisi. Nullam rutrum dui et enim bibendum tincidunt. Nam odio elit, imperdiet ut cursus et, venenatis nec dui.\r\ninterdum aliquet, enim eros mattis magna, eu vehicula nisl risus ac lorem.	Lorem ipsum dolor sit amet, consectetur adipiscing elit. Duis tortor urna, bibendum eu quam eu, pretium scelerisque lacus. Integer aliquet augue sit amet eros ultricies eleifend. Nullam et leo vel lorem mollis aliquam. Mauris non arcu sit amet elit dignissim dapibus. Sed in aliquam nisi. Fusce congue orci eu quam facilisis, eget venenatis eros viverra. In interdum odio id pharetra placerat. Vestibulum rutrum consectetur viverra. Etiam in laoreet enim. Donec et arcu id velit congue scelerisque eget vitae dui. Etiam vitae urna vel turpis rutrum posuere vel non urna. Donec at venenatis justo. Donec tortor ante, dapibus in pharetra in, vulputate sit amet diam.\r\n\r\nEtiam posuere justo orci, eu congue eros hendrerit quis. Vivamus interdum porttitor velit, ullamcorper suscipit nisl pharetra quis. Pellentesque varius neque quis est hendrerit, eu cursus lectus blandit. Fusce enim est, dictum sit amet fringilla sit amet, vehicula ut felis. Praesent vehicula convallis urna, nec interdum lacus varius in. Phasellus hendrerit sapien augue, feugiat rhoncus lectus feugiat eget. Nulla facilisi. Nullam rutrum dui et enim bibendum tincidunt. Nam odio elit, imperdiet ut cursus et, venenatis nec dui.\r\ninterdum aliquet, enim eros mattis magna, eu vehicula nisl risus ac lorem.
StatuteOrRegulation_Affiliation	Affiliation	隶属机构
MusicAlbum_Collaborators	Artist / Performer	艺术家/表演者
Broadcast_Subtitle	Subtitle	副标题
Broadcast_OnlineAddress	Online address	在线地址
CollectedWorks	Collected Work	文集
MusicAlbum_AccessDate	Access date	访问日期
MusicAlbum_StorageMedium	Medium	存储介质
CourtDecision_Volume	Volume	卷
ContributionInLegalCommentary	Contribution in Legal Commentary	法律评注中的篇章
PressRelease_Affiliation	Affiliation	隶属机构
MusicAlbum_OnlineAddress	Online address	在线地址
Unknown_Subtitle	Subtitle	副标题
MusicAlbum_Organizations	Orchestra	乐团
Book_SeriesTitle	Series title	系列标题
PressRelease_AccessDate	Access date	访问日期
CourtDecision_Title	Short description	简短描述
Unknown_PlaceOfPublication	Place of publication	出版地
Thesis	Thesis	学位论文
BookEdited_HelpText	<p>A single or multi-volume work with discrete contributions from various authors which is compiled by one or more editors. Includes dictionaries and encyclopedias.</p><p></p><p>An edited book which does not have a publisher should added with the <strong>Report or Gray Literature</strong> reference type.</p><p></p>	<p>由一位或多位编辑汇编的单卷或多卷著作，包含来自不同作者的独立篇章。包括词典和百科全书。</p><p></p><p>没有出版社的编著图书应使用<strong>报告或灰色文献</strong>参考文献类型添加。</p><p></p>
CollectedWorks_SeriesTitle	Series title	系列标题
MusicTrack_Authors	Composer	作曲家
ArchiveMaterial_Organizations	Archive	档案馆
CollectedWorks_NumberOfVolumes	Number of volumes	卷数
CollectedWorks_OnlineAddress	Online address	在线地址
Contribution_Plural	Contributions	贡献
JournalArticle_NumberOfVolumes	Article number	文章编号
Thesis_Authors	Author	作者
InterviewMaterial	Interview Material	访谈材料
InterviewMaterial_StorageMedium	Medium	存储介质
CollectedWorks_Affiliation	Affiliation	隶属机构
Manuscript_Title	Title	标题
RadioPlay_Title	Title	标题
StatuteOrRegulation_Date	Date / Year	日期/年份
StatuteOrRegulation_Year	Year	年份
Movie_Translators	Translator	译者
ArchiveMaterial_Authors	Author	作者
ComputerProgram_Subtitle	Subtitle	副标题
Patent	Patent	专利
InterviewMaterial_Affiliation	Affiliation	隶属机构
InternetDocument_TitleSupplement	Title supplement	标题补充
JournalArticle_SpecificField1	Database	数据库
Manuscript_AccessDate	Access date	访问日期
InterviewMaterial_Translators	Translator	译者
File_Title	Title / Topic	标题 / 主题
CourtDecision_Plural	Court Decisions	法院判决
ContributionInLegalCommentary_Authors	Editor	编辑
UnpublishedWork_Title	Title	标题
MusicAlbum_TitleSupplement	Title supplement	标题补充
Patent_OnlineAddress	Online address	在线地址
JournalArticle_AccessDate	Access date	访问日期
Unknown	Unknown	未知
PressRelease	Press Release	新闻稿
Lecture_OnlineAddress	Online address	在线地址
AudioBook_Plural	Audio Books	有声书
AudioOrVideoDocument_StorageMedium	Medium	存储介质
SpecialIssue_Publishers	Publisher	出版社
BookEdited_Organizations	Organization	组织
RadioPlay_NumberOfVolumes	Episode	集
InternetDocument_Date	Last update	最后更新
InternetDocument_Year	Year	年份
ComputerProgram_OnlineAddress	Online address	在线地址
BookEdited_Collaborators	Add'l editors	其他编辑
Map_Publishers	Publisher	出版社
Manuscript_TitleSupplement	Title supplement	标题补充
InternetDocument_Subtitle	Subtitle	副标题
ArchiveMaterial_PlaceOfPublication	Place of origin	原产地
SpecialIssue_Subtitle	Subtitle	副标题
MusicTrack_Editors	Conductor	指挥
Map_Number	Scale	比例尺
ConferenceProceedings_NumberOfVolumes	Number of volumes	卷数
Unknown_TitleSupplement	Title supplement	标题补充
Book_Organizations	Organization	组织
ConferenceProceedings_Organizations	Organization	组织
CourtDecision_Organizations	Court	法院
Map_Subtitle	Subtitle	副标题
Lecture_AccessDate	Access date	访问日期
MusicTrack_AsChild	Music Track in…	音乐曲目（收录于…）
ArchiveMaterial_Collaborators	Recipient	收件人
File_NumberOfVolumes	Extent	篇幅
MusicTrack_SpecificField2	Length	时长
ConferenceProceedings_SpecificField7	Conference name	会议名称
ConferenceProceedings_SpecificField4	Conference dates	会议日期
ConferenceProceedings_SpecificField1	Conference location	会议地点
RadioPlay_Publishers	Publisher	出版社
Thesis_Date	Date / Year	日期/年份
BookEdited_StorageMedium	Medium	存储介质
ContributionInLegalCommentary_Date	Date	日期
Unknown_Organizations	Organization	组织
File_TitleSupplement	Type of file	文件类型
Lecture_SeriesTitle	Conference or lecture series	会议或讲座系列
PersonalCommunication_Authors	Sender / Author	发件人/作者
PersonalCommunication_Translators	Translator	译者
RadioPlay_AccessDate	Access date	访问日期
Manuscript_StorageMedium	Medium	存储介质
Contribution_Affiliation	Affiliation	隶属机构
Manuscript_Collaborators	Collaborators	合著者
BookEdited_AccessDate	Access date	访问日期
LegalCommentary_AccessDate	Access date	访问日期
Broadcast_Date	Broadcast date	播出日期
Broadcast_Isbn	ISBN / EAN	ISBN / EAN
CourtDecision	Court Decision	法院判决
AudioOrVideoDocument_Affiliation	Affiliation	隶属机构
Unknown_Year	Year	年份
Unknown_Date	Date	日期
Unknown_Isbn	ISBN	ISBN
ComputerProgram_StorageMedium	Storage medium	存储介质
StatuteOrRegulation_Organizations	Legislature / Authority	立法机构/主管部门
Broadcast_Editors	Editors	编者
LegalCommentary_Publishers	Publisher	出版社
JournalArticle_Collaborators	Collaborators	合著者
InterviewMaterial_PlaceOfPublication	Place	地点
StatuteOrRegulation_Subtitle	Abbreviation	缩写
InternetDocument_Collaborators	Collaborators	合著者
MusicAlbum_PlaceOfPublication	Place of publication	出版地
Standard_Plural	Standards	标准
AudioOrVideoDocument_TitleSupplement	Title supplement	标题补充
Standard_AccessDate	Access date	访问日期
Thesis_OnlineAddress	Online address	在线地址
Contribution_Translators	Translator	译者
Standard_Publishers	Publisher	出版社
CourtDecision_OnlineAddress	Online address	在线地址
Broadcast_Translators	Translator	译者
NewspaperArticle_Title	Title	标题
Standard_Number	Number	编号
Map_Plural	Maps	地图
Contribution_OnlineAddress	Online address	在线地址
NewspaperArticle_Subtitle	Subtitle	副标题
UnpublishedWork_PlaceOfPublication	Place of publication	出版地
PressRelease_StorageMedium	Medium	存储介质
JournalArticle_Affiliation	Affiliation	隶属机构
MusicTrack_Subtitle	Subtitle	副标题
Map_TitleSupplement	Title supplement	标题补充
Book_Affiliation	Affiliation	隶属机构
AudioOrVideoDocument_Editors	Director	导演
Thesis_AccessDate	Access date	访问日期
CourtDecision_Year	Year	年份
CourtDecision_Date	Date of decision	裁决日期
AudioBook_HelpText	Lorem ipsum dolor sit amet, consectetur adipiscing elit. Duis tortor urna, bibendum eu quam eu, pretium scelerisque lacus. Integer aliquet augue sit amet eros ultricies eleifend. Nullam et leo vel lorem mollis aliquam. Mauris non arcu sit amet elit dignissim dapibus. Sed in aliquam nisi. Fusce congue orci eu quam facilisis, eget venenatis eros viverra. In interdum odio id pharetra placerat. Vestibulum rutrum consectetur viverra. Etiam in laoreet enim. Donec et arcu id velit congue scelerisque eget vitae dui. Etiam vitae urna vel turpis rutrum posuere vel non urna. Donec at venenatis justo. Donec tortor ante, dapibus in pharetra in, vulputate sit amet diam.\r\n\r\nEtiam posuere justo orci, eu congue eros hendrerit quis. Vivamus interdum porttitor velit, ullamcorper suscipit nisl pharetra quis. Pellentesque varius neque quis est hendrerit, eu cursus lectus blandit. Fusce enim est, dictum sit amet fringilla sit amet, vehicula ut felis. Praesent vehicula convallis urna, nec interdum lacus varius in. Phasellus hendrerit sapien augue, feugiat rhoncus lectus feugiat eget. Nulla facilisi. Nullam rutrum dui et enim bibendum tincidunt. Nam odio elit, imperdiet ut cursus et, venenatis nec dui.\r\ninterdum aliquet, enim eros mattis magna, eu vehicula nisl risus ac lorem.	Lorem ipsum dolor sit amet, consectetur adipiscing elit. Duis tortor urna, bibendum eu quam eu, pretium scelerisque lacus. Integer aliquet augue sit amet eros ultricies eleifend. Nullam et leo vel lorem mollis aliquam. Mauris non arcu sit amet elit dignissim dapibus. Sed in aliquam nisi. Fusce congue orci eu quam facilisis, eget venenatis eros viverra. In interdum odio id pharetra placerat. Vestibulum rutrum consectetur viverra. Etiam in laoreet enim. Donec et arcu id velit congue scelerisque eget vitae dui. Etiam vitae urna vel turpis rutrum posuere vel non urna. Donec at venenatis justo. Donec tortor ante, dapibus in pharetra in, vulputate sit amet diam.\r\n\r\nEtiam posuere justo orci, eu congue eros hendrerit quis. Vivamus interdum porttitor velit, ullamcorper suscipit nisl pharetra quis. Pellentesque varius neque quis est hendrerit, eu cursus lectus blandit. Fusce enim est, dictum sit amet fringilla sit amet, vehicula ut felis. Praesent vehicula convallis urna, nec interdum lacus varius in. Phasellus hendrerit sapien augue, feugiat rhoncus lectus feugiat eget. Nulla facilisi. Nullam rutrum dui et enim bibendum tincidunt. Nam odio elit, imperdiet ut cursus et, venenatis nec dui.\r\ninterdum aliquet, enim eros mattis magna, eu vehicula nisl risus ac lorem.
Contribution_Subtitle	Subtitle	副标题
BookEdited_Subtitle	Subtitle	副标题
CourtDecision_PageRange	Page range	页码范围
ComputerProgram_SpecificField3	Operating system	操作系统
ComputerProgram_SpecificField2	License number	许可证号
ComputerProgram_SpecificField1	License type	许可证类型
ComputerProgram_SpecificField4	Version	版本
RadioPlay_Collaborators	Collaborators	合著者
MusicTrack_HelpText	Lorem ipsum dolor sit amet, consectetur adipiscing elit. Duis tortor urna, bibendum eu quam eu, pretium scelerisque lacus. Integer aliquet augue sit amet eros ultricies eleifend. Nullam et leo vel lorem mollis aliquam. Mauris non arcu sit amet elit dignissim dapibus. Sed in aliquam nisi. Fusce congue orci eu quam facilisis, eget venenatis eros viverra. In interdum odio id pharetra placerat. Vestibulum rutrum consectetur viverra. Etiam in laoreet enim. Donec et arcu id velit congue scelerisque eget vitae dui. Etiam vitae urna vel turpis rutrum posuere vel non urna. Donec at venenatis justo. Donec tortor ante, dapibus in pharetra in, vulputate sit amet diam.\r\n\r\nEtiam posuere justo orci, eu congue eros hendrerit quis. Vivamus interdum porttitor velit, ullamcorper suscipit nisl pharetra quis. Pellentesque varius neque quis est hendrerit, eu cursus lectus blandit. Fusce enim est, dictum sit amet fringilla sit amet, vehicula ut felis. Praesent vehicula convallis urna, nec interdum lacus varius in. Phasellus hendrerit sapien augue, feugiat rhoncus lectus feugiat eget. Nulla facilisi. Nullam rutrum dui et enim bibendum tincidunt. Nam odio elit, imperdiet ut cursus et, venenatis nec dui.\r\ninterdum aliquet, enim eros mattis magna, eu vehicula nisl risus ac lorem.	Lorem ipsum dolor sit amet, consectetur adipiscing elit. Duis tortor urna, bibendum eu quam eu, pretium scelerisque lacus. Integer aliquet augue sit amet eros ultricies eleifend. Nullam et leo vel lorem mollis aliquam. Mauris non arcu sit amet elit dignissim dapibus. Sed in aliquam nisi. Fusce congue orci eu quam facilisis, eget venenatis eros viverra. In interdum odio id pharetra placerat. Vestibulum rutrum consectetur viverra. Etiam in laoreet enim. Donec et arcu id velit congue scelerisque eget vitae dui. Etiam vitae urna vel turpis rutrum posuere vel non urna. Donec at venenatis justo. Donec tortor ante, dapibus in pharetra in, vulputate sit amet diam.\r\n\r\nEtiam posuere justo orci, eu congue eros hendrerit quis. Vivamus interdum porttitor velit, ullamcorper suscipit nisl pharetra quis. Pellentesque varius neque quis est hendrerit, eu cursus lectus blandit. Fusce enim est, dictum sit amet fringilla sit amet, vehicula ut felis. Praesent vehicula convallis urna, nec interdum lacus varius in. Phasellus hendrerit sapien augue, feugiat rhoncus lectus feugiat eget. Nulla facilisi. Nullam rutrum dui et enim bibendum tincidunt. Nam odio elit, imperdiet ut cursus et, venenatis nec dui.\r\ninterdum aliquet, enim eros mattis magna, eu vehicula nisl risus ac lorem.
CourtDecision_Number	Issue number	期号
InternetDocument_Translators	Translator	译者
Book_OnlineAddress	Online address	在线地址
SpecialIssue_TitleSupplement	Title supplement	标题补充
CollectedWorks_Collaborators	Collaborators	合著者
Unknown_SeriesTitle	Series title	系列标题
InternetDocument_Title	Title	标题
Movie_Publishers	Distributor	发行人
Contribution_PageRange	Page range	页码范围
UnpublishedWork_Edition	Edition	版次
UnpublishedWork_Editors	Editor	编辑
UnpublishedWork_Subtitle	Subtitle	副标题
AudioBook_Collaborators	Reader	朗读者
MusicTrack_Organizations	Orchestra	乐团
File_Authors	Author	作者
UnpublishedWork_Date	Date / Year	日期/年份
File_OnlineAddress	Online address	在线地址
ArchiveMaterial_Plural	Archive Materials	档案材料
AudioOrVideoDocument_Volume	Episode	集
BookEdited_Translators	Translator	译者
BookEdited_OnlineAddress	Online address	在线地址
CourtDecision_Translators	Translator	译者
CollectedWorks_Translators	Translator	译者
ConferenceProceedings_TitleSupplement	Title supplement	标题补充
AudioBook_AccessDate	Access date	访问日期
ArchiveMaterial_Year	Period	时期
ArchiveMaterial_Date	Dating	年代
NewsAgencyReport_AccessDate	Access date	访问日期
Standard_Volume	ICS notation	ICS 分类号
StatuteOrRegulation_Periodical	Periodical	期刊
PressRelease_Title	Title	标题
InterviewMaterial_Plural	Interview Materials	访谈材料
Book_Authors	Author	作者
LegalCommentary_SpecificField1	Std. abbreviation	标准缩写
Contribution_AccessDate	Access date	访问日期
Map_AccessDate	Access date	访问日期
ConferenceProceedings_Volume	Volume in the series	丛书卷号
Broadcast_Title	Title	标题
BookEdited_Title	Title	标题
InternetDocument_Affiliation	Affiliation	隶属机构
UnpublishedWork	Report or Gray Literature	报告或灰色文献
Broadcast_HelpText	Lorem ipsum dolor sit amet, consectetur adipiscing elit. Duis tortor urna, bibendum eu quam eu, pretium scelerisque lacus. Integer aliquet augue sit amet eros ultricies eleifend. Nullam et leo vel lorem mollis aliquam. Mauris non arcu sit amet elit dignissim dapibus. Sed in aliquam nisi. Fusce congue orci eu quam facilisis, eget venenatis eros viverra. In interdum odio id pharetra placerat. Vestibulum rutrum consectetur viverra. Etiam in laoreet enim. Donec et arcu id velit congue scelerisque eget vitae dui. Etiam vitae urna vel turpis rutrum posuere vel non urna. Donec at venenatis justo. Donec tortor ante, dapibus in pharetra in, vulputate sit amet diam.\r\n\r\nEtiam posuere justo orci, eu congue eros hendrerit quis. Vivamus interdum porttitor velit, ullamcorper suscipit nisl pharetra quis. Pellentesque varius neque quis est hendrerit, eu cursus lectus blandit. Fusce enim est, dictum sit amet fringilla sit amet, vehicula ut felis. Praesent vehicula convallis urna, nec interdum lacus varius in. Phasellus hendrerit sapien augue, feugiat rhoncus lectus feugiat eget. Nulla facilisi. Nullam rutrum dui et enim bibendum tincidunt. Nam odio elit, imperdiet ut cursus et, venenatis nec dui.\r\ninterdum aliquet, enim eros mattis magna, eu vehicula nisl risus ac lorem.	Lorem ipsum dolor sit amet, consectetur adipiscing elit. Duis tortor urna, bibendum eu quam eu, pretium scelerisque lacus. Integer aliquet augue sit amet eros ultricies eleifend. Nullam et leo vel lorem mollis aliquam. Mauris non arcu sit amet elit dignissim dapibus. Sed in aliquam nisi. Fusce congue orci eu quam facilisis, eget venenatis eros viverra. In interdum odio id pharetra placerat. Vestibulum rutrum consectetur viverra. Etiam in laoreet enim. Donec et arcu id velit congue scelerisque eget vitae dui. Etiam vitae urna vel turpis rutrum posuere vel non urna. Donec at venenatis justo. Donec tortor ante, dapibus in pharetra in, vulputate sit amet diam.\r\n\r\nEtiam posuere justo orci, eu congue eros hendrerit quis. Vivamus interdum porttitor velit, ullamcorper suscipit nisl pharetra quis. Pellentesque varius neque quis est hendrerit, eu cursus lectus blandit. Fusce enim est, dictum sit amet fringilla sit amet, vehicula ut felis. Praesent vehicula convallis urna, nec interdum lacus varius in. Phasellus hendrerit sapien augue, feugiat rhoncus lectus feugiat eget. Nulla facilisi. Nullam rutrum dui et enim bibendum tincidunt. Nam odio elit, imperdiet ut cursus et, venenatis nec dui.\r\ninterdum aliquet, enim eros mattis magna, eu vehicula nisl risus ac lorem.
MusicAlbum_Translators	Translator	译者
Patent_Translators	Translator	译者
Unknown_Authors	Author	作者
Book_Year	Year	年份
Book_Isbn	ISBN	ISBN
Map_StorageMedium	Medium	存储介质
PersonalCommunication_Collaborators	Recipient	收件人
Contribution_ParentReference	In	收录于
ArchiveMaterial_Volume	Volume number	卷号
Broadcast_Plural	Radio or TV Broadcasts	广播或电视节目
UnpublishedWork_HelpText	Lorem ipsum dolor sit amet, consectetur adipiscing elit. Duis tortor urna, bibendum eu quam eu, pretium scelerisque lacus. Integer aliquet augue sit amet eros ultricies eleifend. Nullam et leo vel lorem mollis aliquam. Mauris non arcu sit amet elit dignissim dapibus. Sed in aliquam nisi. Fusce congue orci eu quam facilisis, eget venenatis eros viverra. In interdum odio id pharetra placerat. Vestibulum rutrum consectetur viverra. Etiam in laoreet enim. Donec et arcu id velit congue scelerisque eget vitae dui. Etiam vitae urna vel turpis rutrum posuere vel non urna. Donec at venenatis justo. Donec tortor ante, dapibus in pharetra in, vulputate sit amet diam.\r\n\r\nEtiam posuere justo orci, eu congue eros hendrerit quis. Vivamus interdum porttitor velit, ullamcorper suscipit nisl pharetra quis. Pellentesque varius neque quis est hendrerit, eu cursus lectus blandit. Fusce enim est, dictum sit amet fringilla sit amet, vehicula ut felis. Praesent vehicula convallis urna, nec interdum lacus varius in. Phasellus hendrerit sapien augue, feugiat rhoncus lectus feugiat eget. Nulla facilisi. Nullam rutrum dui et enim bibendum tincidunt. Nam odio elit, imperdiet ut cursus et, venenatis nec dui.\r\ninterdum aliquet, enim eros mattis magna, eu vehicula nisl risus ac lorem.	Lorem ipsum dolor sit amet, consectetur adipiscing elit. Duis tortor urna, bibendum eu quam eu, pretium scelerisque lacus. Integer aliquet augue sit amet eros ultricies eleifend. Nullam et leo vel lorem mollis aliquam. Mauris non arcu sit amet elit dignissim dapibus. Sed in aliquam nisi. Fusce congue orci eu quam facilisis, eget venenatis eros viverra. In interdum odio id pharetra placerat. Vestibulum rutrum consectetur viverra. Etiam in laoreet enim. Donec et arcu id velit congue scelerisque eget vitae dui. Etiam vitae urna vel turpis rutrum posuere vel non urna. Donec at venenatis justo. Donec tortor ante, dapibus in pharetra in, vulputate sit amet diam.\r\n\r\nEtiam posuere justo orci, eu congue eros hendrerit quis. Vivamus interdum porttitor velit, ullamcorper suscipit nisl pharetra quis. Pellentesque varius neque quis est hendrerit, eu cursus lectus blandit. Fusce enim est, dictum sit amet fringilla sit amet, vehicula ut felis. Praesent vehicula convallis urna, nec interdum lacus varius in. Phasellus hendrerit sapien augue, feugiat rhoncus lectus feugiat eget. Nulla facilisi. Nullam rutrum dui et enim bibendum tincidunt. Nam odio elit, imperdiet ut cursus et, venenatis nec dui.\r\ninterdum aliquet, enim eros mattis magna, eu vehicula nisl risus ac lorem.
Lecture_Organizations	Organization	组织
PressRelease_Collaborators	Contact person	联系人
BookEdited_Publishers	Publisher	出版社
InternetDocument	Internet Document	互联网文献
Broadcast_Volume	Episode	集
Broadcast_Affiliation	Affiliation	隶属机构
InternetDocument_HelpText	Lorem ipsum dolor sit amet, consectetur adipiscing elit. Duis tortor urna, bibendum eu quam eu, pretium scelerisque lacus. Integer aliquet augue sit amet eros ultricies eleifend. Nullam et leo vel lorem mollis aliquam. Mauris non arcu sit amet elit dignissim dapibus. Sed in aliquam nisi. Fusce congue orci eu quam facilisis, eget venenatis eros viverra. In interdum odio id pharetra placerat. Vestibulum rutrum consectetur viverra. Etiam in laoreet enim. Donec et arcu id velit congue scelerisque eget vitae dui. Etiam vitae urna vel turpis rutrum posuere vel non urna. Donec at venenatis justo. Donec tortor ante, dapibus in pharetra in, vulputate sit amet diam.\r\n\r\nEtiam posuere justo orci, eu congue eros hendrerit quis. Vivamus interdum porttitor velit, ullamcorper suscipit nisl pharetra quis. Pellentesque varius neque quis est hendrerit, eu cursus lectus blandit. Fusce enim est, dictum sit amet fringilla sit amet, vehicula ut felis. Praesent vehicula convallis urna, nec interdum lacus varius in. Phasellus hendrerit sapien augue, feugiat rhoncus lectus feugiat eget. Nulla facilisi. Nullam rutrum dui et enim bibendum tincidunt. Nam odio elit, imperdiet ut cursus et, venenatis nec dui.\r\ninterdum aliquet, enim eros mattis magna, eu vehicula nisl risus ac lorem.	Lorem ipsum dolor sit amet, consectetur adipiscing elit. Duis tortor urna, bibendum eu quam eu, pretium scelerisque lacus. Integer aliquet augue sit amet eros ultricies eleifend. Nullam et leo vel lorem mollis aliquam. Mauris non arcu sit amet elit dignissim dapibus. Sed in aliquam nisi. Fusce congue orci eu quam facilisis, eget venenatis eros viverra. In interdum odio id pharetra placerat. Vestibulum rutrum consectetur viverra. Etiam in laoreet enim. Donec et arcu id velit congue scelerisque eget vitae dui. Etiam vitae urna vel turpis rutrum posuere vel non urna. Donec at venenatis justo. Donec tortor ante, dapibus in pharetra in, vulputate sit amet diam.\r\n\r\nEtiam posuere justo orci, eu congue eros hendrerit quis. Vivamus interdum porttitor velit, ullamcorper suscipit nisl pharetra quis. Pellentesque varius neque quis est hendrerit, eu cursus lectus blandit. Fusce enim est, dictum sit amet fringilla sit amet, vehicula ut felis. Praesent vehicula convallis urna, nec interdum lacus varius in. Phasellus hendrerit sapien augue, feugiat rhoncus lectus feugiat eget. Nulla facilisi. Nullam rutrum dui et enim bibendum tincidunt. Nam odio elit, imperdiet ut cursus et, venenatis nec dui.\r\ninterdum aliquet, enim eros mattis magna, eu vehicula nisl risus ac lorem.
SpecialIssue_Editors	Editor	编辑
Book_Publishers	Publisher	出版社
RadioPlay_Subtitle	Subtitle	副标题
RadioPlay_HelpText	Lorem ipsum dolor sit amet, consectetur adipiscing elit. Duis tortor urna, bibendum eu quam eu, pretium scelerisque lacus. Integer aliquet augue sit amet eros ultricies eleifend. Nullam et leo vel lorem mollis aliquam. Mauris non arcu sit amet elit dignissim dapibus. Sed in aliquam nisi. Fusce congue orci eu quam facilisis, eget venenatis eros viverra. In interdum odio id pharetra placerat. Vestibulum rutrum consectetur viverra. Etiam in laoreet enim. Donec et arcu id velit congue scelerisque eget vitae dui. Etiam vitae urna vel turpis rutrum posuere vel non urna. Donec at venenatis justo. Donec tortor ante, dapibus in pharetra in, vulputate sit amet diam.\r\n\r\nEtiam posuere justo orci, eu congue eros hendrerit quis. Vivamus interdum porttitor velit, ullamcorper suscipit nisl pharetra quis. Pellentesque varius neque quis est hendrerit, eu cursus lectus blandit. Fusce enim est, dictum sit amet fringilla sit amet, vehicula ut felis. Praesent vehicula convallis urna, nec interdum lacus varius in. Phasellus hendrerit sapien augue, feugiat rhoncus lectus feugiat eget. Nulla facilisi. Nullam rutrum dui et enim bibendum tincidunt. Nam odio elit, imperdiet ut cursus et, venenatis nec dui.\r\ninterdum aliquet, enim eros mattis magna, eu vehicula nisl risus ac lorem.	Lorem ipsum dolor sit amet, consectetur adipiscing elit. Duis tortor urna, bibendum eu quam eu, pretium scelerisque lacus. Integer aliquet augue sit amet eros ultricies eleifend. Nullam et leo vel lorem mollis aliquam. Mauris non arcu sit amet elit dignissim dapibus. Sed in aliquam nisi. Fusce congue orci eu quam facilisis, eget venenatis eros viverra. In interdum odio id pharetra placerat. Vestibulum rutrum consectetur viverra. Etiam in laoreet enim. Donec et arcu id velit congue scelerisque eget vitae dui. Etiam vitae urna vel turpis rutrum posuere vel non urna. Donec at venenatis justo. Donec tortor ante, dapibus in pharetra in, vulputate sit amet diam.\r\n\r\nEtiam posuere justo orci, eu congue eros hendrerit quis. Vivamus interdum porttitor velit, ullamcorper suscipit nisl pharetra quis. Pellentesque varius neque quis est hendrerit, eu cursus lectus blandit. Fusce enim est, dictum sit amet fringilla sit amet, vehicula ut felis. Praesent vehicula convallis urna, nec interdum lacus varius in. Phasellus hendrerit sapien augue, feugiat rhoncus lectus feugiat eget. Nulla facilisi. Nullam rutrum dui et enim bibendum tincidunt. Nam odio elit, imperdiet ut cursus et, venenatis nec dui.\r\ninterdum aliquet, enim eros mattis magna, eu vehicula nisl risus ac lorem.
AudioBook_SpecificField3	Copyright	版权
AudioBook_SpecificField2	Length	时长
Map	Map	地图
Movie	Movie	影片
StatuteOrRegulation_ParentReference	In	收录于
Book_HelpText	<p>A single independent, complete work, written by one author or a team of authors who share the responsibility of the text (in one volume or a finite set of volumes).</p><p></p>	<p>由一位作者或共同承担文本责任的多位作者撰写的单部独立完整著作（单卷或有限卷数）。</p><p></p>
SpecialIssue_PlaceOfPublication	Place of publication	出版地
AudioBook	Audio Book	有声书
ConferenceProceedings_Plural	Conference Proceedings	会议论文集
InternetDocument_Organizations	Organization	组织
AudioBook_Title	Title	标题
AudioOrVideoDocument_Plural	Audio or Video Documents	音频或视频文献
NewsAgencyReport_Translators	Translator	译者
Broadcast_AccessDate	Access date	访问日期
ComputerProgram_Isbn	ISBN / EAN	ISBN / EAN
Movie_Affiliation	Affiliation	隶属机构
ComputerProgram_Year	Year	年份
ComputerProgram_TitleSupplement	Technical details	技术细节
File_AccessDate	Access date	访问日期
AudioBook_OnlineAddress	Online address	在线地址
UnpublishedWork_Translators	Translator	译者
InterviewMaterial_Date	Date	日期
LegalCommentary_Isbn	ISBN	ISBN
LegalCommentary_Year	Year	年份
MusicAlbum_SpecificField2	Length	时长
ComputerProgram	Software	软件
PersonalCommunication	Personal Communication	个人通信
Patent_Date2	Issue date	公布日期
Map_PlaceOfPublication	Place of publication	出版地
AudioBook_Edition	Edition	版次
AudioBook_Editors	Director	导演
Patent_Title	Title	标题
File_Plural	Files	文件
NewsAgencyReport_Publishers	Agency	机构
InternetDocument_Edition	Edition	版次
InternetDocument_Editors	Editor	编辑
MusicTrack_OnlineAddress	Online address	在线地址
CourtDecision_AccessDate	Access date	访问日期
RadioPlay_OnlineAddress	Online address	在线地址
Patent_Date	Application date	申请日期
Patent_Year	Issue year	公布年份
Thesis_Subtitle	Subtitle	副标题
MusicAlbum_Isbn	ISBN / EAN	ISBN / EAN
MusicAlbum_Year	Year	年份
Book_PlaceOfPublication	Place of publication	出版地
File_Number	File number	文件编号
AudioOrVideoDocument	Audio or Video Document	音频或视频文档
CollectedWorks_Publishers	Publisher	出版社
ComputerProgram_Title	Program name	程序名称
Thesis_Number	Document number	文献编号
BookEdited_Volume	Volume in the series	丛书卷号
Standard_Affiliation	Affiliation	隶属机构
Book_Translators	Translator	译者
SpecialIssue_Translators	Translator	译者
MusicTrack_TitleSupplement	Title supplement	标题补充
BookEdited_Editors	Editor	编辑
BookEdited_Edition	Edition	版次
CourtDecision_Periodical	Reporter	判例汇编
ConferenceProceedings	Conference Proceedings	会议论文集
Unknown_Translators	Translator	译者
BookEdited_Plural	Books, Edited	图书（编著）
RadioPlay_Edition	Edition	版次
RadioPlay_Editors	Director	导演
AudioOrVideoDocument_Publishers	Publisher	出版社
ComputerProgram_Authors	Developer	开发者
AudioBook_TitleSupplement	Title supplement	标题补充
NewsAgencyReport_TitleSupplement	Title supplement	标题补充
RadioPlay_SeriesTitle	Series title	系列标题
InternetDocument_Number	Number	编号
ComputerProgram_Translators	Translator	译者
BookEdited_SeriesTitle	Series title	系列标题
File_Affiliation	Affiliation	隶属机构
Standard_OnlineAddress	Online address	在线地址
Standard_Date	Date of issue	发布日期
Lecture_TitleSupplement	Title supplement	标题补充
ConferenceProceedings_PlaceOfPublication	Place of publication	出版地
CollectedWorks_HelpText	<p>A selected or complete collection of the work of an author in one or more volumes. This can range from a small anthology of fiction to a collection of an author's scholarly writings, or to a historical-critical edition of the complete works of an author. </p><p></p><p></p><p>To cite a single work from a collected work, use the <strong>Contribution</strong> reference type.</p>	<p>一位作者的选集或全集，分为一卷或多卷。范围可以从小型小说选集到某位作者的学术著作集，或某位作者全集的历史校勘版。</p><p></p><p></p><p>要引用文集中的单篇作品，请使用<strong>贡献</strong>参考文献类型。</p>
Unknown_StorageMedium	Medium	存储介质
UnpublishedWork_OnlineAddress	Online address	在线地址
LegalCommentary_TitleSupplement	Title supplement	标题补充
NewspaperArticle	Newspaper Article	报纸文章
NewspaperArticle_Translators	Translator	译者
ArchiveMaterial	Archive Material	档案材料
Broadcast_Authors	Writer	编剧
NewspaperArticle_Number	Edition	版次
NewspaperArticle_PlaceOfPublication	Place of publication	出版地
AudioBook_Publishers	Publisher	出版社
RadioPlay_SpecificField3	Copyright	版权
RadioPlay_SpecificField2	Length	时长
Map_Isbn	ISBN / EAN	ISBN / EAN
Map_Year	Year	年份
File_Translators	Translator	译者
MusicAlbum_Title	Title	标题
PersonalCommunication_TitleSupplement	Mode	模式
StatuteOrRegulation_HelpText	Lorem ipsum dolor sit amet, consectetur adipiscing elit. Duis tortor urna, bibendum eu quam eu, pretium scelerisque lacus. Integer aliquet augue sit amet eros ultricies eleifend. Nullam et leo vel lorem mollis aliquam. Mauris non arcu sit amet elit dignissim dapibus. Sed in aliquam nisi. Fusce congue orci eu quam facilisis, eget venenatis eros viverra. In interdum odio id pharetra placerat. Vestibulum rutrum consectetur viverra. Etiam in laoreet enim. Donec et arcu id velit congue scelerisque eget vitae dui. Etiam vitae urna vel turpis rutrum posuere vel non urna. Donec at venenatis justo. Donec tortor ante, dapibus in pharetra in, vulputate sit amet diam.\r\n\r\nEtiam posuere justo orci, eu congue eros hendrerit quis. Vivamus interdum porttitor velit, ullamcorper suscipit nisl pharetra quis. Pellentesque varius neque quis est hendrerit, eu cursus lectus blandit. Fusce enim est, dictum sit amet fringilla sit amet, vehicula ut felis. Praesent vehicula convallis urna, nec interdum lacus varius in. Phasellus hendrerit sapien augue, feugiat rhoncus lectus feugiat eget. Nulla facilisi. Nullam rutrum dui et enim bibendum tincidunt. Nam odio elit, imperdiet ut cursus et, venenatis nec dui.\r\ninterdum aliquet, enim eros mattis magna, eu vehicula nisl risus ac lorem.	Lorem ipsum dolor sit amet, consectetur adipiscing elit. Duis tortor urna, bibendum eu quam eu, pretium scelerisque lacus. Integer aliquet augue sit amet eros ultricies eleifend. Nullam et leo vel lorem mollis aliquam. Mauris non arcu sit amet elit dignissim dapibus. Sed in aliquam nisi. Fusce congue orci eu quam facilisis, eget venenatis eros viverra. In interdum odio id pharetra placerat. Vestibulum rutrum consectetur viverra. Etiam in laoreet enim. Donec et arcu id velit congue scelerisque eget vitae dui. Etiam vitae urna vel turpis rutrum posuere vel non urna. Donec at venenatis justo. Donec tortor ante, dapibus in pharetra in, vulputate sit amet diam.\r\n\r\nEtiam posuere justo orci, eu congue eros hendrerit quis. Vivamus interdum porttitor velit, ullamcorper suscipit nisl pharetra quis. Pellentesque varius neque quis est hendrerit, eu cursus lectus blandit. Fusce enim est, dictum sit amet fringilla sit amet, vehicula ut felis. Praesent vehicula convallis urna, nec interdum lacus varius in. Phasellus hendrerit sapien augue, feugiat rhoncus lectus feugiat eget. Nulla facilisi. Nullam rutrum dui et enim bibendum tincidunt. Nam odio elit, imperdiet ut cursus et, venenatis nec dui.\r\ninterdum aliquet, enim eros mattis magna, eu vehicula nisl risus ac lorem.
PressRelease_Date	Date	日期
InterviewMaterial_Title	Title / Topic	标题 / 主题
MusicAlbum_Affiliation	Affiliation	隶属机构
Movie_Date2	Release date	发行日期
ContributionInLegalCommentary_HelpText	Lorem ipsum dolor sit amet, consectetur adipiscing elit. Duis tortor urna, bibendum eu quam eu, pretium scelerisque lacus. Integer aliquet augue sit amet eros ultricies eleifend. Nullam et leo vel lorem mollis aliquam. Mauris non arcu sit amet elit dignissim dapibus. Sed in aliquam nisi. Fusce congue orci eu quam facilisis, eget venenatis eros viverra. In interdum odio id pharetra placerat. Vestibulum rutrum consectetur viverra. Etiam in laoreet enim. Donec et arcu id velit congue scelerisque eget vitae dui. Etiam vitae urna vel turpis rutrum posuere vel non urna. Donec at venenatis justo. Donec tortor ante, dapibus in pharetra in, vulputate sit amet diam.\r\n\r\nEtiam posuere justo orci, eu congue eros hendrerit quis. Vivamus interdum porttitor velit, ullamcorper suscipit nisl pharetra quis. Pellentesque varius neque quis est hendrerit, eu cursus lectus blandit. Fusce enim est, dictum sit amet fringilla sit amet, vehicula ut felis. Praesent vehicula convallis urna, nec interdum lacus varius in. Phasellus hendrerit sapien augue, feugiat rhoncus lectus feugiat eget. Nulla facilisi. Nullam rutrum dui et enim bibendum tincidunt. Nam odio elit, imperdiet ut cursus et, venenatis nec dui.\r\ninterdum aliquet, enim eros mattis magna, eu vehicula nisl risus ac lorem.	Lorem ipsum dolor sit amet, consectetur adipiscing elit. Duis tortor urna, bibendum eu quam eu, pretium scelerisque lacus. Integer aliquet augue sit amet eros ultricies eleifend. Nullam et leo vel lorem mollis aliquam. Mauris non arcu sit amet elit dignissim dapibus. Sed in aliquam nisi. Fusce congue orci eu quam facilisis, eget venenatis eros viverra. In interdum odio id pharetra placerat. Vestibulum rutrum consectetur viverra. Etiam in laoreet enim. Donec et arcu id velit congue scelerisque eget vitae dui. Etiam vitae urna vel turpis rutrum posuere vel non urna. Donec at venenatis justo. Donec tortor ante, dapibus in pharetra in, vulputate sit amet diam.\r\n\r\nEtiam posuere justo orci, eu congue eros hendrerit quis. Vivamus interdum porttitor velit, ullamcorper suscipit nisl pharetra quis. Pellentesque varius neque quis est hendrerit, eu cursus lectus blandit. Fusce enim est, dictum sit amet fringilla sit amet, vehicula ut felis. Praesent vehicula convallis urna, nec interdum lacus varius in. Phasellus hendrerit sapien augue, feugiat rhoncus lectus feugiat eget. Nulla facilisi. Nullam rutrum dui et enim bibendum tincidunt. Nam odio elit, imperdiet ut cursus et, venenatis nec dui.\r\ninterdum aliquet, enim eros mattis magna, eu vehicula nisl risus ac lorem.
Thesis_PlaceOfPublication	Location of institution	机构所在地
LegalCommentary_Title	Title	标题
Movie_Title	Title	标题
AudioOrVideoDocument_Authors	Author	作者
Lecture_SpecificField2	Length	时长
InterviewMaterial_TitleSupplement	Title supplement	标题补充
Map_OnlineAddress	Online address	在线地址
NewsAgencyReport_PlaceOfPublication	Location	位置
PressRelease_Subtitle	Subtitle	副标题
SpecialIssue	Special Issue	特刊
ArchiveMaterial_SpecificField1	Archive location	档案存放地
Book_Volume	Volume in the series	丛书卷号
Book_Subtitle	Subtitle	副标题
JournalArticle_TitleSupplement	Title supplement	标题补充
NewsAgencyReport_Subtitle	Subtitle	副标题
LegalCommentary_Affiliation	Affiliation	隶属机构
ArchiveMaterial_ParentReference	Published in	发表于
PersonalCommunication_Plural	Personal Communications	个人通信
Broadcast_TitleSupplement	Title supplement	标题补充
RadioPlay_Affiliation	Affiliation	隶属机构
InterviewMaterial_AccessDate	Access date	访问日期
AudioBook_Isbn	ISBN / EAN	ISBN / EAN
AudioBook_Year	Year	年份
Lecture_Subtitle	Subtitle	副标题
InterviewMaterial_SpecificField2	Length	时长
Movie_Date	Broadcast date	播出日期
Movie_Isbn	ISBN / EAN	ISBN / EAN
Movie_Year	Year	年份
Unknown_Title	Title	标题
Book_Plural	Books	图书
CollectedWorks_Subtitle	Subtitle	副标题
MusicAlbum_Subtitle	Subtitle	副标题
NewspaperArticle_Volume	Volume	卷
AudioOrVideoDocument_Collaborators	Editor	编辑
ArchiveMaterial_Number	Call number	索书号
Unknown_Date2	Date 2	日期 2
Standard_Edition	Revision number	修订号
NewspaperArticle_TitleSupplement	Title supplement	标题补充
CollectedWorks_Volume	Volume in the series	丛书卷号
Thesis_HelpText	Lorem ipsum dolor sit amet, consectetur adipiscing elit. Duis tortor urna, bibendum eu quam eu, pretium scelerisque lacus. Integer aliquet augue sit amet eros ultricies eleifend. Nullam et leo vel lorem mollis aliquam. Mauris non arcu sit amet elit dignissim dapibus. Sed in aliquam nisi. Fusce congue orci eu quam facilisis, eget venenatis eros viverra. In interdum odio id pharetra placerat. Vestibulum rutrum consectetur viverra. Etiam in laoreet enim. Donec et arcu id velit congue scelerisque eget vitae dui. Etiam vitae urna vel turpis rutrum posuere vel non urna. Donec at venenatis justo. Donec tortor ante, dapibus in pharetra in, vulputate sit amet diam.\r\n\r\nEtiam posuere justo orci, eu congue eros hendrerit quis. Vivamus interdum porttitor velit, ullamcorper suscipit nisl pharetra quis. Pellentesque varius neque quis est hendrerit, eu cursus lectus blandit. Fusce enim est, dictum sit amet fringilla sit amet, vehicula ut felis. Praesent vehicula convallis urna, nec interdum lacus varius in. Phasellus hendrerit sapien augue, feugiat rhoncus lectus feugiat eget. Nulla facilisi. Nullam rutrum dui et enim bibendum tincidunt. Nam odio elit, imperdiet ut cursus et, venenatis nec dui.\r\ninterdum aliquet, enim eros mattis magna, eu vehicula nisl risus ac lorem.	Lorem ipsum dolor sit amet, consectetur adipiscing elit. Duis tortor urna, bibendum eu quam eu, pretium scelerisque lacus. Integer aliquet augue sit amet eros ultricies eleifend. Nullam et leo vel lorem mollis aliquam. Mauris non arcu sit amet elit dignissim dapibus. Sed in aliquam nisi. Fusce congue orci eu quam facilisis, eget venenatis eros viverra. In interdum odio id pharetra placerat. Vestibulum rutrum consectetur viverra. Etiam in laoreet enim. Donec et arcu id velit congue scelerisque eget vitae dui. Etiam vitae urna vel turpis rutrum posuere vel non urna. Donec at venenatis justo. Donec tortor ante, dapibus in pharetra in, vulputate sit amet diam.\r\n\r\nEtiam posuere justo orci, eu congue eros hendrerit quis. Vivamus interdum porttitor velit, ullamcorper suscipit nisl pharetra quis. Pellentesque varius neque quis est hendrerit, eu cursus lectus blandit. Fusce enim est, dictum sit amet fringilla sit amet, vehicula ut felis. Praesent vehicula convallis urna, nec interdum lacus varius in. Phasellus hendrerit sapien augue, feugiat rhoncus lectus feugiat eget. Nulla facilisi. Nullam rutrum dui et enim bibendum tincidunt. Nam odio elit, imperdiet ut cursus et, venenatis nec dui.\r\ninterdum aliquet, enim eros mattis magna, eu vehicula nisl risus ac lorem.
File_HelpText	Lorem ipsum dolor sit amet, consectetur adipiscing elit. Duis tortor urna, bibendum eu quam eu, pretium scelerisque lacus. Integer aliquet augue sit amet eros ultricies eleifend. Nullam et leo vel lorem mollis aliquam. Mauris non arcu sit amet elit dignissim dapibus. Sed in aliquam nisi. Fusce congue orci eu quam facilisis, eget venenatis eros viverra. In interdum odio id pharetra placerat. Vestibulum rutrum consectetur viverra. Etiam in laoreet enim. Donec et arcu id velit congue scelerisque eget vitae dui. Etiam vitae urna vel turpis rutrum posuere vel non urna. Donec at venenatis justo. Donec tortor ante, dapibus in pharetra in, vulputate sit amet diam.\r\n\r\nEtiam posuere justo orci, eu congue eros hendrerit quis. Vivamus interdum porttitor velit, ullamcorper suscipit nisl pharetra quis. Pellentesque varius neque quis est hendrerit, eu cursus lectus blandit. Fusce enim est, dictum sit amet fringilla sit amet, vehicula ut felis. Praesent vehicula convallis urna, nec interdum lacus varius in. Phasellus hendrerit sapien augue, feugiat rhoncus lectus feugiat eget. Nulla facilisi. Nullam rutrum dui et enim bibendum tincidunt. Nam odio elit, imperdiet ut cursus et, venenatis nec dui.\r\ninterdum aliquet, enim eros mattis magna, eu vehicula nisl risus ac lorem.	Lorem ipsum dolor sit amet, consectetur adipiscing elit. Duis tortor urna, bibendum eu quam eu, pretium scelerisque lacus. Integer aliquet augue sit amet eros ultricies eleifend. Nullam et leo vel lorem mollis aliquam. Mauris non arcu sit amet elit dignissim dapibus. Sed in aliquam nisi. Fusce congue orci eu quam facilisis, eget venenatis eros viverra. In interdum odio id pharetra placerat. Vestibulum rutrum consectetur viverra. Etiam in laoreet enim. Donec et arcu id velit congue scelerisque eget vitae dui. Etiam vitae urna vel turpis rutrum posuere vel non urna. Donec at venenatis justo. Donec tortor ante, dapibus in pharetra in, vulputate sit amet diam.\r\n\r\nEtiam posuere justo orci, eu congue eros hendrerit quis. Vivamus interdum porttitor velit, ullamcorper suscipit nisl pharetra quis. Pellentesque varius neque quis est hendrerit, eu cursus lectus blandit. Fusce enim est, dictum sit amet fringilla sit amet, vehicula ut felis. Praesent vehicula convallis urna, nec interdum lacus varius in. Phasellus hendrerit sapien augue, feugiat rhoncus lectus feugiat eget. Nulla facilisi. Nullam rutrum dui et enim bibendum tincidunt. Nam odio elit, imperdiet ut cursus et, venenatis nec dui.\r\ninterdum aliquet, enim eros mattis magna, eu vehicula nisl risus ac lorem.
UnpublishedWork_StorageMedium	Medium	存储介质
NewspaperArticle_Plural	Newspaper Articles	报纸文章
ComputerProgram_AccessDate	Access date	访问日期
Movie_OnlineAddress	Online address	在线地址
CollectedWorks_Title	Title	标题
ConferenceProceedings_Collaborators	Collaborators	合著者
Book_NumberOfVolumes	Number of volumes	卷数
AudioBook_Affiliation	Affiliation	隶属机构
Thesis_Plural	Theses	学位论文
LegalCommentary_Plural	Legal Commentaries	法律评注
Thesis_StorageMedium	File format	文件格式
PressRelease_HelpText	Lorem ipsum dolor sit amet, consectetur adipiscing elit. Duis tortor urna, bibendum eu quam eu, pretium scelerisque lacus. Integer aliquet augue sit amet eros ultricies eleifend. Nullam et leo vel lorem mollis aliquam. Mauris non arcu sit amet elit dignissim dapibus. Sed in aliquam nisi. Fusce congue orci eu quam facilisis, eget venenatis eros viverra. In interdum odio id pharetra placerat. Vestibulum rutrum consectetur viverra. Etiam in laoreet enim. Donec et arcu id velit congue scelerisque eget vitae dui. Etiam vitae urna vel turpis rutrum posuere vel non urna. Donec at venenatis justo. Donec tortor ante, dapibus in pharetra in, vulputate sit amet diam.\r\n\r\nEtiam posuere justo orci, eu congue eros hendrerit quis. Vivamus interdum porttitor velit, ullamcorper suscipit nisl pharetra quis. Pellentesque varius neque quis est hendrerit, eu cursus lectus blandit. Fusce enim est, dictum sit amet fringilla sit amet, vehicula ut felis. Praesent vehicula convallis urna, nec interdum lacus varius in. Phasellus hendrerit sapien augue, feugiat rhoncus lectus feugiat eget. Nulla facilisi. Nullam rutrum dui et enim bibendum tincidunt. Nam odio elit, imperdiet ut cursus et, venenatis nec dui.\r\ninterdum aliquet, enim eros mattis magna, eu vehicula nisl risus ac lorem.	Lorem ipsum dolor sit amet, consectetur adipiscing elit. Duis tortor urna, bibendum eu quam eu, pretium scelerisque lacus. Integer aliquet augue sit amet eros ultricies eleifend. Nullam et leo vel lorem mollis aliquam. Mauris non arcu sit amet elit dignissim dapibus. Sed in aliquam nisi. Fusce congue orci eu quam facilisis, eget venenatis eros viverra. In interdum odio id pharetra placerat. Vestibulum rutrum consectetur viverra. Etiam in laoreet enim. Donec et arcu id velit congue scelerisque eget vitae dui. Etiam vitae urna vel turpis rutrum posuere vel non urna. Donec at venenatis justo. Donec tortor ante, dapibus in pharetra in, vulputate sit amet diam.\r\n\r\nEtiam posuere justo orci, eu congue eros hendrerit quis. Vivamus interdum porttitor velit, ullamcorper suscipit nisl pharetra quis. Pellentesque varius neque quis est hendrerit, eu cursus lectus blandit. Fusce enim est, dictum sit amet fringilla sit amet, vehicula ut felis. Praesent vehicula convallis urna, nec interdum lacus varius in. Phasellus hendrerit sapien augue, feugiat rhoncus lectus feugiat eget. Nulla facilisi. Nullam rutrum dui et enim bibendum tincidunt. Nam odio elit, imperdiet ut cursus et, venenatis nec dui.\r\ninterdum aliquet, enim eros mattis magna, eu vehicula nisl risus ac lorem.
Broadcast_Organizations	Station	电台
MusicTrack_Translators	Translator	译者
Map_HelpText	Lorem ipsum dolor sit amet, consectetur adipiscing elit. Duis tortor urna, bibendum eu quam eu, pretium scelerisque lacus. Integer aliquet augue sit amet eros ultricies eleifend. Nullam et leo vel lorem mollis aliquam. Mauris non arcu sit amet elit dignissim dapibus. Sed in aliquam nisi. Fusce congue orci eu quam facilisis, eget venenatis eros viverra. In interdum odio id pharetra placerat. Vestibulum rutrum consectetur viverra. Etiam in laoreet enim. Donec et arcu id velit congue scelerisque eget vitae dui. Etiam vitae urna vel turpis rutrum posuere vel non urna. Donec at venenatis justo. Donec tortor ante, dapibus in pharetra in, vulputate sit amet diam.\r\n\r\nEtiam posuere justo orci, eu congue eros hendrerit quis. Vivamus interdum porttitor velit, ullamcorper suscipit nisl pharetra quis. Pellentesque varius neque quis est hendrerit, eu cursus lectus blandit. Fusce enim est, dictum sit amet fringilla sit amet, vehicula ut felis. Praesent vehicula convallis urna, nec interdum lacus varius in. Phasellus hendrerit sapien augue, feugiat rhoncus lectus feugiat eget. Nulla facilisi. Nullam rutrum dui et enim bibendum tincidunt. Nam odio elit, imperdiet ut cursus et, venenatis nec dui.\r\ninterdum aliquet, enim eros mattis magna, eu vehicula nisl risus ac lorem.	Lorem ipsum dolor sit amet, consectetur adipiscing elit. Duis tortor urna, bibendum eu quam eu, pretium scelerisque lacus. Integer aliquet augue sit amet eros ultricies eleifend. Nullam et leo vel lorem mollis aliquam. Mauris non arcu sit amet elit dignissim dapibus. Sed in aliquam nisi. Fusce congue orci eu quam facilisis, eget venenatis eros viverra. In interdum odio id pharetra placerat. Vestibulum rutrum consectetur viverra. Etiam in laoreet enim. Donec et arcu id velit congue scelerisque eget vitae dui. Etiam vitae urna vel turpis rutrum posuere vel non urna. Donec at venenatis justo. Donec tortor ante, dapibus in pharetra in, vulputate sit amet diam.\r\n\r\nEtiam posuere justo orci, eu congue eros hendrerit quis. Vivamus interdum porttitor velit, ullamcorper suscipit nisl pharetra quis. Pellentesque varius neque quis est hendrerit, eu cursus lectus blandit. Fusce enim est, dictum sit amet fringilla sit amet, vehicula ut felis. Praesent vehicula convallis urna, nec interdum lacus varius in. Phasellus hendrerit sapien augue, feugiat rhoncus lectus feugiat eget. Nulla facilisi. Nullam rutrum dui et enim bibendum tincidunt. Nam odio elit, imperdiet ut cursus et, venenatis nec dui.\r\ninterdum aliquet, enim eros mattis magna, eu vehicula nisl risus ac lorem.
Book_Edition	Edition	版次
BookEdited	Book, Edited	图书(编著)
LegalCommentary_Volume	Volume in the series	丛书卷号
Thesis_Affiliation	Affiliation	隶属机构
ContributionInLegalCommentary_PageRange	Page range	页码范围
ConferenceProceedings_OnlineAddress	Online address	在线地址
ContributionInLegalCommentary_Affiliation	Affiliation	隶属机构
ArchiveMaterial_PageRange	Page range	页码范围
Movie_Organizations	Station	电台
Thesis_TitleSupplement	Type of thesis	论文类型
Unknown_AccessDate	Access date	访问日期
Movie_Plural	Movies	电影
Thesis_Collaborators	Academic advisor	导师
PressRelease_Translators	Translator	译者
MusicAlbum	Musical Work / Music Album	音乐作品/音乐专辑
UnpublishedWork_Organizations	Organization	组织
MusicTrack	Music Track	音乐曲目
JournalArticle_PageRange	Page range	页码范围
ConferenceProceedings_Subtitle	Subtitle	副标题
InternetDocument_Authors	Author	作者
ArchiveMaterial_Translators	Translator	译者
Standard_SpecificField2	Type of standard	标准类型
NewspaperArticle_Periodical	Newspaper	报纸
Broadcast_Publishers	Production company	制作公司
ConferenceProceedings_AccessDate	Access date	访问日期
NewspaperArticle_OnlineAddress	Online address	在线地址
JournalArticle_Subtitle	Subtitle	副标题
Thesis_Title	Title	标题
AudioOrVideoDocument_Isbn	ISBN /EAN	ISBN /EAN
AudioOrVideoDocument_Year	Year	年份
Standard_PlaceOfPublication	Place of publication	出版地
Patent_Subtitle	Type	类型
MusicAlbum_Editors	Conductor	指挥
Map_Edition	Edition / Issue	版本/期号
ConferenceProceedings_Publishers	Publisher	出版社
UnpublishedWork_TitleSupplement	Title supplement	标题补充
LegalCommentary_OnlineAddress	Online address	在线地址
CollectedWorks_Plural	Collected Works	文集
ComputerProgram_Affiliation	Affiliation	隶属机构
CollectedWorks_Authors	Author	作者
Broadcast_SpecificField2	Length	时长
AudioBook_Authors	Author	作者
Lecture	Presentation	报告
PressRelease_Authors	Author	作者
AudioOrVideoDocument_Subtitle	Subtitle	副标题
UnpublishedWork_Plural	Reports or Gray Literature	报告或灰色文献
ContributionInLegalCommentary_Date2	Date updated	更新日期
Book_Title	Title	标题
UnpublishedWork_AccessDate	Access date	访问日期
NewsAgencyReport_SpecificField4	Embargo	禁发期
ContributionInLegalCommentary_Title	Sections	章节
ComputerProgram_Plural	Software	软件
Unknown_Editors	Editor	编辑
Unknown_Edition	Edition	版次
StatuteOrRegulation_OnlineAddress	Online address	在线地址
Book_StorageMedium	Medium	存储介质
CollectedWorks_Edition	Edition	版次
CollectedWorks_Editors	Editor	编辑
Manuscript_Authors	Author	作者
Standard_Subtitle	Subtitle	副标题
Broadcast	Radio or TV Broadcast	广播或电视播出
Manuscript_PlaceOfPublication	Place	地点
PersonalCommunication_AccessDate	Access date	访问日期
Patent_Number	Patent number	专利号
PersonalCommunication_PlaceOfPublication	Place	地点
RadioPlay_StorageMedium	Medium	存储介质
AudioOrVideoDocument_Translators	Translator	译者
ConferenceProceedings_SeriesTitle	Series title	系列标题
Lecture_Plural	Presentations	演示文稿
ContributionInLegalCommentary_Plural	Contributions in Legal Commentary	法律评注中的贡献
ContributionInLegalCommentary_ParentReference	In	收录于
Manuscript_Plural	Manuscripts	手稿
InternetDocument_SeriesTitle	Series title	系列标题
PressRelease_SpecificField4	Embargo	禁发期
PressRelease_SpecificField2	Contact address	联系地址
Manuscript_Translators	Translator	译者
RadioPlay_Isbn	ISBN / EAN	ISBN / EAN
RadioPlay_Date	Broadcast date	播出日期
RadioPlay_Year	Year	年份
Contribution_HelpText	Lorem ipsum dolor sit amet, consectetur adipiscing elit. Duis tortor urna, bibendum eu quam eu, pretium scelerisque lacus. Integer aliquet augue sit amet eros ultricies eleifend. Nullam et leo vel lorem mollis aliquam. Mauris non arcu sit amet elit dignissim dapibus. Sed in aliquam nisi. Fusce congue orci eu quam facilisis, eget venenatis eros viverra. In interdum odio id pharetra placerat. Vestibulum rutrum consectetur viverra. Etiam in laoreet enim. Donec et arcu id velit congue scelerisque eget vitae dui. Etiam vitae urna vel turpis rutrum posuere vel non urna. Donec at venenatis justo. Donec tortor ante, dapibus in pharetra in, vulputate sit amet diam.\r\n\r\nEtiam posuere justo orci, eu congue eros hendrerit quis. Vivamus interdum porttitor velit, ullamcorper suscipit nisl pharetra quis. Pellentesque varius neque quis est hendrerit, eu cursus lectus blandit. Fusce enim est, dictum sit amet fringilla sit amet, vehicula ut felis. Praesent vehicula convallis urna, nec interdum lacus varius in. Phasellus hendrerit sapien augue, feugiat rhoncus lectus feugiat eget. Nulla facilisi. Nullam rutrum dui et enim bibendum tincidunt. Nam odio elit, imperdiet ut cursus et, venenatis nec dui.\r\ninterdum aliquet, enim eros mattis magna, eu vehicula nisl risus ac lorem.	Lorem ipsum dolor sit amet, consectetur adipiscing elit. Duis tortor urna, bibendum eu quam eu, pretium scelerisque lacus. Integer aliquet augue sit amet eros ultricies eleifend. Nullam et leo vel lorem mollis aliquam. Mauris non arcu sit amet elit dignissim dapibus. Sed in aliquam nisi. Fusce congue orci eu quam facilisis, eget venenatis eros viverra. In interdum odio id pharetra placerat. Vestibulum rutrum consectetur viverra. Etiam in laoreet enim. Donec et arcu id velit congue scelerisque eget vitae dui. Etiam vitae urna vel turpis rutrum posuere vel non urna. Donec at venenatis justo. Donec tortor ante, dapibus in pharetra in, vulputate sit amet diam.\r\n\r\nEtiam posuere justo orci, eu congue eros hendrerit quis. Vivamus interdum porttitor velit, ullamcorper suscipit nisl pharetra quis. Pellentesque varius neque quis est hendrerit, eu cursus lectus blandit. Fusce enim est, dictum sit amet fringilla sit amet, vehicula ut felis. Praesent vehicula convallis urna, nec interdum lacus varius in. Phasellus hendrerit sapien augue, feugiat rhoncus lectus feugiat eget. Nulla facilisi. Nullam rutrum dui et enim bibendum tincidunt. Nam odio elit, imperdiet ut cursus et, venenatis nec dui.\r\ninterdum aliquet, enim eros mattis magna, eu vehicula nisl risus ac lorem.
CourtDecision_Affiliation	Affiliation	隶属机构
Movie_TitleSupplement	Title supplement	标题补充
ComputerProgram_HelpText	Lorem ipsum dolor sit amet, consectetur adipiscing elit. Duis tortor urna, bibendum eu quam eu, pretium scelerisque lacus. Integer aliquet augue sit amet eros ultricies eleifend. Nullam et leo vel lorem mollis aliquam. Mauris non arcu sit amet elit dignissim dapibus. Sed in aliquam nisi. Fusce congue orci eu quam facilisis, eget venenatis eros viverra. In interdum odio id pharetra placerat. Vestibulum rutrum consectetur viverra. Etiam in laoreet enim. Donec et arcu id velit congue scelerisque eget vitae dui. Etiam vitae urna vel turpis rutrum posuere vel non urna. Donec at venenatis justo. Donec tortor ante, dapibus in pharetra in, vulputate sit amet diam.\r\n\r\nEtiam posuere justo orci, eu congue eros hendrerit quis. Vivamus interdum porttitor velit, ullamcorper suscipit nisl pharetra quis. Pellentesque varius neque quis est hendrerit, eu cursus lectus blandit. Fusce enim est, dictum sit amet fringilla sit amet, vehicula ut felis. Praesent vehicula convallis urna, nec interdum lacus varius in. Phasellus hendrerit sapien augue, feugiat rhoncus lectus feugiat eget. Nulla facilisi. Nullam rutrum dui et enim bibendum tincidunt. Nam odio elit, imperdiet ut cursus et, venenatis nec dui.\r\ninterdum aliquet, enim eros mattis magna, eu vehicula nisl risus ac lorem.	Lorem ipsum dolor sit amet, consectetur adipiscing elit. Duis tortor urna, bibendum eu quam eu, pretium scelerisque lacus. Integer aliquet augue sit amet eros ultricies eleifend. Nullam et leo vel lorem mollis aliquam. Mauris non arcu sit amet elit dignissim dapibus. Sed in aliquam nisi. Fusce congue orci eu quam facilisis, eget venenatis eros viverra. In interdum odio id pharetra placerat. Vestibulum rutrum consectetur viverra. Etiam in laoreet enim. Donec et arcu id velit congue scelerisque eget vitae dui. Etiam vitae urna vel turpis rutrum posuere vel non urna. Donec at venenatis justo. Donec tortor ante, dapibus in pharetra in, vulputate sit amet diam.\r\n\r\nEtiam posuere justo orci, eu congue eros hendrerit quis. Vivamus interdum porttitor velit, ullamcorper suscipit nisl pharetra quis. Pellentesque varius neque quis est hendrerit, eu cursus lectus blandit. Fusce enim est, dictum sit amet fringilla sit amet, vehicula ut felis. Praesent vehicula convallis urna, nec interdum lacus varius in. Phasellus hendrerit sapien augue, feugiat rhoncus lectus feugiat eget. Nulla facilisi. Nullam rutrum dui et enim bibendum tincidunt. Nam odio elit, imperdiet ut cursus et, venenatis nec dui.\r\ninterdum aliquet, enim eros mattis magna, eu vehicula nisl risus ac lorem.
ConferenceProceedings_Edition	Edition	版次
ConferenceProceedings_Editors	Editor	编辑
SpecialIssue_Affiliation	Affiliation	隶属机构
File_Organizations	Organization	组织
Unknown_Volume	Volume in the series	丛书卷号
MusicTrack_Plural	Music Tracks	音乐曲目
BookEdited_PlaceOfPublication	Place of publication	出版地
JournalArticle	Journal Article	期刊文章
CourtDecision_SpecificField4	ECLI	ECLI
CourtDecision_SpecificField3	Type of decision	裁决类型
CourtDecision_SpecificField2	Case number	案号
CourtDecision_SpecificField1	Sections	章节
Manuscript	Manuscript	手稿
Lecture_Title	Title	标题
Patent_HelpText	Lorem ipsum dolor sit amet, consectetur adipiscing elit. Duis tortor urna, bibendum eu quam eu, pretium scelerisque lacus. Integer aliquet augue sit amet eros ultricies eleifend. Nullam et leo vel lorem mollis aliquam. Mauris non arcu sit amet elit dignissim dapibus. Sed in aliquam nisi. Fusce congue orci eu quam facilisis, eget venenatis eros viverra. In interdum odio id pharetra placerat. Vestibulum rutrum consectetur viverra. Etiam in laoreet enim. Donec et arcu id velit congue scelerisque eget vitae dui. Etiam vitae urna vel turpis rutrum posuere vel non urna. Donec at venenatis justo. Donec tortor ante, dapibus in pharetra in, vulputate sit amet diam.\r\n\r\nEtiam posuere justo orci, eu congue eros hendrerit quis. Vivamus interdum porttitor velit, ullamcorper suscipit nisl pharetra quis. Pellentesque varius neque quis est hendrerit, eu cursus lectus blandit. Fusce enim est, dictum sit amet fringilla sit amet, vehicula ut felis. Praesent vehicula convallis urna, nec interdum lacus varius in. Phasellus hendrerit sapien augue, feugiat rhoncus lectus feugiat eget. Nulla facilisi. Nullam rutrum dui et enim bibendum tincidunt. Nam odio elit, imperdiet ut cursus et, venenatis nec dui.\r\ninterdum aliquet, enim eros mattis magna, eu vehicula nisl risus ac lorem.	Lorem ipsum dolor sit amet, consectetur adipiscing elit. Duis tortor urna, bibendum eu quam eu, pretium scelerisque lacus. Integer aliquet augue sit amet eros ultricies eleifend. Nullam et leo vel lorem mollis aliquam. Mauris non arcu sit amet elit dignissim dapibus. Sed in aliquam nisi. Fusce congue orci eu quam facilisis, eget venenatis eros viverra. In interdum odio id pharetra placerat. Vestibulum rutrum consectetur viverra. Etiam in laoreet enim. Donec et arcu id velit congue scelerisque eget vitae dui. Etiam vitae urna vel turpis rutrum posuere vel non urna. Donec at venenatis justo. Donec tortor ante, dapibus in pharetra in, vulputate sit amet diam.\r\n\r\nEtiam posuere justo orci, eu congue eros hendrerit quis. Vivamus interdum porttitor velit, ullamcorper suscipit nisl pharetra quis. Pellentesque varius neque quis est hendrerit, eu cursus lectus blandit. Fusce enim est, dictum sit amet fringilla sit amet, vehicula ut felis. Praesent vehicula convallis urna, nec interdum lacus varius in. Phasellus hendrerit sapien augue, feugiat rhoncus lectus feugiat eget. Nulla facilisi. Nullam rutrum dui et enim bibendum tincidunt. Nam odio elit, imperdiet ut cursus et, venenatis nec dui.\r\ninterdum aliquet, enim eros mattis magna, eu vehicula nisl risus ac lorem.
Patent_Plural	Patents	专利
SpecialIssue_Title	Title	标题
SpecialIssue_AccessDate	Access date	访问日期
Contribution_TitleSupplement	Title supplement	标题补充
Unknown_Plural	Unknown	未知
Unknown_HelpText	Lorem ipsum dolor sit amet, consectetur adipiscing elit. Duis tortor urna, bibendum eu quam eu, pretium scelerisque lacus. Integer aliquet augue sit amet eros ultricies eleifend. Nullam et leo vel lorem mollis aliquam. Mauris non arcu sit amet elit dignissim dapibus. Sed in aliquam nisi. Fusce congue orci eu quam facilisis, eget venenatis eros viverra. In interdum odio id pharetra placerat. Vestibulum rutrum consectetur viverra. Etiam in laoreet enim. Donec et arcu id velit congue scelerisque eget vitae dui. Etiam vitae urna vel turpis rutrum posuere vel non urna. Donec at venenatis justo. Donec tortor ante, dapibus in pharetra in, vulputate sit amet diam.\r\n\r\nEtiam posuere justo orci, eu congue eros hendrerit quis. Vivamus interdum porttitor velit, ullamcorper suscipit nisl pharetra quis. Pellentesque varius neque quis est hendrerit, eu cursus lectus blandit. Fusce enim est, dictum sit amet fringilla sit amet, vehicula ut felis. Praesent vehicula convallis urna, nec interdum lacus varius in. Phasellus hendrerit sapien augue, feugiat rhoncus lectus feugiat eget. Nulla facilisi. Nullam rutrum dui et enim bibendum tincidunt. Nam odio elit, imperdiet ut cursus et, venenatis nec dui.\r\ninterdum aliquet, enim eros mattis magna, eu vehicula nisl risus ac lorem.	Lorem ipsum dolor sit amet, consectetur adipiscing elit. Duis tortor urna, bibendum eu quam eu, pretium scelerisque lacus. Integer aliquet augue sit amet eros ultricies eleifend. Nullam et leo vel lorem mollis aliquam. Mauris non arcu sit amet elit dignissim dapibus. Sed in aliquam nisi. Fusce congue orci eu quam facilisis, eget venenatis eros viverra. In interdum odio id pharetra placerat. Vestibulum rutrum consectetur viverra. Etiam in laoreet enim. Donec et arcu id velit congue scelerisque eget vitae dui. Etiam vitae urna vel turpis rutrum posuere vel non urna. Donec at venenatis justo. Donec tortor ante, dapibus in pharetra in, vulputate sit amet diam.\r\n\r\nEtiam posuere justo orci, eu congue eros hendrerit quis. Vivamus interdum porttitor velit, ullamcorper suscipit nisl pharetra quis. Pellentesque varius neque quis est hendrerit, eu cursus lectus blandit. Fusce enim est, dictum sit amet fringilla sit amet, vehicula ut felis. Praesent vehicula convallis urna, nec interdum lacus varius in. Phasellus hendrerit sapien augue, feugiat rhoncus lectus feugiat eget. Nulla facilisi. Nullam rutrum dui et enim bibendum tincidunt. Nam odio elit, imperdiet ut cursus et, venenatis nec dui.\r\ninterdum aliquet, enim eros mattis magna, eu vehicula nisl risus ac lorem.
MusicAlbum_Publishers	Publisher	出版社
NewsAgencyReport_OnlineAddress	Online address	在线地址
Map_Title	Title	标题
PersonalCommunication_HelpText	Lorem ipsum dolor sit amet, consectetur adipiscing elit. Duis tortor urna, bibendum eu quam eu, pretium scelerisque lacus. Integer aliquet augue sit amet eros ultricies eleifend. Nullam et leo vel lorem mollis aliquam. Mauris non arcu sit amet elit dignissim dapibus. Sed in aliquam nisi. Fusce congue orci eu quam facilisis, eget venenatis eros viverra. In interdum odio id pharetra placerat. Vestibulum rutrum consectetur viverra. Etiam in laoreet enim. Donec et arcu id velit congue scelerisque eget vitae dui. Etiam vitae urna vel turpis rutrum posuere vel non urna. Donec at venenatis justo. Donec tortor ante, dapibus in pharetra in, vulputate sit amet diam.\r\n\r\nEtiam posuere justo orci, eu congue eros hendrerit quis. Vivamus interdum porttitor velit, ullamcorper suscipit nisl pharetra quis. Pellentesque varius neque quis est hendrerit, eu cursus lectus blandit. Fusce enim est, dictum sit amet fringilla sit amet, vehicula ut felis. Praesent vehicula convallis urna, nec interdum lacus varius in. Phasellus hendrerit sapien augue, feugiat rhoncus lectus feugiat eget. Nulla facilisi. Nullam rutrum dui et enim bibendum tincidunt. Nam odio elit, imperdiet ut cursus et, venenatis nec dui.\r\ninterdum aliquet, enim eros mattis magna, eu vehicula nisl risus ac lorem.	Lorem ipsum dolor sit amet, consectetur adipiscing elit. Duis tortor urna, bibendum eu quam eu, pretium scelerisque lacus. Integer aliquet augue sit amet eros ultricies eleifend. Nullam et leo vel lorem mollis aliquam. Mauris non arcu sit amet elit dignissim dapibus. Sed in aliquam nisi. Fusce congue orci eu quam facilisis, eget venenatis eros viverra. In interdum odio id pharetra placerat. Vestibulum rutrum consectetur viverra. Etiam in laoreet enim. Donec et arcu id velit congue scelerisque eget vitae dui. Etiam vitae urna vel turpis rutrum posuere vel non urna. Donec at venenatis justo. Donec tortor ante, dapibus in pharetra in, vulputate sit amet diam.\r\n\r\nEtiam posuere justo orci, eu congue eros hendrerit quis. Vivamus interdum porttitor velit, ullamcorper suscipit nisl pharetra quis. Pellentesque varius neque quis est hendrerit, eu cursus lectus blandit. Fusce enim est, dictum sit amet fringilla sit amet, vehicula ut felis. Praesent vehicula convallis urna, nec interdum lacus varius in. Phasellus hendrerit sapien augue, feugiat rhoncus lectus feugiat eget. Nulla facilisi. Nullam rutrum dui et enim bibendum tincidunt. Nam odio elit, imperdiet ut cursus et, venenatis nec dui.\r\ninterdum aliquet, enim eros mattis magna, eu vehicula nisl risus ac lorem.
Standard_Organizations	Standards body	标准制定机构
Contribution_Collaborators	Collaborators	合著者
PressRelease_Organizations	Organization	组织
UnpublishedWork_Number	Number	编号
Patent_Volume	Bibliographic IPC	文献 IPC
Standard_Translators	Translator	译者
InternetDocument_Plural	Internet Documents	互联网文献
Book_Collaborators	Collaborators	合著者
NewsAgencyReport_HelpText	Lorem ipsum dolor sit amet, consectetur adipiscing elit. Duis tortor urna, bibendum eu quam eu, pretium scelerisque lacus. Integer aliquet augue sit amet eros ultricies eleifend. Nullam et leo vel lorem mollis aliquam. Mauris non arcu sit amet elit dignissim dapibus. Sed in aliquam nisi. Fusce congue orci eu quam facilisis, eget venenatis eros viverra. In interdum odio id pharetra placerat. Vestibulum rutrum consectetur viverra. Etiam in laoreet enim. Donec et arcu id velit congue scelerisque eget vitae dui. Etiam vitae urna vel turpis rutrum posuere vel non urna. Donec at venenatis justo. Donec tortor ante, dapibus in pharetra in, vulputate sit amet diam.\r\n\r\nEtiam posuere justo orci, eu congue eros hendrerit quis. Vivamus interdum porttitor velit, ullamcorper suscipit nisl pharetra quis. Pellentesque varius neque quis est hendrerit, eu cursus lectus blandit. Fusce enim est, dictum sit amet fringilla sit amet, vehicula ut felis. Praesent vehicula convallis urna, nec interdum lacus varius in. Phasellus hendrerit sapien augue, feugiat rhoncus lectus feugiat eget. Nulla facilisi. Nullam rutrum dui et enim bibendum tincidunt. Nam odio elit, imperdiet ut cursus et, venenatis nec dui.\r\ninterdum aliquet, enim eros mattis magna, eu vehicula nisl risus ac lorem.	Lorem ipsum dolor sit amet, consectetur adipiscing elit. Duis tortor urna, bibendum eu quam eu, pretium scelerisque lacus. Integer aliquet augue sit amet eros ultricies eleifend. Nullam et leo vel lorem mollis aliquam. Mauris non arcu sit amet elit dignissim dapibus. Sed in aliquam nisi. Fusce congue orci eu quam facilisis, eget venenatis eros viverra. In interdum odio id pharetra placerat. Vestibulum rutrum consectetur viverra. Etiam in laoreet enim. Donec et arcu id velit congue scelerisque eget vitae dui. Etiam vitae urna vel turpis rutrum posuere vel non urna. Donec at venenatis justo. Donec tortor ante, dapibus in pharetra in, vulputate sit amet diam.\r\n\r\nEtiam posuere justo orci, eu congue eros hendrerit quis. Vivamus interdum porttitor velit, ullamcorper suscipit nisl pharetra quis. Pellentesque varius neque quis est hendrerit, eu cursus lectus blandit. Fusce enim est, dictum sit amet fringilla sit amet, vehicula ut felis. Praesent vehicula convallis urna, nec interdum lacus varius in. Phasellus hendrerit sapien augue, feugiat rhoncus lectus feugiat eget. Nulla facilisi. Nullam rutrum dui et enim bibendum tincidunt. Nam odio elit, imperdiet ut cursus et, venenatis nec dui.\r\ninterdum aliquet, enim eros mattis magna, eu vehicula nisl risus ac lorem.
LegalCommentary_PlaceOfPublication	Place of publication	出版地
PersonalCommunication_Affiliation	Affiliation	隶属机构
JournalArticle_Title	Title	标题
AudioBook_StorageMedium	Medium	存储介质
JournalArticle_Date2	Online since	上线日期
InterviewMaterial_Collaborators	Interviewee	受访者
NewsAgencyReport_Affiliation	Affiliation	隶属机构
MusicTrack_ParentReference	In	收录于
AudioOrVideoDocument_Title	Title	标题
Manuscript_HelpText	Lorem ipsum dolor sit amet, consectetur adipiscing elit. Duis tortor urna, bibendum eu quam eu, pretium scelerisque lacus. Integer aliquet augue sit amet eros ultricies eleifend. Nullam et leo vel lorem mollis aliquam. Mauris non arcu sit amet elit dignissim dapibus. Sed in aliquam nisi. Fusce congue orci eu quam facilisis, eget venenatis eros viverra. In interdum odio id pharetra placerat. Vestibulum rutrum consectetur viverra. Etiam in laoreet enim. Donec et arcu id velit congue scelerisque eget vitae dui. Etiam vitae urna vel turpis rutrum posuere vel non urna. Donec at venenatis justo. Donec tortor ante, dapibus in pharetra in, vulputate sit amet diam.\r\n\r\nEtiam posuere justo orci, eu congue eros hendrerit quis. Vivamus interdum porttitor velit, ullamcorper suscipit nisl pharetra quis. Pellentesque varius neque quis est hendrerit, eu cursus lectus blandit. Fusce enim est, dictum sit amet fringilla sit amet, vehicula ut felis. Praesent vehicula convallis urna, nec interdum lacus varius in. Phasellus hendrerit sapien augue, feugiat rhoncus lectus feugiat eget. Nulla facilisi. Nullam rutrum dui et enim bibendum tincidunt. Nam odio elit, imperdiet ut cursus et, venenatis nec dui.\r\ninterdum aliquet, enim eros mattis magna, eu vehicula nisl risus ac lorem.	Lorem ipsum dolor sit amet, consectetur adipiscing elit. Duis tortor urna, bibendum eu quam eu, pretium scelerisque lacus. Integer aliquet augue sit amet eros ultricies eleifend. Nullam et leo vel lorem mollis aliquam. Mauris non arcu sit amet elit dignissim dapibus. Sed in aliquam nisi. Fusce congue orci eu quam facilisis, eget venenatis eros viverra. In interdum odio id pharetra placerat. Vestibulum rutrum consectetur viverra. Etiam in laoreet enim. Donec et arcu id velit congue scelerisque eget vitae dui. Etiam vitae urna vel turpis rutrum posuere vel non urna. Donec at venenatis justo. Donec tortor ante, dapibus in pharetra in, vulputate sit amet diam.\r\n\r\nEtiam posuere justo orci, eu congue eros hendrerit quis. Vivamus interdum porttitor velit, ullamcorper suscipit nisl pharetra quis. Pellentesque varius neque quis est hendrerit, eu cursus lectus blandit. Fusce enim est, dictum sit amet fringilla sit amet, vehicula ut felis. Praesent vehicula convallis urna, nec interdum lacus varius in. Phasellus hendrerit sapien augue, feugiat rhoncus lectus feugiat eget. Nulla facilisi. Nullam rutrum dui et enim bibendum tincidunt. Nam odio elit, imperdiet ut cursus et, venenatis nec dui.\r\ninterdum aliquet, enim eros mattis magna, eu vehicula nisl risus ac lorem.
InterviewMaterial_Authors	Interviewer	采访者
ConferenceProceedings_Affiliation	Affiliation	隶属机构
RadioPlay_PlaceOfPublication	Place of publication	出版地
ContributionInLegalCommentary_Volume	Supplement	增补
RadioPlay_Authors	Author	作者
InterviewMaterial_OnlineAddress	Online address	在线地址
CollectedWorks_Year	Year	年份
InterviewMaterial_HelpText	Lorem ipsum dolor sit amet, consectetur adipiscing elit. Duis tortor urna, bibendum eu quam eu, pretium scelerisque lacus. Integer aliquet augue sit amet eros ultricies eleifend. Nullam et leo vel lorem mollis aliquam. Mauris non arcu sit amet elit dignissim dapibus. Sed in aliquam nisi. Fusce congue orci eu quam facilisis, eget venenatis eros viverra. In interdum odio id pharetra placerat. Vestibulum rutrum consectetur viverra. Etiam in laoreet enim. Donec et arcu id velit congue scelerisque eget vitae dui. Etiam vitae urna vel turpis rutrum posuere vel non urna. Donec at venenatis justo. Donec tortor ante, dapibus in pharetra in, vulputate sit amet diam.\r\n\r\nEtiam posuere justo orci, eu congue eros hendrerit quis. Vivamus interdum porttitor velit, ullamcorper suscipit nisl pharetra quis. Pellentesque varius neque quis est hendrerit, eu cursus lectus blandit. Fusce enim est, dictum sit amet fringilla sit amet, vehicula ut felis. Praesent vehicula convallis urna, nec interdum lacus varius in. Phasellus hendrerit sapien augue, feugiat rhoncus lectus feugiat eget. Nulla facilisi. Nullam rutrum dui et enim bibendum tincidunt. Nam odio elit, imperdiet ut cursus et, venenatis nec dui.\r\ninterdum aliquet, enim eros mattis magna, eu vehicula nisl risus ac lorem.	Lorem ipsum dolor sit amet, consectetur adipiscing elit. Duis tortor urna, bibendum eu quam eu, pretium scelerisque lacus. Integer aliquet augue sit amet eros ultricies eleifend. Nullam et leo vel lorem mollis aliquam. Mauris non arcu sit amet elit dignissim dapibus. Sed in aliquam nisi. Fusce congue orci eu quam facilisis, eget venenatis eros viverra. In interdum odio id pharetra placerat. Vestibulum rutrum consectetur viverra. Etiam in laoreet enim. Donec et arcu id velit congue scelerisque eget vitae dui. Etiam vitae urna vel turpis rutrum posuere vel non urna. Donec at venenatis justo. Donec tortor ante, dapibus in pharetra in, vulputate sit amet diam.\r\n\r\nEtiam posuere justo orci, eu congue eros hendrerit quis. Vivamus interdum porttitor velit, ullamcorper suscipit nisl pharetra quis. Pellentesque varius neque quis est hendrerit, eu cursus lectus blandit. Fusce enim est, dictum sit amet fringilla sit amet, vehicula ut felis. Praesent vehicula convallis urna, nec interdum lacus varius in. Phasellus hendrerit sapien augue, feugiat rhoncus lectus feugiat eget. Nulla facilisi. Nullam rutrum dui et enim bibendum tincidunt. Nam odio elit, imperdiet ut cursus et, venenatis nec dui.\r\ninterdum aliquet, enim eros mattis magna, eu vehicula nisl risus ac lorem.
CollectedWorks_Isbn	ISBN	ISBN
Unknown_NumberOfVolumes	Number of volumes	卷数
Contribution	Contribution	篇章
MusicTrack_Title	Title	标题
Lecture_Date	Date	日期
JournalArticle_Year	Year	年份
File_Collaborators	Client / Subject	客户/对象
NewsAgencyReport_Date	Date	日期
Unknown_Affiliation	Affiliation	隶属机构
SpecialIssue_Periodical	Periodical	期刊
Thesis_Translators	Translator	译者
Unknown_OnlineAddress	Online address	在线地址
StatuteOrRegulation	Statute or Regulation	法规或条例
Movie_HelpText	Lorem ipsum dolor sit amet, consectetur adipiscing elit. Duis tortor urna, bibendum eu quam eu, pretium scelerisque lacus. Integer aliquet augue sit amet eros ultricies eleifend. Nullam et leo vel lorem mollis aliquam. Mauris non arcu sit amet elit dignissim dapibus. Sed in aliquam nisi. Fusce congue orci eu quam facilisis, eget venenatis eros viverra. In interdum odio id pharetra placerat. Vestibulum rutrum consectetur viverra. Etiam in laoreet enim. Donec et arcu id velit congue scelerisque eget vitae dui. Etiam vitae urna vel turpis rutrum posuere vel non urna. Donec at venenatis justo. Donec tortor ante, dapibus in pharetra in, vulputate sit amet diam.\r\n\r\nEtiam posuere justo orci, eu congue eros hendrerit quis. Vivamus interdum porttitor velit, ullamcorper suscipit nisl pharetra quis. Pellentesque varius neque quis est hendrerit, eu cursus lectus blandit. Fusce enim est, dictum sit amet fringilla sit amet, vehicula ut felis. Praesent vehicula convallis urna, nec interdum lacus varius in. Phasellus hendrerit sapien augue, feugiat rhoncus lectus feugiat eget. Nulla facilisi. Nullam rutrum dui et enim bibendum tincidunt. Nam odio elit, imperdiet ut cursus et, venenatis nec dui.\r\ninterdum aliquet, enim eros mattis magna, eu vehicula nisl risus ac lorem.	Lorem ipsum dolor sit amet, consectetur adipiscing elit. Duis tortor urna, bibendum eu quam eu, pretium scelerisque lacus. Integer aliquet augue sit amet eros ultricies eleifend. Nullam et leo vel lorem mollis aliquam. Mauris non arcu sit amet elit dignissim dapibus. Sed in aliquam nisi. Fusce congue orci eu quam facilisis, eget venenatis eros viverra. In interdum odio id pharetra placerat. Vestibulum rutrum consectetur viverra. Etiam in laoreet enim. Donec et arcu id velit congue scelerisque eget vitae dui. Etiam vitae urna vel turpis rutrum posuere vel non urna. Donec at venenatis justo. Donec tortor ante, dapibus in pharetra in, vulputate sit amet diam.\r\n\r\nEtiam posuere justo orci, eu congue eros hendrerit quis. Vivamus interdum porttitor velit, ullamcorper suscipit nisl pharetra quis. Pellentesque varius neque quis est hendrerit, eu cursus lectus blandit. Fusce enim est, dictum sit amet fringilla sit amet, vehicula ut felis. Praesent vehicula convallis urna, nec interdum lacus varius in. Phasellus hendrerit sapien augue, feugiat rhoncus lectus feugiat eget. Nulla facilisi. Nullam rutrum dui et enim bibendum tincidunt. Nam odio elit, imperdiet ut cursus et, venenatis nec dui.\r\ninterdum aliquet, enim eros mattis magna, eu vehicula nisl risus ac lorem.
File	File	文件
Book	Book	图书
RadioPlay_TitleSupplement	Title supplement	标题补充
